order_id,product_id,quantity,discount_pct,unit_cost,unit_price,gross_sales,discount_amount,net_sales,total_cost,gross_margin
O00001,P0081,2,20,65.97,189.84,379.68,75.936,303.744,131.94,171.80400000000003
O00002,P0027,3,5,58.79,135.79,407.37,20.368499999999997,387.0015,176.37,210.63150000000002
O00003,P0075,2,5,74.85,125.1,250.2,12.51,237.69,149.7,87.99000000000001
O00004,P0055,5,20,41.8,86.18,430.90000000000003,86.18,344.72,209.0,135.72000000000003
O00005,P0087,2,0,32.13,56.17,112.34,0.0,112.34,64.26,48.08
O00006,P0015,3,20,75.36,201.05,603.1500000000001,120.63000000000002,482.5200000000001,226.07999999999998,256.4400000000001
O00007,P0052,5,10,32.44,49.78,248.9,24.89,224.01,162.2,61.81
O00008,P0031,4,20,74.22,112.69,450.76,90.152,360.608,296.88,63.72800000000001
O00009,P0090,2,5,41.64,111.21,222.42,11.120999999999999,211.29899999999998,83.28,128.01899999999998
O00010,P0007,4,15,49.51,86.65,346.6,51.99,294.61,198.04,96.57000000000002
O00011,P0013,2,10,44.88,117.97,235.94,23.594,212.346,89.76,122.586
O00012,P0054,1,10,35.85,95.25,95.25,9.525,85.725,35.85,49.87499999999999
O00013,P0013,1,10,44.88,117.97,117.97,11.797,106.173,44.88,61.293
O00014,P0020,3,25,69.56,183.08,549.24,137.31,411.93,208.68,203.25
O00015,P0098,1,10,37.4,104.38,104.38,10.437999999999999,93.942,37.4,56.541999999999994
O00016,P0010,5,5,72.98,190.64,953.1999999999999,47.66,905.54,364.90000000000003,540.6399999999999
O00017,P0052,5,20,32.44,49.78,248.9,49.78,199.12,162.2,36.920000000000016
O00018,P0037,2,5,60.29,177.17,354.34,17.717,336.623,120.58,216.043
O00019,P0052,4,5,32.44,49.78,199.12,9.956,189.16400000000002,129.76,59.404000000000025
O00020,P0027,5,0,58.79,135.79,678.9499999999999,0.0,678.9499999999999,293.95,384.99999999999994
O00021,P0034,2,20,44.35,114.17,228.34,45.668,182.672,88.7,93.972
O00022,P0100,4,5,14.66,26.05,104.2,5.21,98.99000000000001,58.64,40.35000000000001
O00023,P0062,1,5,10.19,18.89,18.89,0.9445,17.9455,10.19,7.7555
O00024,P0016,2,20,10.53,18.06,36.12,7.224,28.895999999999997,21.06,7.8359999999999985
O00025,P0059,4,15,57.92,159.9,639.6,95.94,543.6600000000001,231.68,311.9800000000001
O00026,P0021,3,0,16.15,26.72,80.16,0.0,80.16,48.449999999999996,31.71
O00027,P0016,3,15,10.53,18.06,54.17999999999999,8.126999999999999,46.053,31.589999999999996,14.463000000000001
O00028,P0081,5,20,65.97,189.84,949.2,189.84,759.36,329.85,429.51
O00029,P0079,4,0,67.96,149.41,597.64,0.0,597.64,271.84,325.8
O00030,P0013,3,15,44.88,117.97,353.90999999999997,53.086499999999994,300.82349999999997,134.64000000000001,166.18349999999995
O00031,P0033,5,10,78.25,183.75,918.75,91.875,826.875,391.25,435.625
O00032,P0054,2,10,35.85,95.25,190.5,19.05,171.45,71.7,99.74999999999999
O00033,P0069,2,10,62.22,150.06,300.12,30.011999999999997,270.108,124.44,145.668
O00034,P0027,4,10,58.79,135.79,543.16,54.315999999999995,488.844,235.16,253.684
O00035,P0052,4,0,32.44,49.78,199.12,0.0,199.12,129.76,69.36000000000001
O00036,P0065,4,15,52.43,144.51,578.04,86.70599999999999,491.33399999999995,209.72,281.6139999999999
O00037,P0044,4,0,23.97,40.96,163.84,0.0,163.84,95.88,67.96000000000001
O00038,P0030,3,10,50.32,133.74,401.22,40.122,361.098,150.96,210.138
O00039,P0023,3,0,13.9,28.75,86.25,0.0,86.25,41.7,44.55
O00040,P0079,5,15,67.96,149.41,747.05,112.0575,634.9925,339.79999999999995,295.1925
O00041,P0100,3,5,14.66,26.05,78.15,3.9075,74.2425,43.980000000000004,30.262500000000003
O00042,P0083,2,10,23.05,35.71,71.42,7.142,64.278,46.1,18.178000000000004
O00043,P0094,5,5,47.78,108.59,542.95,27.1475,515.8025,238.9,276.90250000000003
O00044,P0016,3,15,10.53,18.06,54.17999999999999,8.126999999999999,46.053,31.589999999999996,14.463000000000001
O00045,P0055,4,10,41.8,86.18,344.72,34.472,310.24800000000005,167.2,143.04800000000006
O00046,P0018,3,15,35.57,91.45,274.35,41.1525,233.19750000000002,106.71000000000001,126.48750000000001
O00047,P0090,1,0,41.64,111.21,111.21,0.0,111.21,41.64,69.57
O00048,P0017,5,0,25.77,46.56,232.8,0.0,232.8,128.85,103.95000000000002
O00049,P0075,3,10,74.85,125.1,375.29999999999995,37.529999999999994,337.77,224.54999999999998,113.22
O00050,P0052,3,20,32.44,49.78,149.34,29.868000000000002,119.47200000000001,97.32,22.152000000000015
O00051,P0045,2,0,61.54,101.61,203.22,0.0,203.22,123.08,80.14
O00052,P0056,4,0,48.4,77.6,310.4,0.0,310.4,193.6,116.79999999999998
O00053,P0093,4,0,53.69,97.66,390.64,0.0,390.64,214.76,175.88
O00054,P0054,2,10,35.85,95.25,190.5,19.05,171.45,71.7,99.74999999999999
O00055,P0009,2,5,33.62,75.41,150.82,7.5409999999999995,143.279,67.24,76.039
O00056,P0017,1,15,25.77,46.56,46.56,6.984000000000001,39.576,25.77,13.806000000000001
O00057,P0027,5,0,58.79,135.79,678.9499999999999,0.0,678.9499999999999,293.95,384.99999999999994
O00058,P0037,4,0,60.29,177.17,708.68,0.0,708.68,241.16,467.52
O00059,P0022,2,5,66.41,153.06,306.12,15.306,290.814,132.82,157.99400000000003
O00060,P0072,2,10,79.37,143.53,287.06,28.706,258.354,158.74,99.61399999999998
O00061,P0067,5,10,17.47,34.37,171.85,17.185,154.665,87.35,67.315
O00062,P0038,2,0,47.45,95.55,191.1,0.0,191.1,94.9,96.19999999999999
O00063,P0099,1,20,47.23,108.75,108.75,21.75,87.0,47.23,39.77
O00064,P0096,5,5,50.42,110.34,551.7,27.585,524.115,252.10000000000002,272.015
O00065,P0072,1,15,79.37,143.53,143.53,21.5295,122.0005,79.37,42.6305
O00066,P0044,3,10,23.97,40.96,122.88,12.288,110.592,71.91,38.682
O00067,P0091,4,0,59.96,114.91,459.64,0.0,459.64,239.84,219.79999999999998
O00068,P0096,2,15,50.42,110.34,220.68,33.102000000000004,187.578,100.84,86.738
O00069,P0036,5,15,67.46,184.85,924.25,138.6375,785.6125,337.29999999999995,448.3125
O00070,P0098,1,5,37.4,104.38,104.38,5.218999999999999,99.161,37.4,61.761
O00071,P0025,4,10,13.61,32.74,130.96,13.096000000000002,117.864,54.44,63.42400000000001
O00072,P0095,4,5,40.71,120.64,482.56,24.128,458.432,162.84,295.592
O00073,P0042,2,10,77.76,188.37,376.74,37.674,339.06600000000003,155.52,183.54600000000002
O00074,P0013,4,5,44.88,117.97,471.88,23.594,448.286,179.52,268.76599999999996
O00075,P0056,2,15,48.4,77.6,155.2,23.28,131.92,96.8,35.11999999999999
O00076,P0079,3,0,67.96,149.41,448.23,0.0,448.23,203.88,244.35000000000002
O00077,P0051,2,0,75.24,202.03,404.06,0.0,404.06,150.48,253.58
O00078,P0050,1,5,45.43,130.75,130.75,6.5375,124.2125,45.43,78.7825
O00079,P0077,4,0,13.37,37.37,149.48,0.0,149.48,53.48,96.0
O00080,P0052,4,10,32.44,49.78,199.12,19.912,179.208,129.76,49.44800000000001
O00081,P0033,4,0,78.25,183.75,735.0,0.0,735.0,313.0,422.0
O00082,P0095,2,15,40.71,120.64,241.28,36.192,205.088,81.42,123.66799999999999
O00083,P0025,5,0,13.61,32.74,163.70000000000002,0.0,163.70000000000002,68.05,95.65000000000002
O00084,P0058,2,15,24.12,39.95,79.9,11.985,67.915,48.24,19.675000000000004
O00085,P0040,1,10,68.7,146.7,146.7,14.67,132.03,68.7,63.33
O00086,P0087,2,25,32.13,56.17,112.34,28.085,84.255,64.26,19.99499999999999
O00087,P0038,4,25,47.45,95.55,382.2,95.55,286.65,189.8,96.84999999999997
O00088,P0003,3,20,50.89,109.28,327.84000000000003,65.56800000000001,262.27200000000005,152.67000000000002,109.60200000000003
O00089,P0016,1,15,10.53,18.06,18.06,2.7089999999999996,15.350999999999999,10.53,4.821
O00090,P0002,3,5,43.57,100.83,302.49,15.124500000000001,287.3655,130.71,156.6555
O00091,P0023,1,15,13.9,28.75,28.75,4.3125,24.4375,13.9,10.5375
O00092,P0098,1,25,37.4,104.38,104.38,26.095,78.285,37.4,40.885
O00093,P0030,4,0,50.32,133.74,534.96,0.0,534.96,201.28,333.68000000000006
O00094,P0010,2,10,72.98,190.64,381.28,38.128,343.152,145.96,197.19199999999998
O00095,P0065,4,0,52.43,144.51,578.04,0.0,578.04,209.72,368.31999999999994
O00096,P0022,4,10,66.41,153.06,612.24,61.224,551.016,265.64,285.376
O00097,P0052,4,10,32.44,49.78,199.12,19.912,179.208,129.76,49.44800000000001
O00098,P0056,3,10,48.4,77.6,232.79999999999998,23.28,209.51999999999998,145.2,64.32
O00099,P0033,1,10,78.25,183.75,183.75,18.375,165.375,78.25,87.125
O00100,P0089,5,25,57.81,113.72,568.6,142.15,426.45000000000005,289.05,137.40000000000003
O00101,P0086,2,10,73.55,174.05,348.1,34.81,313.29,147.1,166.19000000000003
O00102,P0080,4,15,62.54,138.92,555.68,83.35199999999999,472.328,250.16,222.16799999999998
O00103,P0030,1,5,50.32,133.74,133.74,6.687,127.05300000000001,50.32,76.733
O00104,P0082,2,5,67.76,161.31,322.62,16.131,306.48900000000003,135.52,170.96900000000002
O00105,P0024,5,10,68.96,150.71,753.5500000000001,75.355,678.195,344.79999999999995,333.3950000000001
O00106,P0005,5,5,49.04,127.3,636.5,31.825,604.675,245.2,359.47499999999997
O00107,P0053,4,5,51.57,127.74,510.96,25.548,485.412,206.28,279.13199999999995
O00108,P0055,5,10,41.8,86.18,430.90000000000003,43.09,387.81000000000006,209.0,178.81000000000006
O00109,P0023,5,10,13.9,28.75,143.75,14.375,129.375,69.5,59.875
O00110,P0091,2,10,59.96,114.91,229.82,22.982,206.838,119.92,86.91799999999999
O00111,P0076,2,5,60.51,128.39,256.78,12.838999999999999,243.94099999999997,121.02,122.92099999999998
O00112,P0010,4,5,72.98,190.64,762.56,38.128,724.4319999999999,291.92,432.5119999999999
O00113,P0098,1,10,37.4,104.38,104.38,10.437999999999999,93.942,37.4,56.541999999999994
O00114,P0033,4,0,78.25,183.75,735.0,0.0,735.0,313.0,422.0
O00115,P0080,3,5,62.54,138.92,416.76,20.838,395.92199999999997,187.62,208.30199999999996
O00116,P0093,5,0,53.69,97.66,488.29999999999995,0.0,488.29999999999995,268.45,219.84999999999997
O00117,P0062,1,0,10.19,18.89,18.89,0.0,18.89,10.19,8.700000000000001
O00118,P0082,2,0,67.76,161.31,322.62,0.0,322.62,135.52,187.1
O00119,P0027,3,0,58.79,135.79,407.37,0.0,407.37,176.37,231.0
O00120,P0007,3,0,49.51,86.65,259.95000000000005,0.0,259.95000000000005,148.53,111.42000000000004
O00121,P0100,5,10,14.66,26.05,130.25,13.025,117.225,73.3,43.925
O00122,P0027,2,0,58.79,135.79,271.58,0.0,271.58,117.58,154.0
O00123,P0074,1,5,36.55,87.92,87.92,4.396,83.524,36.55,46.974000000000004
O00124,P0010,2,20,72.98,190.64,381.28,76.256,305.024,145.96,159.064
O00125,P0075,5,15,74.85,125.1,625.5,93.825,531.675,374.25,157.42499999999995
O00126,P0057,3,5,48.42,78.25,234.75,11.7375,223.0125,145.26,77.7525
O00127,P0030,5,20,50.32,133.74,668.7,133.74,534.96,251.6,283.36
O00128,P0003,4,5,50.89,109.28,437.12,21.855999999999998,415.264,203.56,211.704
O00129,P0029,3,0,72.76,153.77,461.31000000000006,0.0,461.31000000000006,218.28000000000003,243.03000000000003
O00130,P0014,5,25,33.12,84.8,424.0,106.0,318.0,165.6,152.4
O00131,P0077,1,20,13.37,37.37,37.37,7.474,29.895999999999997,13.37,16.525999999999996
O00132,P0083,1,10,23.05,35.71,35.71,3.571,32.139,23.05,9.089000000000002
O00133,P0025,1,10,13.61,32.74,32.74,3.2740000000000005,29.466,13.61,15.856000000000002
O00134,P0010,4,10,72.98,190.64,762.56,76.256,686.304,291.92,394.38399999999996
O00135,P0079,2,0,67.96,149.41,298.82,0.0,298.82,135.92,162.9
O00136,P0092,1,0,72.98,133.56,133.56,0.0,133.56,72.98,60.58
O00137,P0049,4,10,16.11,26.63,106.52,10.652000000000001,95.868,64.44,31.427999999999997
O00138,P0038,1,20,47.45,95.55,95.55,19.11,76.44,47.45,28.989999999999995
O00139,P0071,4,0,75.31,197.04,788.16,0.0,788.16,301.24,486.91999999999996
O00140,P0014,1,15,33.12,84.8,84.8,12.72,72.08,33.12,38.96
O00141,P0030,2,0,50.32,133.74,267.48,0.0,267.48,100.64,166.84000000000003
O00142,P0040,5,10,68.7,146.7,733.5,73.35,660.15,343.5,316.65
O00143,P0012,1,10,27.1,81.21,81.21,8.120999999999999,73.089,27.1,45.989
O00144,P0092,5,10,72.98,133.56,667.8,66.78,601.02,364.90000000000003,236.11999999999995
O00145,P0014,1,0,33.12,84.8,84.8,0.0,84.8,33.12,51.68
O00146,P0001,2,5,55.42,102.17,204.34,10.217,194.123,110.84,83.28299999999999
O00147,P0068,5,10,69.55,128.05,640.25,64.025,576.225,347.75,228.47500000000002
O00148,P0049,4,0,16.11,26.63,106.52,0.0,106.52,64.44,42.08
O00149,P0018,1,0,35.57,91.45,91.45,0.0,91.45,35.57,55.88
O00150,P0036,1,10,67.46,184.85,184.85,18.485,166.365,67.46,98.90500000000002
O00151,P0064,4,10,43.12,76.73,306.92,30.692000000000004,276.228,172.48,103.74800000000002
O00152,P0096,2,0,50.42,110.34,220.68,0.0,220.68,100.84,119.84
O00153,P0028,3,10,79.81,177.94,533.8199999999999,53.38199999999999,480.43799999999993,239.43,241.00799999999992
O00154,P0092,1,20,72.98,133.56,133.56,26.712,106.848,72.98,33.867999999999995
O00155,P0032,4,0,10.37,24.86,99.44,0.0,99.44,41.48,57.96
O00156,P0072,3,10,79.37,143.53,430.59000000000003,43.059000000000005,387.531,238.11,149.421
O00157,P0025,1,0,13.61,32.74,32.74,0.0,32.74,13.61,19.130000000000003
O00158,P0047,5,0,59.51,154.08,770.4000000000001,0.0,770.4000000000001,297.55,472.8500000000001
O00159,P0020,4,0,69.56,183.08,732.32,0.0,732.32,278.24,454.08000000000004
O00160,P0033,5,5,78.25,183.75,918.75,45.9375,872.8125,391.25,481.5625
O00161,P0030,2,15,50.32,133.74,267.48,40.122,227.358,100.64,126.718
O00162,P0037,3,5,60.29,177.17,531.51,26.5755,504.9345,180.87,324.0645
O00163,P0080,4,10,62.54,138.92,555.68,55.56799999999999,500.11199999999997,250.16,249.95199999999997
O00164,P0053,1,5,51.57,127.74,127.74,6.387,121.353,51.57,69.78299999999999
O00165,P0089,1,0,57.81,113.72,113.72,0.0,113.72,57.81,55.91
O00166,P0074,3,10,36.55,87.92,263.76,26.375999999999998,237.384,109.64999999999999,127.734
O00167,P0069,5,15,62.22,150.06,750.3,112.545,637.755,311.1,326.655
O00168,P0008,5,15,36.51,102.88,514.4,77.16,437.24,182.54999999999998,254.69000000000003
O00169,P0097,4,15,34.88,81.48,325.92,48.888000000000005,277.03200000000004,139.52,137.51200000000003
O00170,P0001,4,5,55.42,102.17,408.68,20.434,388.246,221.68,166.56599999999997
O00171,P0095,5,15,40.71,120.64,603.2,90.48,512.72,203.55,309.17
O00172,P0007,4,0,49.51,86.65,346.6,0.0,346.6,198.04,148.56000000000003
O00173,P0062,5,15,10.19,18.89,94.45,14.1675,80.2825,50.949999999999996,29.332500000000003
O00174,P0087,3,20,32.13,56.17,168.51,33.702,134.808,96.39000000000001,38.41799999999998
O00175,P0058,4,0,24.12,39.95,159.8,0.0,159.8,96.48,63.32000000000001
O00176,P0088,5,5,51.18,79.37,396.85,19.8425,377.00750000000005,255.9,121.10750000000004
O00177,P0078,4,10,64.71,186.65,746.6,74.66,671.94,258.84,413.1000000000001
O00178,P0087,1,15,32.13,56.17,56.17,8.425500000000001,47.7445,32.13,15.6145
O00179,P0073,1,0,24.35,65.3,65.3,0.0,65.3,24.35,40.949999999999996
O00180,P0008,2,25,36.51,102.88,205.76,51.44,154.32,73.02,81.3
O00181,P0064,5,10,43.12,76.73,383.65000000000003,38.365,345.285,215.6,129.68500000000003
O00182,P0008,2,0,36.51,102.88,205.76,0.0,205.76,73.02,132.74
O00183,P0003,5,0,50.89,109.28,546.4,0.0,546.4,254.45,291.95
O00184,P0058,4,15,24.12,39.95,159.8,23.97,135.83,96.48,39.35000000000001
O00185,P0032,5,0,10.37,24.86,124.3,0.0,124.3,51.849999999999994,72.45
O00186,P0068,1,0,69.55,128.05,128.05,0.0,128.05,69.55,58.500000000000014
O00187,P0049,4,10,16.11,26.63,106.52,10.652000000000001,95.868,64.44,31.427999999999997
O00188,P0038,1,10,47.45,95.55,95.55,9.555,85.995,47.45,38.545
O00189,P0002,4,10,43.57,100.83,403.32,40.332,362.988,174.28,188.708
O00190,P0009,5,5,33.62,75.41,377.04999999999995,18.8525,358.19749999999993,168.1,190.09749999999994
O00191,P0046,5,15,47.09,88.72,443.6,66.54,377.06,235.45000000000002,141.60999999999999
O00192,P0065,1,25,52.43,144.51,144.51,36.1275,108.3825,52.43,55.95249999999999
O00193,P0049,3,5,16.11,26.63,79.89,3.9945,75.8955,48.33,27.5655
O00194,P0075,5,15,74.85,125.1,625.5,93.825,531.675,374.25,157.42499999999995
O00195,P0029,3,20,72.76,153.77,461.31000000000006,92.262,369.04800000000006,218.28000000000003,150.76800000000003
O00196,P0090,4,10,41.64,111.21,444.84,44.483999999999995,400.356,166.56,233.796
O00197,P0091,3,10,59.96,114.91,344.73,34.473,310.257,179.88,130.377
O00198,P0029,1,0,72.76,153.77,153.77,0.0,153.77,72.76,81.01
O00199,P0033,2,10,78.25,183.75,367.5,36.75,330.75,156.5,174.25
O00200,P0028,2,10,79.81,177.94,355.88,35.588,320.292,159.62,160.67199999999997
O00201,P0095,1,15,40.71,120.64,120.64,18.096,102.544,40.71,61.833999999999996
O00202,P0083,2,25,23.05,35.71,71.42,17.855,53.565,46.1,7.464999999999996
O00203,P0026,1,0,11.28,25.42,25.42,0.0,25.42,11.28,14.140000000000002
O00204,P0029,5,0,72.76,153.77,768.85,0.0,768.85,363.8,405.05
O00205,P0011,3,0,52.53,123.96,371.88,0.0,371.88,157.59,214.29
O00206,P0096,2,15,50.42,110.34,220.68,33.102000000000004,187.578,100.84,86.738
O00207,P0085,5,0,54.36,101.78,508.9,0.0,508.9,271.8,237.09999999999997
O00208,P0034,2,10,44.35,114.17,228.34,22.834,205.506,88.7,116.806
O00209,P0086,4,5,73.55,174.05,696.2,34.81,661.3900000000001,294.2,367.1900000000001
O00210,P0048,1,10,63.74,152.3,152.3,15.23,137.07000000000002,63.74,73.33000000000001
O00211,P0027,1,0,58.79,135.79,135.79,0.0,135.79,58.79,77.0
O00212,P0072,5,20,79.37,143.53,717.65,143.53,574.12,396.85,177.26999999999998
O00213,P0040,4,10,68.7,146.7,586.8,58.68,528.12,274.8,253.32
O00214,P0031,3,20,74.22,112.69,338.07,67.61399999999999,270.456,222.66,47.79600000000002
O00215,P0065,4,10,52.43,144.51,578.04,57.803999999999995,520.236,209.72,310.51599999999996
O00216,P0039,4,0,43.36,79.83,319.32,0.0,319.32,173.44,145.88
O00217,P0098,3,0,37.4,104.38,313.14,0.0,313.14,112.19999999999999,200.94
O00218,P0024,3,25,68.96,150.71,452.13,113.0325,339.09749999999997,206.88,132.21749999999997
O00219,P0092,4,15,72.98,133.56,534.24,80.13600000000001,454.104,291.92,162.18399999999997
O00220,P0068,2,0,69.55,128.05,256.1,0.0,256.1,139.1,117.00000000000003
O00221,P0082,2,15,67.76,161.31,322.62,48.393,274.227,135.52,138.70699999999997
O00222,P0093,4,5,53.69,97.66,390.64,19.531999999999996,371.108,214.76,156.348
O00223,P0023,2,5,13.9,28.75,57.5,2.875,54.625,27.8,26.825
O00224,P0061,3,0,19.72,33.21,99.63,0.0,99.63,59.16,40.47
O00225,P0027,3,15,58.79,135.79,407.37,61.1055,346.2645,176.37,169.8945
O00226,P0016,2,0,10.53,18.06,36.12,0.0,36.12,21.06,15.059999999999999
O00227,P0045,3,5,61.54,101.61,304.83,15.241499999999998,289.5885,184.62,104.9685
O00228,P0027,1,5,58.79,135.79,135.79,6.789499999999999,129.0005,58.79,70.2105
O00229,P0073,3,0,24.35,65.3,195.89999999999998,0.0,195.89999999999998,73.05000000000001,122.84999999999997
O00230,P0005,4,10,49.04,127.3,509.2,50.92,458.28,196.16,262.12
O00231,P0059,5,0,57.92,159.9,799.5,0.0,799.5,289.6,509.9
O00232,P0072,2,5,79.37,143.53,287.06,14.353,272.707,158.74,113.96699999999998
O00233,P0082,2,20,67.76,161.31,322.62,64.524,258.096,135.52,122.576
O00234,P0035,3,5,60.6,145.35,436.04999999999995,21.8025,414.24749999999995,181.8,232.44749999999993
O00235,P0070,3,5,38.6,79.86,239.57999999999998,11.979,227.601,115.80000000000001,111.80099999999999
O00236,P0087,5,10,32.13,56.17,280.85,28.085,252.76500000000001,160.65,92.11500000000001
O00237,P0046,5,10,47.09,88.72,443.6,44.36,399.24,235.45000000000002,163.79
O00238,P0090,4,15,41.64,111.21,444.84,66.726,378.114,166.56,211.55399999999997
O00239,P0056,1,0,48.4,77.6,77.6,0.0,77.6,48.4,29.199999999999996
O00240,P0024,4,20,68.96,150.71,602.84,120.56800000000001,482.27200000000005,275.84,206.43200000000007
O00241,P0010,2,15,72.98,190.64,381.28,57.192,324.08799999999997,145.96,178.12799999999996
O00242,P0079,3,15,67.96,149.41,448.23,67.23450000000001,380.9955,203.88,177.1155
O00243,P0038,4,0,47.45,95.55,382.2,0.0,382.2,189.8,192.39999999999998
O00244,P0084,3,0,26.5,76.03,228.09,0.0,228.09,79.5,148.59
O00245,P0093,3,10,53.69,97.66,292.98,29.298000000000002,263.682,161.07,102.61200000000002
O00246,P0070,4,20,38.6,79.86,319.44,63.888000000000005,255.552,154.4,101.15199999999999
O00247,P0048,4,10,63.74,152.3,609.2,60.92,548.2800000000001,254.96,293.32000000000005
O00248,P0009,5,0,33.62,75.41,377.04999999999995,0.0,377.04999999999995,168.1,208.94999999999996
O00249,P0050,1,0,45.43,130.75,130.75,0.0,130.75,45.43,85.32
O00250,P0069,5,10,62.22,150.06,750.3,75.03,675.27,311.1,364.16999999999996
O00251,P0048,1,15,63.74,152.3,152.3,22.845,129.455,63.74,65.715
O00252,P0039,4,0,43.36,79.83,319.32,0.0,319.32,173.44,145.88
O00253,P0083,1,0,23.05,35.71,35.71,0.0,35.71,23.05,12.66
O00254,P0005,2,5,49.04,127.3,254.6,12.73,241.87,98.08,143.79000000000002
O00255,P0084,5,10,26.5,76.03,380.15,38.015,342.135,132.5,209.635
O00256,P0011,5,15,52.53,123.96,619.8,92.97,526.8299999999999,262.65,264.17999999999995
O00257,P0060,5,15,16.15,46.29,231.45,34.7175,196.7325,80.75,115.98249999999999
O00258,P0027,3,10,58.79,135.79,407.37,40.736999999999995,366.63300000000004,176.37,190.26300000000003
O00259,P0093,3,0,53.69,97.66,292.98,0.0,292.98,161.07,131.91000000000003
O00260,P0007,4,10,49.51,86.65,346.6,34.66,311.94000000000005,198.04,113.90000000000006
O00261,P0060,4,25,16.15,46.29,185.16,46.29,138.87,64.6,74.27000000000001
O00262,P0050,3,20,45.43,130.75,392.25,78.45,313.8,136.29,177.51000000000002
O00263,P0067,5,20,17.47,34.37,171.85,34.37,137.48,87.35,50.129999999999995
O00264,P0069,3,5,62.22,150.06,450.18,22.509,427.671,186.66,241.011
O00265,P0055,1,15,41.8,86.18,86.18,12.927,73.25300000000001,41.8,31.453000000000017
O00266,P0077,5,20,13.37,37.37,186.85,37.37,149.48,66.85,82.63
O00267,P0016,3,10,10.53,18.06,54.17999999999999,5.417999999999999,48.76199999999999,31.589999999999996,17.171999999999997
O00268,P0012,4,5,27.1,81.21,324.84,16.241999999999997,308.59799999999996,108.4,200.19799999999995
O00269,P0027,3,25,58.79,135.79,407.37,101.8425,305.52750000000003,176.37,129.15750000000003
O00270,P0033,2,10,78.25,183.75,367.5,36.75,330.75,156.5,174.25
O00271,P0079,3,0,67.96,149.41,448.23,0.0,448.23,203.88,244.35000000000002
O00272,P0085,5,0,54.36,101.78,508.9,0.0,508.9,271.8,237.09999999999997
O00273,P0081,3,10,65.97,189.84,569.52,56.952,512.568,197.91,314.658
O00274,P0055,4,5,41.8,86.18,344.72,17.236,327.48400000000004,167.2,160.28400000000005
O00275,P0052,1,0,32.44,49.78,49.78,0.0,49.78,32.44,17.340000000000003
O00276,P0037,2,15,60.29,177.17,354.34,53.150999999999996,301.18899999999996,120.58,180.60899999999998
O00277,P0015,5,15,75.36,201.05,1005.25,150.7875,854.4625,376.8,477.66249999999997
O00278,P0084,4,15,26.5,76.03,304.12,45.618,258.502,106.0,152.502
O00279,P0083,2,0,23.05,35.71,71.42,0.0,71.42,46.1,25.32
O00280,P0065,3,10,52.43,144.51,433.53,43.352999999999994,390.17699999999996,157.29,232.88699999999997
O00281,P0068,2,0,69.55,128.05,256.1,0.0,256.1,139.1,117.00000000000003
O00282,P0003,1,5,50.89,109.28,109.28,5.4639999999999995,103.816,50.89,52.926
O00283,P0072,2,5,79.37,143.53,287.06,14.353,272.707,158.74,113.96699999999998
O00284,P0005,2,15,49.04,127.3,254.6,38.19,216.41,98.08,118.33
O00285,P0009,3,5,33.62,75.41,226.23,11.311499999999999,214.9185,100.85999999999999,114.05850000000001
O00286,P0001,3,0,55.42,102.17,306.51,0.0,306.51,166.26,140.25
O00287,P0030,5,5,50.32,133.74,668.7,33.435,635.2650000000001,251.6,383.6650000000001
O00288,P0071,3,10,75.31,197.04,591.12,59.111999999999995,532.008,225.93,306.07800000000003
O00289,P0086,2,20,73.55,174.05,348.1,69.62,278.48,147.1,131.38000000000002
O00290,P0020,1,20,69.56,183.08,183.08,36.61600000000001,146.464,69.56,76.904
O00291,P0093,3,0,53.69,97.66,292.98,0.0,292.98,161.07,131.91000000000003
O00292,P0027,5,0,58.79,135.79,678.9499999999999,0.0,678.9499999999999,293.95,384.99999999999994
O00293,P0089,5,0,57.81,113.72,568.6,0.0,568.6,289.05,279.55
O00294,P0099,2,15,47.23,108.75,217.5,32.625,184.875,94.46,90.415
O00295,P0091,3,0,59.96,114.91,344.73,0.0,344.73,179.88,164.85000000000002
O00296,P0063,3,0,18.17,31.77,95.31,0.0,95.31,54.510000000000005,40.8
O00297,P0075,5,10,74.85,125.1,625.5,62.55,562.95,374.25,188.70000000000005
O00298,P0081,3,0,65.97,189.84,569.52,0.0,569.52,197.91,371.61
O00299,P0031,2,0,74.22,112.69,225.38,0.0,225.38,148.44,76.94
O00300,P0082,1,5,67.76,161.31,161.31,8.0655,153.24450000000002,67.76,85.48450000000001
O00301,P0019,2,5,44.15,98.94,197.88,9.894,187.986,88.3,99.68599999999999
O00302,P0093,3,10,53.69,97.66,292.98,29.298000000000002,263.682,161.07,102.61200000000002
O00303,P0079,2,25,67.96,149.41,298.82,74.705,224.115,135.92,88.19500000000002
O00304,P0062,4,0,10.19,18.89,75.56,0.0,75.56,40.76,34.800000000000004
O00305,P0007,4,5,49.51,86.65,346.6,17.33,329.27000000000004,198.04,131.23000000000005
O00306,P0037,3,20,60.29,177.17,531.51,106.302,425.20799999999997,180.87,244.33799999999997
O00307,P0071,3,20,75.31,197.04,591.12,118.22399999999999,472.896,225.93,246.966
O00308,P0086,1,5,73.55,174.05,174.05,8.7025,165.34750000000003,73.55,91.79750000000003
O00309,P0076,2,10,60.51,128.39,256.78,25.677999999999997,231.10199999999998,121.02,110.08199999999998
O00310,P0008,1,0,36.51,102.88,102.88,0.0,102.88,36.51,66.37
O00311,P0057,3,15,48.42,78.25,234.75,35.2125,199.5375,145.26,54.2775
O00312,P0082,3,25,67.76,161.31,483.93,120.9825,362.9475,203.28000000000003,159.66749999999996
O00313,P0028,5,10,79.81,177.94,889.7,88.97,800.73,399.05,401.68
O00314,P0082,1,10,67.76,161.31,161.31,16.131,145.179,67.76,77.419
O00315,P0095,3,0,40.71,120.64,361.92,0.0,361.92,122.13,239.79000000000002
O00316,P0017,4,10,25.77,46.56,186.24,18.624000000000002,167.616,103.08,64.53600000000002
O00317,P0087,5,10,32.13,56.17,280.85,28.085,252.76500000000001,160.65,92.11500000000001
O00318,P0011,2,10,52.53,123.96,247.92,24.791999999999998,223.128,105.06,118.06799999999998
O00319,P0015,5,0,75.36,201.05,1005.25,0.0,1005.25,376.8,628.45
O00320,P0030,2,10,50.32,133.74,267.48,26.748,240.73200000000003,100.64,140.09200000000004
O00321,P0095,4,10,40.71,120.64,482.56,48.256,434.304,162.84,271.46399999999994
O00322,P0006,2,0,51.06,129.72,259.44,0.0,259.44,102.12,157.32
O00323,P0012,1,0,27.1,81.21,81.21,0.0,81.21,27.1,54.10999999999999
O00324,P0087,2,5,32.13,56.17,112.34,5.617000000000001,106.723,64.26,42.462999999999994
O00325,P0061,2,15,19.72,33.21,66.42,9.963000000000001,56.457,39.44,17.017000000000003
O00326,P0036,5,10,67.46,184.85,924.25,92.425,831.825,337.29999999999995,494.5250000000001
O00327,P0035,4,15,60.6,145.35,581.4,87.21,494.19,242.4,251.79
O00328,P0067,2,5,17.47,34.37,68.74,3.437,65.303,34.94,30.363
O00329,P0092,1,20,72.98,133.56,133.56,26.712,106.848,72.98,33.867999999999995
O00330,P0079,5,15,67.96,149.41,747.05,112.0575,634.9925,339.79999999999995,295.1925
O00331,P0077,4,5,13.37,37.37,149.48,7.474,142.006,53.48,88.52600000000001
O00332,P0063,4,0,18.17,31.77,127.08,0.0,127.08,72.68,54.39999999999999
O00333,P0083,3,5,23.05,35.71,107.13,5.3565,101.7735,69.15,32.62349999999999
O00334,P0040,1,25,68.7,146.7,146.7,36.675,110.02499999999999,68.7,41.32499999999999
O00335,P0082,5,5,67.76,161.31,806.55,40.3275,766.2225,338.8,427.42249999999996
O00336,P0031,5,5,74.22,112.69,563.45,28.1725,535.2775,371.1,164.1775
O00337,P0037,1,0,60.29,177.17,177.17,0.0,177.17,60.29,116.88
O00338,P0085,4,15,54.36,101.78,407.12,61.068000000000005,346.052,217.44,128.61200000000002
O00339,P0005,2,5,49.04,127.3,254.6,12.73,241.87,98.08,143.79000000000002
O00340,P0081,1,5,65.97,189.84,189.84,9.492,180.348,65.97,114.37800000000001
O00341,P0083,5,5,23.05,35.71,178.55,8.9275,169.6225,115.25,54.3725
O00342,P0004,1,5,61.58,123.11,123.11,6.1555,116.9545,61.58,55.3745
O00343,P0026,4,5,11.28,25.42,101.68,5.0840000000000005,96.596,45.12,51.476000000000006
O00344,P0024,3,10,68.96,150.71,452.13,45.213,406.917,206.88,200.03699999999998
O00345,P0039,3,15,43.36,79.83,239.49,35.923500000000004,203.56650000000002,130.07999999999998,73.48650000000004
O00346,P0056,2,15,48.4,77.6,155.2,23.28,131.92,96.8,35.11999999999999
O00347,P0054,2,15,35.85,95.25,190.5,28.575,161.925,71.7,90.22500000000001
O00348,P0038,4,0,47.45,95.55,382.2,0.0,382.2,189.8,192.39999999999998
O00349,P0054,2,15,35.85,95.25,190.5,28.575,161.925,71.7,90.22500000000001
O00350,P0019,3,0,44.15,98.94,296.82,0.0,296.82,132.45,164.37
O00351,P0094,4,0,47.78,108.59,434.36,0.0,434.36,191.12,243.24
O00352,P0026,4,20,11.28,25.42,101.68,20.336000000000002,81.34400000000001,45.12,36.22400000000001
O00353,P0052,4,15,32.44,49.78,199.12,29.868000000000002,169.252,129.76,39.49200000000002
O00354,P0075,1,10,74.85,125.1,125.1,12.51,112.58999999999999,74.85,37.739999999999995
O00355,P0061,2,20,19.72,33.21,66.42,13.284,53.136,39.44,13.696000000000005
O00356,P0067,5,25,17.47,34.37,171.85,42.9625,128.8875,87.35,41.537499999999994
O00357,P0022,3,10,66.41,153.06,459.18,45.918,413.262,199.23,214.032
O00358,P0017,2,10,25.77,46.56,93.12,9.312000000000001,83.808,51.54,32.26800000000001
O00359,P0011,3,15,52.53,123.96,371.88,55.782,316.098,157.59,158.508
O00360,P0039,2,0,43.36,79.83,159.66,0.0,159.66,86.72,72.94
O00361,P0061,5,0,19.72,33.21,166.05,0.0,166.05,98.6,67.45000000000002
O00362,P0091,3,15,59.96,114.91,344.73,51.709500000000006,293.0205,179.88,113.14050000000003
O00363,P0049,5,5,16.11,26.63,133.15,6.6575,126.4925,80.55,45.94250000000001
O00364,P0093,3,0,53.69,97.66,292.98,0.0,292.98,161.07,131.91000000000003
O00365,P0061,1,5,19.72,33.21,33.21,1.6605,31.549500000000002,19.72,11.829500000000003
O00366,P0012,1,5,27.1,81.21,81.21,4.060499999999999,77.14949999999999,27.1,50.04949999999999
O00367,P0013,3,25,44.88,117.97,353.90999999999997,88.4775,265.43249999999995,134.64000000000001,130.79249999999993
O00368,P0058,3,10,24.12,39.95,119.85000000000001,11.985,107.86500000000001,72.36,35.50500000000001
O00369,P0011,5,10,52.53,123.96,619.8,61.98,557.8199999999999,262.65,295.16999999999996
O00370,P0064,4,25,43.12,76.73,306.92,76.73,230.19,172.48,57.71000000000001
O00371,P0031,3,20,74.22,112.69,338.07,67.61399999999999,270.456,222.66,47.79600000000002
O00372,P0011,2,10,52.53,123.96,247.92,24.791999999999998,223.128,105.06,118.06799999999998
O00373,P0043,2,20,59.77,171.41,342.82,68.564,274.256,119.54,154.71599999999995
O00374,P0036,2,5,67.46,184.85,369.7,18.485,351.215,134.92,216.295
O00375,P0002,1,0,43.57,100.83,100.83,0.0,100.83,43.57,57.26
O00376,P0087,5,0,32.13,56.17,280.85,0.0,280.85,160.65,120.20000000000002
O00377,P0061,1,10,19.72,33.21,33.21,3.321,29.889,19.72,10.169
O00378,P0036,2,10,67.46,184.85,369.7,36.97,332.73,134.92,197.81000000000003
O00379,P0078,3,10,64.71,186.65,559.95,55.995,503.95500000000004,194.13,309.82500000000005
O00380,P0049,2,10,16.11,26.63,53.26,5.3260000000000005,47.934,32.22,15.713999999999999
O00381,P0027,3,0,58.79,135.79,407.37,0.0,407.37,176.37,231.0
O00382,P0012,5,0,27.1,81.21,406.04999999999995,0.0,406.04999999999995,135.5,270.54999999999995
O00383,P0058,4,10,24.12,39.95,159.8,15.98,143.82000000000002,96.48,47.34000000000002
O00384,P0093,3,0,53.69,97.66,292.98,0.0,292.98,161.07,131.91000000000003
O00385,P0006,1,10,51.06,129.72,129.72,12.972000000000001,116.74799999999999,51.06,65.68799999999999
O00386,P0044,2,10,23.97,40.96,81.92,8.192,73.72800000000001,47.94,25.78800000000001
O00387,P0047,2,10,59.51,154.08,308.16,30.816000000000003,277.34400000000005,119.02,158.32400000000007
O00388,P0023,2,5,13.9,28.75,57.5,2.875,54.625,27.8,26.825
O00389,P0074,3,10,36.55,87.92,263.76,26.375999999999998,237.384,109.64999999999999,127.734
O00390,P0098,5,15,37.4,104.38,521.9,78.285,443.615,187.0,256.615
O00391,P0076,3,25,60.51,128.39,385.16999999999996,96.29249999999998,288.8775,181.53,107.3475
O00392,P0096,1,15,50.42,110.34,110.34,16.551000000000002,93.789,50.42,43.369
O00393,P0026,2,10,11.28,25.42,50.84,5.0840000000000005,45.756,22.56,23.196
O00394,P0007,3,0,49.51,86.65,259.95000000000005,0.0,259.95000000000005,148.53,111.42000000000004
O00395,P0032,2,10,10.37,24.86,49.72,4.9719999999999995,44.748,20.74,24.008
O00396,P0033,1,20,78.25,183.75,183.75,36.75,147.0,78.25,68.75
O00397,P0082,4,0,67.76,161.31,645.24,0.0,645.24,271.04,374.2
O00398,P0099,4,5,47.23,108.75,435.0,21.75,413.25,188.92,224.33
O00399,P0020,4,0,69.56,183.08,732.32,0.0,732.32,278.24,454.08000000000004
O00400,P0095,2,15,40.71,120.64,241.28,36.192,205.088,81.42,123.66799999999999
O00401,P0069,3,5,62.22,150.06,450.18,22.509,427.671,186.66,241.011
O00402,P0096,2,0,50.42,110.34,220.68,0.0,220.68,100.84,119.84
O00403,P0052,5,20,32.44,49.78,248.9,49.78,199.12,162.2,36.920000000000016
O00404,P0042,3,10,77.76,188.37,565.11,56.511,508.599,233.28000000000003,275.31899999999996
O00405,P0083,1,5,23.05,35.71,35.71,1.7855,33.9245,23.05,10.874500000000001
O00406,P0001,4,5,55.42,102.17,408.68,20.434,388.246,221.68,166.56599999999997
O00407,P0063,3,5,18.17,31.77,95.31,4.7655,90.5445,54.510000000000005,36.034499999999994
O00408,P0007,3,10,49.51,86.65,259.95000000000005,25.995000000000005,233.95500000000004,148.53,85.42500000000004
O00409,P0058,4,5,24.12,39.95,159.8,7.99,151.81,96.48,55.33
O00410,P0086,1,10,73.55,174.05,174.05,17.405,156.645,73.55,83.09500000000001
O00411,P0050,2,15,45.43,130.75,261.5,39.225,222.275,90.86,131.41500000000002
O00412,P0034,2,10,44.35,114.17,228.34,22.834,205.506,88.7,116.806
O00413,P0051,3,5,75.24,202.03,606.09,30.304500000000004,575.7855000000001,225.71999999999997,350.0655000000001
O00414,P0010,4,10,72.98,190.64,762.56,76.256,686.304,291.92,394.38399999999996
O00415,P0026,5,15,11.28,25.42,127.10000000000001,19.065,108.03500000000001,56.4,51.63500000000001
O00416,P0032,1,0,10.37,24.86,24.86,0.0,24.86,10.37,14.49
O00417,P0042,2,0,77.76,188.37,376.74,0.0,376.74,155.52,221.22
O00418,P0091,1,10,59.96,114.91,114.91,11.491,103.419,59.96,43.458999999999996
O00419,P0062,1,10,10.19,18.89,18.89,1.889,17.001,10.19,6.811000000000002
O00420,P0012,1,0,27.1,81.21,81.21,0.0,81.21,27.1,54.10999999999999
O00421,P0040,4,15,68.7,146.7,586.8,88.02,498.78,274.8,223.97999999999996
O00422,P0087,4,10,32.13,56.17,224.68,22.468000000000004,202.212,128.52,73.69199999999998
O00423,P0078,4,20,64.71,186.65,746.6,149.32,597.28,258.84,338.44
O00424,P0034,3,0,44.35,114.17,342.51,0.0,342.51,133.05,209.45999999999998
O00425,P0081,4,15,65.97,189.84,759.36,113.904,645.456,263.88,381.576
O00426,P0070,3,0,38.6,79.86,239.57999999999998,0.0,239.57999999999998,115.80000000000001,123.77999999999997
O00427,P0027,2,10,58.79,135.79,271.58,27.157999999999998,244.422,117.58,126.842
O00428,P0008,2,10,36.51,102.88,205.76,20.576,185.184,73.02,112.164
O00429,P0097,2,5,34.88,81.48,162.96,8.148000000000001,154.812,69.76,85.052
O00430,P0099,2,15,47.23,108.75,217.5,32.625,184.875,94.46,90.415
O00431,P0047,2,0,59.51,154.08,308.16,0.0,308.16,119.02,189.14000000000004
O00432,P0081,4,10,65.97,189.84,759.36,75.936,683.424,263.88,419.544
O00433,P0026,5,0,11.28,25.42,127.10000000000001,0.0,127.10000000000001,56.4,70.70000000000002
O00434,P0057,4,15,48.42,78.25,313.0,46.95,266.05,193.68,72.37
O00435,P0007,5,0,49.51,86.65,433.25,0.0,433.25,247.54999999999998,185.70000000000002
O00436,P0088,4,15,51.18,79.37,317.48,47.62200000000001,269.858,204.72,65.138
O00437,P0089,2,15,57.81,113.72,227.44,34.116,193.324,115.62,77.70400000000001
O00438,P0099,1,15,47.23,108.75,108.75,16.3125,92.4375,47.23,45.2075
O00439,P0026,5,0,11.28,25.42,127.10000000000001,0.0,127.10000000000001,56.4,70.70000000000002
O00440,P0059,1,10,57.92,159.9,159.9,15.99,143.91,57.92,85.99
O00441,P0069,2,0,62.22,150.06,300.12,0.0,300.12,124.44,175.68
O00442,P0047,5,15,59.51,154.08,770.4000000000001,115.56000000000002,654.84,297.55,357.29
O00443,P0035,1,15,60.6,145.35,145.35,21.8025,123.5475,60.6,62.9475
O00444,P0030,4,10,50.32,133.74,534.96,53.496,481.46400000000006,201.28,280.1840000000001
O00445,P0050,2,15,45.43,130.75,261.5,39.225,222.275,90.86,131.41500000000002
O00446,P0089,4,0,57.81,113.72,454.88,0.0,454.88,231.24,223.64
O00447,P0024,4,10,68.96,150.71,602.84,60.284000000000006,542.556,275.84,266.71600000000007
O00448,P0030,2,5,50.32,133.74,267.48,13.374,254.10600000000002,100.64,153.466
O00449,P0084,5,25,26.5,76.03,380.15,95.0375,285.11249999999995,132.5,152.61249999999995
O00450,P0054,3,20,35.85,95.25,285.75,57.15,228.6,107.55000000000001,121.04999999999998
O00451,P0067,3,15,17.47,34.37,103.10999999999999,15.466499999999998,87.64349999999999,52.41,35.23349999999999
O00452,P0032,2,20,10.37,24.86,49.72,9.943999999999999,39.775999999999996,20.74,19.035999999999998
O00453,P0008,3,5,36.51,102.88,308.64,15.431999999999999,293.20799999999997,109.53,183.67799999999997
O00454,P0050,1,20,45.43,130.75,130.75,26.15,104.6,45.43,59.169999999999995
O00455,P0047,5,5,59.51,154.08,770.4000000000001,38.52,731.8800000000001,297.55,434.3300000000001
O00456,P0087,4,15,32.13,56.17,224.68,33.702000000000005,190.978,128.52,62.458
O00457,P0046,4,15,47.09,88.72,354.88,53.232,301.648,188.36,113.28800000000001
O00458,P0080,2,0,62.54,138.92,277.84,0.0,277.84,125.08,152.76
O00459,P0035,4,5,60.6,145.35,581.4,29.07,552.3299999999999,242.4,309.92999999999995
O00460,P0061,1,0,19.72,33.21,33.21,0.0,33.21,19.72,13.490000000000002
O00461,P0089,1,25,57.81,113.72,113.72,28.43,85.28999999999999,57.81,27.47999999999999
O00462,P0079,2,0,67.96,149.41,298.82,0.0,298.82,135.92,162.9
O00463,P0051,4,10,75.24,202.03,808.12,80.812,727.308,300.96,426.348
O00464,P0063,3,15,18.17,31.77,95.31,14.296500000000002,81.0135,54.510000000000005,26.50349999999999
O00465,P0008,3,0,36.51,102.88,308.64,0.0,308.64,109.53,199.10999999999999
O00466,P0034,5,10,44.35,114.17,570.85,57.085,513.765,221.75,292.015
O00467,P0025,2,10,13.61,32.74,65.48,6.548000000000001,58.932,27.22,31.712000000000003
O00468,P0044,5,0,23.97,40.96,204.8,0.0,204.8,119.85,84.95000000000002
O00469,P0083,3,15,23.05,35.71,107.13,16.069499999999998,91.06049999999999,69.15,21.910499999999985
O00470,P0043,3,5,59.77,171.41,514.23,25.7115,488.5185,179.31,309.2085
O00471,P0050,3,0,45.43,130.75,392.25,0.0,392.25,136.29,255.96
O00472,P0013,5,10,44.88,117.97,589.85,58.985,530.865,224.4,306.46500000000003
O00473,P0046,2,5,47.09,88.72,177.44,8.872,168.56799999999998,94.18,74.38799999999998
O00474,P0076,1,20,60.51,128.39,128.39,25.677999999999997,102.71199999999999,60.51,42.20199999999999
O00475,P0079,1,20,67.96,149.41,149.41,29.881999999999998,119.52799999999999,67.96,51.568
O00476,P0087,3,10,32.13,56.17,168.51,16.851,151.659,96.39000000000001,55.26899999999998
O00477,P0053,2,5,51.57,127.74,255.48,12.774,242.706,103.14,139.56599999999997
O00478,P0063,2,5,18.17,31.77,63.54,3.177,60.363,36.34,24.022999999999996
O00479,P0002,4,5,43.57,100.83,403.32,20.166,383.154,174.28,208.874
O00480,P0040,4,10,68.7,146.7,586.8,58.68,528.12,274.8,253.32
O00481,P0023,5,15,13.9,28.75,143.75,21.5625,122.1875,69.5,52.6875
O00482,P0059,4,5,57.92,159.9,639.6,31.98,607.62,231.68,375.94
O00483,P0069,5,0,62.22,150.06,750.3,0.0,750.3,311.1,439.19999999999993
O00484,P0034,1,10,44.35,114.17,114.17,11.417,102.753,44.35,58.403
O00485,P0074,3,0,36.55,87.92,263.76,0.0,263.76,109.64999999999999,154.11
O00486,P0027,2,15,58.79,135.79,271.58,40.736999999999995,230.843,117.58,113.26299999999999
O00487,P0055,1,10,41.8,86.18,86.18,8.618,77.56200000000001,41.8,35.762000000000015
O00488,P0004,1,10,61.58,123.11,123.11,12.311,110.799,61.58,49.21900000000001
O00489,P0068,5,5,69.55,128.05,640.25,32.0125,608.2375,347.75,260.48749999999995
O00490,P0072,3,20,79.37,143.53,430.59000000000003,86.11800000000001,344.47200000000004,238.11,106.36200000000002
O00491,P0070,5,0,38.6,79.86,399.3,0.0,399.3,193.0,206.3
O00492,P0089,1,20,57.81,113.72,113.72,22.744,90.976,57.81,33.166
O00493,P0027,2,5,58.79,135.79,271.58,13.578999999999999,258.001,117.58,140.421
O00494,P0047,4,20,59.51,154.08,616.32,123.26400000000001,493.05600000000004,238.04,255.01600000000005
O00495,P0040,5,15,68.7,146.7,733.5,110.025,623.475,343.5,279.975
O00496,P0084,1,0,26.5,76.03,76.03,0.0,76.03,26.5,49.53
O00497,P0027,4,15,58.79,135.79,543.16,81.47399999999999,461.686,235.16,226.52599999999998
O00498,P0007,4,10,49.51,86.65,346.6,34.66,311.94000000000005,198.04,113.90000000000006
O00499,P0023,1,0,13.9,28.75,28.75,0.0,28.75,13.9,14.85
O00500,P0084,3,0,26.5,76.03,228.09,0.0,228.09,79.5,148.59
O00501,P0064,1,10,43.12,76.73,76.73,7.673000000000001,69.057,43.12,25.937000000000005
O00502,P0098,2,10,37.4,104.38,208.76,20.875999999999998,187.884,74.8,113.08399999999999
O00503,P0029,4,15,72.76,153.77,615.08,92.262,522.818,291.04,231.77799999999996
O00504,P0061,2,15,19.72,33.21,66.42,9.963000000000001,56.457,39.44,17.017000000000003
O00505,P0044,5,10,23.97,40.96,204.8,20.48,184.32000000000002,119.85,64.47000000000003
O00506,P0069,4,15,62.22,150.06,600.24,90.036,510.204,248.88,261.324
O00507,P0027,3,10,58.79,135.79,407.37,40.736999999999995,366.63300000000004,176.37,190.26300000000003
O00508,P0012,1,5,27.1,81.21,81.21,4.060499999999999,77.14949999999999,27.1,50.04949999999999
O00509,P0017,5,20,25.77,46.56,232.8,46.56,186.24,128.85,57.390000000000015
O00510,P0037,2,0,60.29,177.17,354.34,0.0,354.34,120.58,233.76
O00511,P0034,5,5,44.35,114.17,570.85,28.5425,542.3075,221.75,320.5575
O00512,P0094,3,15,47.78,108.59,325.77,48.86549999999999,276.9045,143.34,133.56449999999998
O00513,P0036,1,5,67.46,184.85,184.85,9.2425,175.6075,67.46,108.1475
O00514,P0006,5,0,51.06,129.72,648.6,0.0,648.6,255.3,393.3
O00515,P0096,2,0,50.42,110.34,220.68,0.0,220.68,100.84,119.84
O00516,P0032,5,10,10.37,24.86,124.3,12.43,111.87,51.849999999999994,60.02000000000001
O00517,P0073,1,25,24.35,65.3,65.3,16.325,48.974999999999994,24.35,24.624999999999993
O00518,P0022,5,10,66.41,153.06,765.3,76.53,688.77,332.04999999999995,356.72
O00519,P0010,2,10,72.98,190.64,381.28,38.128,343.152,145.96,197.19199999999998
O00520,P0029,1,5,72.76,153.77,153.77,7.6885,146.0815,72.76,73.3215
O00521,P0011,3,5,52.53,123.96,371.88,18.594,353.286,157.59,195.696
O00522,P0092,3,0,72.98,133.56,400.68,0.0,400.68,218.94,181.74
O00523,P0066,4,5,65.6,131.08,524.32,26.216000000000005,498.10400000000004,262.4,235.70400000000006
O00524,P0056,5,5,48.4,77.6,388.0,19.4,368.6,242.0,126.60000000000002
O00525,P0085,2,0,54.36,101.78,203.56,0.0,203.56,108.72,94.84
O00526,P0095,5,0,40.71,120.64,603.2,0.0,603.2,203.55,399.65000000000003
O00527,P0058,1,15,24.12,39.95,39.95,5.9925,33.9575,24.12,9.837500000000002
O00528,P0052,4,20,32.44,49.78,199.12,39.824,159.296,129.76,29.536
O00529,P0061,2,20,19.72,33.21,66.42,13.284,53.136,39.44,13.696000000000005
O00530,P0017,5,10,25.77,46.56,232.8,23.28,209.52,128.85,80.67000000000002
O00531,P0091,2,0,59.96,114.91,229.82,0.0,229.82,119.92,109.89999999999999
O00532,P0030,1,15,50.32,133.74,133.74,20.061,113.679,50.32,63.359
O00533,P0072,4,0,79.37,143.53,574.12,0.0,574.12,317.48,256.64
O00534,P0037,2,10,60.29,177.17,354.34,35.434,318.90599999999995,120.58,198.32599999999996
O00535,P0005,1,15,49.04,127.3,127.3,19.095,108.205,49.04,59.165
O00536,P0026,3,15,11.28,25.42,76.26,11.439,64.821,33.839999999999996,30.981
O00537,P0070,2,25,38.6,79.86,159.72,39.93,119.78999999999999,77.2,42.58999999999999
O00538,P0080,4,15,62.54,138.92,555.68,83.35199999999999,472.328,250.16,222.16799999999998
O00539,P0001,2,10,55.42,102.17,204.34,20.434,183.906,110.84,73.066
O00540,P0009,2,5,33.62,75.41,150.82,7.5409999999999995,143.279,67.24,76.039
O00541,P0085,1,20,54.36,101.78,101.78,20.355999999999998,81.424,54.36,27.064000000000007
O00542,P0071,5,0,75.31,197.04,985.1999999999999,0.0,985.1999999999999,376.55,608.6499999999999
O00543,P0064,5,20,43.12,76.73,383.65000000000003,76.73,306.92,215.6,91.32000000000002
O00544,P0079,2,5,67.96,149.41,298.82,14.940999999999999,283.879,135.92,147.95900000000003
O00545,P0024,4,0,68.96,150.71,602.84,0.0,602.84,275.84,327.00000000000006
O00546,P0005,4,15,49.04,127.3,509.2,76.38,432.82,196.16,236.66
O00547,P0051,1,0,75.24,202.03,202.03,0.0,202.03,75.24,126.79
O00548,P0038,2,15,47.45,95.55,191.1,28.665,162.435,94.9,67.535
O00549,P0029,2,5,72.76,153.77,307.54,15.377,292.163,145.52,146.643
O00550,P0046,5,20,47.09,88.72,443.6,88.72,354.88,235.45000000000002,119.42999999999998
O00551,P0052,1,10,32.44,49.78,49.78,4.978,44.802,32.44,12.362000000000002
O00552,P0046,3,10,47.09,88.72,266.15999999999997,26.615999999999996,239.54399999999998,141.27,98.27399999999997
O00553,P0075,4,5,74.85,125.1,500.4,25.02,475.38,299.4,175.98000000000002
O00554,P0068,4,0,69.55,128.05,512.2,0.0,512.2,278.2,234.00000000000006
O00555,P0059,2,15,57.92,159.9,319.8,47.97,271.83000000000004,115.84,155.99000000000004
O00556,P0010,1,0,72.98,190.64,190.64,0.0,190.64,72.98,117.65999999999998
O00557,P0098,3,5,37.4,104.38,313.14,15.656999999999998,297.483,112.19999999999999,185.28300000000002
O00558,P0004,4,10,61.58,123.11,492.44,49.244,443.196,246.32,196.87600000000003
O00559,P0052,1,10,32.44,49.78,49.78,4.978,44.802,32.44,12.362000000000002
O00560,P0074,3,0,36.55,87.92,263.76,0.0,263.76,109.64999999999999,154.11
O00561,P0097,2,0,34.88,81.48,162.96,0.0,162.96,69.76,93.2
O00562,P0018,5,0,35.57,91.45,457.25,0.0,457.25,177.85,279.4
O00563,P0076,4,20,60.51,128.39,513.56,102.71199999999999,410.84799999999996,242.04,168.80799999999996
O00564,P0051,4,0,75.24,202.03,808.12,0.0,808.12,300.96,507.16
O00565,P0023,3,25,13.9,28.75,86.25,21.5625,64.6875,41.7,22.987499999999997
O00566,P0025,5,0,13.61,32.74,163.70000000000002,0.0,163.70000000000002,68.05,95.65000000000002
O00567,P0060,1,0,16.15,46.29,46.29,0.0,46.29,16.15,30.14
O00568,P0037,2,10,60.29,177.17,354.34,35.434,318.90599999999995,120.58,198.32599999999996
O00569,P0068,1,0,69.55,128.05,128.05,0.0,128.05,69.55,58.500000000000014
O00570,P0077,3,10,13.37,37.37,112.10999999999999,11.210999999999999,100.89899999999999,40.11,60.78899999999999
O00571,P0018,4,20,35.57,91.45,365.8,73.16,292.64,142.28,150.35999999999999
O00572,P0029,4,0,72.76,153.77,615.08,0.0,615.08,291.04,324.04
O00573,P0030,1,15,50.32,133.74,133.74,20.061,113.679,50.32,63.359
O00574,P0092,2,5,72.98,133.56,267.12,13.356,253.764,145.96,107.804
O00575,P0007,3,0,49.51,86.65,259.95000000000005,0.0,259.95000000000005,148.53,111.42000000000004
O00576,P0088,2,0,51.18,79.37,158.74,0.0,158.74,102.36,56.38000000000001
O00577,P0041,3,20,24.36,47.06,141.18,28.236000000000004,112.944,73.08,39.864000000000004
O00578,P0074,2,0,36.55,87.92,175.84,0.0,175.84,73.1,102.74000000000001
O00579,P0037,1,20,60.29,177.17,177.17,35.434,141.736,60.29,81.446
O00580,P0027,5,10,58.79,135.79,678.9499999999999,67.895,611.055,293.95,317.10499999999996
O00581,P0021,3,0,16.15,26.72,80.16,0.0,80.16,48.449999999999996,31.71
O00582,P0100,1,10,14.66,26.05,26.05,2.605,23.445,14.66,8.785
O00583,P0043,4,15,59.77,171.41,685.64,102.846,582.794,239.08,343.71399999999994
O00584,P0051,4,15,75.24,202.03,808.12,121.21799999999999,686.902,300.96,385.94200000000006
O00585,P0093,2,10,53.69,97.66,195.32,19.531999999999996,175.788,107.38,68.40800000000002
O00586,P0071,4,20,75.31,197.04,788.16,157.63199999999998,630.528,301.24,329.288
O00587,P0013,5,0,44.88,117.97,589.85,0.0,589.85,224.4,365.45000000000005
O00588,P0053,3,20,51.57,127.74,383.21999999999997,76.64399999999999,306.57599999999996,154.71,151.86599999999996
O00589,P0087,2,15,32.13,56.17,112.34,16.851000000000003,95.489,64.26,31.229
O00590,P0063,3,15,18.17,31.77,95.31,14.296500000000002,81.0135,54.510000000000005,26.50349999999999
O00591,P0057,3,15,48.42,78.25,234.75,35.2125,199.5375,145.26,54.2775
O00592,P0025,1,10,13.61,32.74,32.74,3.2740000000000005,29.466,13.61,15.856000000000002
O00593,P0013,4,10,44.88,117.97,471.88,47.188,424.692,179.52,245.172
O00594,P0037,3,10,60.29,177.17,531.51,53.151,478.359,180.87,297.489
O00595,P0030,5,5,50.32,133.74,668.7,33.435,635.2650000000001,251.6,383.6650000000001
O00596,P0090,5,10,41.64,111.21,556.05,55.605,500.44499999999994,208.2,292.24499999999995
O00597,P0012,4,5,27.1,81.21,324.84,16.241999999999997,308.59799999999996,108.4,200.19799999999995
O00598,P0065,4,5,52.43,144.51,578.04,28.901999999999997,549.1379999999999,209.72,339.4179999999999
O00599,P0018,2,5,35.57,91.45,182.9,9.145,173.755,71.14,102.615
O00600,P0085,2,0,54.36,101.78,203.56,0.0,203.56,108.72,94.84
O00601,P0062,2,5,10.19,18.89,37.78,1.889,35.891,20.38,15.511
O00602,P0024,4,20,68.96,150.71,602.84,120.56800000000001,482.27200000000005,275.84,206.43200000000007
O00603,P0060,3,5,16.15,46.29,138.87,6.9435,131.9265,48.449999999999996,83.47650000000002
O00604,P0017,1,15,25.77,46.56,46.56,6.984000000000001,39.576,25.77,13.806000000000001
O00605,P0060,2,0,16.15,46.29,92.58,0.0,92.58,32.3,60.28
O00606,P0009,1,5,33.62,75.41,75.41,3.7704999999999997,71.6395,33.62,38.0195
O00607,P0052,5,0,32.44,49.78,248.9,0.0,248.9,162.2,86.70000000000002
O00608,P0092,4,0,72.98,133.56,534.24,0.0,534.24,291.92,242.32
O00609,P0015,5,10,75.36,201.05,1005.25,100.525,904.725,376.8,527.925
O00610,P0077,2,10,13.37,37.37,74.74,7.474,67.26599999999999,26.74,40.525999999999996
O00611,P0028,3,0,79.81,177.94,533.8199999999999,0.0,533.8199999999999,239.43,294.38999999999993
O00612,P0081,2,10,65.97,189.84,379.68,37.968,341.712,131.94,209.772
O00613,P0009,1,20,33.62,75.41,75.41,15.081999999999999,60.327999999999996,33.62,26.708
O00614,P0056,2,0,48.4,77.6,155.2,0.0,155.2,96.8,58.39999999999999
O00615,P0085,3,0,54.36,101.78,305.34000000000003,0.0,305.34000000000003,163.07999999999998,142.26000000000005
O00616,P0094,3,10,47.78,108.59,325.77,32.577,293.193,143.34,149.85299999999998
O00617,P0075,4,0,74.85,125.1,500.4,0.0,500.4,299.4,201.0
O00618,P0094,4,25,47.78,108.59,434.36,108.59,325.77,191.12,134.64999999999998
O00619,P0036,3,10,67.46,184.85,554.55,55.455,499.09499999999997,202.38,296.715
O00620,P0056,3,10,48.4,77.6,232.79999999999998,23.28,209.51999999999998,145.2,64.32
O00621,P0089,1,5,57.81,113.72,113.72,5.686,108.03399999999999,57.81,50.22399999999999
O00622,P0071,2,10,75.31,197.04,394.08,39.407999999999994,354.67199999999997,150.62,204.05199999999996
O00623,P0020,4,0,69.56,183.08,732.32,0.0,732.32,278.24,454.08000000000004
O00624,P0055,1,20,41.8,86.18,86.18,17.236,68.944,41.8,27.144000000000005
O00625,P0060,2,10,16.15,46.29,92.58,9.258,83.322,32.3,51.022000000000006
O00626,P0035,4,0,60.6,145.35,581.4,0.0,581.4,242.4,339.0
O00627,P0074,1,10,36.55,87.92,87.92,8.792,79.128,36.55,42.578
O00628,P0099,5,0,47.23,108.75,543.75,0.0,543.75,236.14999999999998,307.6
O00629,P0001,5,0,55.42,102.17,510.85,0.0,510.85,277.1,233.75
O00630,P0078,4,10,64.71,186.65,746.6,74.66,671.94,258.84,413.1000000000001
O00631,P0045,1,10,61.54,101.61,101.61,10.161,91.449,61.54,29.909
O00632,P0069,2,10,62.22,150.06,300.12,30.011999999999997,270.108,124.44,145.668
O00633,P0040,2,0,68.7,146.7,293.4,0.0,293.4,137.4,155.99999999999997
O00634,P0038,1,10,47.45,95.55,95.55,9.555,85.995,47.45,38.545
O00635,P0098,5,0,37.4,104.38,521.9,0.0,521.9,187.0,334.9
O00636,P0024,1,10,68.96,150.71,150.71,15.071000000000002,135.639,68.96,66.67900000000002
O00637,P0004,5,10,61.58,123.11,615.55,61.555,553.995,307.9,246.09500000000003
O00638,P0091,5,10,59.96,114.91,574.55,57.455,517.0949999999999,299.8,217.2949999999999
O00639,P0069,2,20,62.22,150.06,300.12,60.023999999999994,240.096,124.44,115.656
O00640,P0013,4,20,44.88,117.97,471.88,94.376,377.504,179.52,197.984
O00641,P0021,3,25,16.15,26.72,80.16,20.04,60.12,48.449999999999996,11.670000000000002
O00642,P0032,1,25,10.37,24.86,24.86,6.215,18.645,10.37,8.275
O00643,P0038,5,15,47.45,95.55,477.75,71.6625,406.0875,237.25,168.83749999999998
O00644,P0095,1,25,40.71,120.64,120.64,30.16,90.48,40.71,49.77
O00645,P0032,4,20,10.37,24.86,99.44,19.887999999999998,79.55199999999999,41.48,38.071999999999996
O00646,P0079,4,15,67.96,149.41,597.64,89.646,507.99399999999997,271.84,236.154
O00647,P0057,3,0,48.42,78.25,234.75,0.0,234.75,145.26,89.49000000000001
O00648,P0048,3,0,63.74,152.3,456.90000000000003,0.0,456.90000000000003,191.22,265.68000000000006
O00649,P0030,5,15,50.32,133.74,668.7,100.305,568.395,251.6,316.79499999999996
O00650,P0071,3,10,75.31,197.04,591.12,59.111999999999995,532.008,225.93,306.07800000000003
O00651,P0038,5,15,47.45,95.55,477.75,71.6625,406.0875,237.25,168.83749999999998
O00652,P0095,2,5,40.71,120.64,241.28,12.064,229.216,81.42,147.796
O00653,P0044,5,5,23.97,40.96,204.8,10.24,194.56,119.85,74.71000000000001
O00654,P0026,3,15,11.28,25.42,76.26,11.439,64.821,33.839999999999996,30.981
O00655,P0100,1,20,14.66,26.05,26.05,5.21,20.84,14.66,6.18
O00656,P0090,3,0,41.64,111.21,333.63,0.0,333.63,124.92,208.70999999999998
O00657,P0002,4,20,43.57,100.83,403.32,80.664,322.656,174.28,148.376
O00658,P0043,3,15,59.77,171.41,514.23,77.1345,437.0955,179.31,257.7855
O00659,P0043,2,5,59.77,171.41,342.82,17.141,325.679,119.54,206.13899999999995
O00660,P0063,5,5,18.17,31.77,158.85,7.9425,150.9075,90.85000000000001,60.05749999999999
O00661,P0073,4,0,24.35,65.3,261.2,0.0,261.2,97.4,163.79999999999998
O00662,P0058,5,0,24.12,39.95,199.75,0.0,199.75,120.60000000000001,79.14999999999999
O00663,P0048,5,10,63.74,152.3,761.5,76.15,685.35,318.7,366.65000000000003
O00664,P0005,3,0,49.04,127.3,381.9,0.0,381.9,147.12,234.77999999999997
O00665,P0091,1,0,59.96,114.91,114.91,0.0,114.91,59.96,54.949999999999996
O00666,P0076,4,15,60.51,128.39,513.56,77.03399999999999,436.52599999999995,242.04,194.48599999999996
O00667,P0035,2,10,60.6,145.35,290.7,29.07,261.63,121.2,140.43
O00668,P0093,2,10,53.69,97.66,195.32,19.531999999999996,175.788,107.38,68.40800000000002
O00669,P0016,1,0,10.53,18.06,18.06,0.0,18.06,10.53,7.529999999999999
O00670,P0083,1,15,23.05,35.71,35.71,5.3565,30.3535,23.05,7.3035
O00671,P0049,3,20,16.11,26.63,79.89,15.978,63.912,48.33,15.582
O00672,P0060,2,10,16.15,46.29,92.58,9.258,83.322,32.3,51.022000000000006
O00673,P0051,4,20,75.24,202.03,808.12,161.624,646.496,300.96,345.536
O00674,P0091,1,15,59.96,114.91,114.91,17.2365,97.67349999999999,59.96,37.71349999999999
O00675,P0082,1,15,67.76,161.31,161.31,24.1965,137.1135,67.76,69.35349999999998
O00676,P0059,1,15,57.92,159.9,159.9,23.985,135.91500000000002,57.92,77.99500000000002
O00677,P0064,4,0,43.12,76.73,306.92,0.0,306.92,172.48,134.44000000000003
O00678,P0013,2,5,44.88,117.97,235.94,11.797,224.143,89.76,134.38299999999998
O00679,P0094,4,0,47.78,108.59,434.36,0.0,434.36,191.12,243.24
O00680,P0026,4,0,11.28,25.42,101.68,0.0,101.68,45.12,56.56000000000001
O00681,P0070,3,0,38.6,79.86,239.57999999999998,0.0,239.57999999999998,115.80000000000001,123.77999999999997
O00682,P0003,1,20,50.89,109.28,109.28,21.855999999999998,87.424,50.89,36.534000000000006
O00683,P0087,2,0,32.13,56.17,112.34,0.0,112.34,64.26,48.08
O00684,P0012,3,25,27.1,81.21,243.63,60.9075,182.7225,81.30000000000001,101.42249999999999
O00685,P0041,3,10,24.36,47.06,141.18,14.118000000000002,127.06200000000001,73.08,53.98200000000001
O00686,P0079,5,0,67.96,149.41,747.05,0.0,747.05,339.79999999999995,407.25
O00687,P0065,1,10,52.43,144.51,144.51,14.450999999999999,130.059,52.43,77.62899999999999
O00688,P0063,2,0,18.17,31.77,63.54,0.0,63.54,36.34,27.199999999999996
O00689,P0050,2,25,45.43,130.75,261.5,65.375,196.125,90.86,105.265
O00690,P0047,2,15,59.51,154.08,308.16,46.224000000000004,261.93600000000004,119.02,142.91600000000005
O00691,P0008,1,0,36.51,102.88,102.88,0.0,102.88,36.51,66.37
O00692,P0031,2,20,74.22,112.69,225.38,45.076,180.304,148.44,31.864000000000004
O00693,P0011,4,15,52.53,123.96,495.84,74.37599999999999,421.464,210.12,211.344
O00694,P0017,4,0,25.77,46.56,186.24,0.0,186.24,103.08,83.16000000000001
O00695,P0027,1,10,58.79,135.79,135.79,13.578999999999999,122.211,58.79,63.421
O00696,P0095,2,10,40.71,120.64,241.28,24.128,217.152,81.42,135.73199999999997
O00697,P0027,5,0,58.79,135.79,678.9499999999999,0.0,678.9499999999999,293.95,384.99999999999994
O00698,P0078,5,15,64.71,186.65,933.25,139.9875,793.2625,323.54999999999995,469.7125000000001
O00699,P0087,5,0,32.13,56.17,280.85,0.0,280.85,160.65,120.20000000000002
O00700,P0056,4,10,48.4,77.6,310.4,31.04,279.35999999999996,193.6,85.75999999999996
O00701,P0069,5,0,62.22,150.06,750.3,0.0,750.3,311.1,439.19999999999993
O00702,P0094,2,25,47.78,108.59,217.18,54.295,162.885,95.56,67.32499999999999
O00703,P0098,2,15,37.4,104.38,208.76,31.313999999999997,177.446,74.8,102.646
O00704,P0047,5,0,59.51,154.08,770.4000000000001,0.0,770.4000000000001,297.55,472.8500000000001
O00705,P0019,3,5,44.15,98.94,296.82,14.841,281.979,132.45,149.529
O00706,P0057,5,0,48.42,78.25,391.25,0.0,391.25,242.10000000000002,149.14999999999998
O00707,P0031,3,15,74.22,112.69,338.07,50.7105,287.35949999999997,222.66,64.69949999999997
O00708,P0016,1,0,10.53,18.06,18.06,0.0,18.06,10.53,7.529999999999999
O00709,P0045,1,15,61.54,101.61,101.61,15.2415,86.3685,61.54,24.8285
O00710,P0027,2,20,58.79,135.79,271.58,54.315999999999995,217.26399999999998,117.58,99.68399999999998
O00711,P0061,4,10,19.72,33.21,132.84,13.284,119.556,78.88,40.676
O00712,P0026,2,0,11.28,25.42,50.84,0.0,50.84,22.56,28.280000000000005
O00713,P0029,2,5,72.76,153.77,307.54,15.377,292.163,145.52,146.643
O00714,P0044,4,10,23.97,40.96,163.84,16.384,147.45600000000002,95.88,51.57600000000002
O00715,P0029,2,10,72.76,153.77,307.54,30.754,276.786,145.52,131.266
O00716,P0095,4,10,40.71,120.64,482.56,48.256,434.304,162.84,271.46399999999994
O00717,P0002,2,10,43.57,100.83,201.66,20.166,181.494,87.14,94.354
O00718,P0006,1,5,51.06,129.72,129.72,6.486000000000001,123.234,51.06,72.17399999999999
O00719,P0009,3,20,33.62,75.41,226.23,45.245999999999995,180.98399999999998,100.85999999999999,80.124
O00720,P0015,2,0,75.36,201.05,402.1,0.0,402.1,150.72,251.38000000000002
O00721,P0084,3,10,26.5,76.03,228.09,22.809,205.281,79.5,125.781
O00722,P0058,5,15,24.12,39.95,199.75,29.9625,169.7875,120.60000000000001,49.187499999999986
O00723,P0002,2,0,43.57,100.83,201.66,0.0,201.66,87.14,114.52
O00724,P0003,1,15,50.89,109.28,109.28,16.392,92.888,50.89,41.998000000000005
O00725,P0052,4,15,32.44,49.78,199.12,29.868000000000002,169.252,129.76,39.49200000000002
O00726,P0055,1,10,41.8,86.18,86.18,8.618,77.56200000000001,41.8,35.762000000000015
O00727,P0053,3,0,51.57,127.74,383.21999999999997,0.0,383.21999999999997,154.71,228.50999999999996
O00728,P0094,4,0,47.78,108.59,434.36,0.0,434.36,191.12,243.24
O00729,P0072,1,5,79.37,143.53,143.53,7.1765,136.3535,79.37,56.98349999999999
O00730,P0040,1,0,68.7,146.7,146.7,0.0,146.7,68.7,77.99999999999999
O00731,P0085,1,25,54.36,101.78,101.78,25.445,76.33500000000001,54.36,21.97500000000001
O00732,P0039,4,10,43.36,79.83,319.32,31.932,287.388,173.44,113.94799999999998
O00733,P0043,1,5,59.77,171.41,171.41,8.5705,162.8395,59.77,103.06949999999998
O00734,P0013,1,20,44.88,117.97,117.97,23.594,94.376,44.88,49.496
O00735,P0037,3,15,60.29,177.17,531.51,79.7265,451.7835,180.87,270.9135
O00736,P0055,1,5,41.8,86.18,86.18,4.309,81.87100000000001,41.8,40.07100000000001
O00737,P0032,1,5,10.37,24.86,24.86,1.2429999999999999,23.617,10.37,13.247000000000002
O00738,P0014,5,0,33.12,84.8,424.0,0.0,424.0,165.6,258.4
O00739,P0065,4,25,52.43,144.51,578.04,144.51,433.53,209.72,223.80999999999997
O00740,P0027,5,10,58.79,135.79,678.9499999999999,67.895,611.055,293.95,317.10499999999996
O00741,P0024,3,20,68.96,150.71,452.13,90.426,361.704,206.88,154.824
O00742,P0022,5,5,66.41,153.06,765.3,38.265,727.035,332.04999999999995,394.985
O00743,P0078,2,20,64.71,186.65,373.3,74.66,298.64,129.42,169.22
O00744,P0045,4,0,61.54,101.61,406.44,0.0,406.44,246.16,160.28
O00745,P0008,1,25,36.51,102.88,102.88,25.72,77.16,36.51,40.65
O00746,P0091,5,20,59.96,114.91,574.55,114.91,459.64,299.8,159.83999999999997
O00747,P0067,5,5,17.47,34.37,171.85,8.5925,163.2575,87.35,75.9075
O00748,P0064,1,15,43.12,76.73,76.73,11.509500000000001,65.2205,43.12,22.100500000000004
O00749,P0097,1,15,34.88,81.48,81.48,12.222000000000001,69.25800000000001,34.88,34.37800000000001
O00750,P0047,3,20,59.51,154.08,462.24,92.448,369.79200000000003,178.53,191.26200000000003
O00751,P0021,5,5,16.15,26.72,133.6,6.68,126.91999999999999,80.75,46.16999999999999
O00752,P0032,5,10,10.37,24.86,124.3,12.43,111.87,51.849999999999994,60.02000000000001
O00753,P0045,2,20,61.54,101.61,203.22,40.644,162.576,123.08,39.495999999999995
O00754,P0044,2,15,23.97,40.96,81.92,12.288,69.632,47.94,21.692000000000007
O00755,P0041,5,5,24.36,47.06,235.3,11.765,223.53500000000003,121.8,101.73500000000003
O00756,P0096,2,15,50.42,110.34,220.68,33.102000000000004,187.578,100.84,86.738
O00757,P0052,5,0,32.44,49.78,248.9,0.0,248.9,162.2,86.70000000000002
O00758,P0088,4,15,51.18,79.37,317.48,47.62200000000001,269.858,204.72,65.138
O00759,P0011,3,0,52.53,123.96,371.88,0.0,371.88,157.59,214.29
O00760,P0085,2,5,54.36,101.78,203.56,10.177999999999999,193.382,108.72,84.662
O00761,P0018,5,10,35.57,91.45,457.25,45.725,411.525,177.85,233.67499999999998
O00762,P0011,2,5,52.53,123.96,247.92,12.395999999999999,235.524,105.06,130.464
O00763,P0027,3,10,58.79,135.79,407.37,40.736999999999995,366.63300000000004,176.37,190.26300000000003
O00764,P0043,4,10,59.77,171.41,685.64,68.564,617.076,239.08,377.996
O00765,P0065,1,5,52.43,144.51,144.51,7.225499999999999,137.28449999999998,52.43,84.85449999999997
O00766,P0054,1,0,35.85,95.25,95.25,0.0,95.25,35.85,59.4
O00767,P0029,2,15,72.76,153.77,307.54,46.131,261.409,145.52,115.88899999999998
O00768,P0021,5,5,16.15,26.72,133.6,6.68,126.91999999999999,80.75,46.16999999999999
O00769,P0029,3,10,72.76,153.77,461.31000000000006,46.131,415.1790000000001,218.28000000000003,196.89900000000006
O00770,P0009,4,10,33.62,75.41,301.64,30.163999999999998,271.476,134.48,136.996
O00771,P0061,4,20,19.72,33.21,132.84,26.568,106.272,78.88,27.39200000000001
O00772,P0062,4,15,10.19,18.89,75.56,11.334000000000001,64.226,40.76,23.466
O00773,P0071,1,0,75.31,197.04,197.04,0.0,197.04,75.31,121.72999999999999
O00774,P0095,3,15,40.71,120.64,361.92,54.288000000000004,307.632,122.13,185.502
O00775,P0091,1,25,59.96,114.91,114.91,28.7275,86.1825,59.96,26.222500000000004
O00776,P0096,2,10,50.42,110.34,220.68,22.068,198.612,100.84,97.77199999999999
O00777,P0005,4,25,49.04,127.3,509.2,127.3,381.9,196.16,185.73999999999998
O00778,P0097,3,10,34.88,81.48,244.44,24.444000000000003,219.99599999999998,104.64000000000001,115.35599999999997
O00779,P0015,4,10,75.36,201.05,804.2,80.42,723.7800000000001,301.44,422.3400000000001
O00780,P0057,1,5,48.42,78.25,78.25,3.9125,74.3375,48.42,25.917500000000004
O00781,P0005,1,10,49.04,127.3,127.3,12.73,114.57,49.04,65.53
O00782,P0020,1,0,69.56,183.08,183.08,0.0,183.08,69.56,113.52000000000001
O00783,P0081,4,0,65.97,189.84,759.36,0.0,759.36,263.88,495.48
O00784,P0004,3,0,61.58,123.11,369.33,0.0,369.33,184.74,184.58999999999997
O00785,P0056,3,5,48.4,77.6,232.79999999999998,11.64,221.15999999999997,145.2,75.95999999999998
O00786,P0085,2,5,54.36,101.78,203.56,10.177999999999999,193.382,108.72,84.662
O00787,P0034,4,10,44.35,114.17,456.68,45.668,411.012,177.4,233.612
O00788,P0040,2,5,68.7,146.7,293.4,14.67,278.72999999999996,137.4,141.32999999999996
O00789,P0069,2,25,62.22,150.06,300.12,75.03,225.09,124.44,100.65
O00790,P0068,2,5,69.55,128.05,256.1,12.805,243.29500000000002,139.1,104.19500000000002
O00791,P0022,2,5,66.41,153.06,306.12,15.306,290.814,132.82,157.99400000000003
O00792,P0014,1,0,33.12,84.8,84.8,0.0,84.8,33.12,51.68
O00793,P0068,2,5,69.55,128.05,256.1,12.805,243.29500000000002,139.1,104.19500000000002
O00794,P0008,3,0,36.51,102.88,308.64,0.0,308.64,109.53,199.10999999999999
O00795,P0067,2,10,17.47,34.37,68.74,6.874,61.86599999999999,34.94,26.925999999999995
O00796,P0046,1,15,47.09,88.72,88.72,13.308,75.412,47.09,28.322000000000003
O00797,P0029,5,0,72.76,153.77,768.85,0.0,768.85,363.8,405.05
O00798,P0090,5,5,41.64,111.21,556.05,27.8025,528.2475,208.2,320.04749999999996
O00799,P0094,5,0,47.78,108.59,542.95,0.0,542.95,238.9,304.05000000000007
O00800,P0012,4,15,27.1,81.21,324.84,48.72599999999999,276.114,108.4,167.71399999999997
O00801,P0079,3,15,67.96,149.41,448.23,67.23450000000001,380.9955,203.88,177.1155
O00802,P0052,1,0,32.44,49.78,49.78,0.0,49.78,32.44,17.340000000000003
O00803,P0058,5,5,24.12,39.95,199.75,9.9875,189.7625,120.60000000000001,69.16249999999998
O00804,P0002,1,25,43.57,100.83,100.83,25.2075,75.6225,43.57,32.0525
O00805,P0001,1,5,55.42,102.17,102.17,5.1085,97.0615,55.42,41.64149999999999
O00806,P0055,4,10,41.8,86.18,344.72,34.472,310.24800000000005,167.2,143.04800000000006
O00807,P0092,5,5,72.98,133.56,667.8,33.39,634.41,364.90000000000003,269.50999999999993
O00808,P0099,2,10,47.23,108.75,217.5,21.75,195.75,94.46,101.29
O00809,P0034,1,25,44.35,114.17,114.17,28.5425,85.6275,44.35,41.277499999999996
O00810,P0064,5,25,43.12,76.73,383.65000000000003,95.9125,287.73750000000007,215.6,72.13750000000007
O00811,P0068,1,15,69.55,128.05,128.05,19.207500000000003,108.8425,69.55,39.292500000000004
O00812,P0082,4,5,67.76,161.31,645.24,32.262,612.9780000000001,271.04,341.93800000000005
O00813,P0012,4,10,27.1,81.21,324.84,32.483999999999995,292.356,108.4,183.956
O00814,P0050,2,5,45.43,130.75,261.5,13.075,248.425,90.86,157.565
O00815,P0021,4,25,16.15,26.72,106.88,26.72,80.16,64.6,15.560000000000002
O00816,P0010,5,15,72.98,190.64,953.1999999999999,142.98,810.2199999999999,364.90000000000003,445.3199999999999
O00817,P0085,4,5,54.36,101.78,407.12,20.355999999999998,386.764,217.44,169.324
O00818,P0089,2,0,57.81,113.72,227.44,0.0,227.44,115.62,111.82
O00819,P0081,3,10,65.97,189.84,569.52,56.952,512.568,197.91,314.658
O00820,P0070,1,25,38.6,79.86,79.86,19.965,59.894999999999996,38.6,21.294999999999995
O00821,P0014,1,10,33.12,84.8,84.8,8.48,76.32,33.12,43.199999999999996
O00822,P0040,5,0,68.7,146.7,733.5,0.0,733.5,343.5,390.0
O00823,P0082,2,0,67.76,161.31,322.62,0.0,322.62,135.52,187.1
O00824,P0030,2,5,50.32,133.74,267.48,13.374,254.10600000000002,100.64,153.466
O00825,P0073,2,20,24.35,65.3,130.6,26.12,104.47999999999999,48.7,55.77999999999999
O00826,P0014,1,25,33.12,84.8,84.8,21.2,63.599999999999994,33.12,30.479999999999997
O00827,P0052,4,20,32.44,49.78,199.12,39.824,159.296,129.76,29.536
O00828,P0017,1,15,25.77,46.56,46.56,6.984000000000001,39.576,25.77,13.806000000000001
O00829,P0062,1,10,10.19,18.89,18.89,1.889,17.001,10.19,6.811000000000002
O00830,P0098,1,10,37.4,104.38,104.38,10.437999999999999,93.942,37.4,56.541999999999994
O00831,P0022,4,10,66.41,153.06,612.24,61.224,551.016,265.64,285.376
O00832,P0053,3,15,51.57,127.74,383.21999999999997,57.48299999999999,325.73699999999997,154.71,171.02699999999996
O00833,P0032,5,5,10.37,24.86,124.3,6.215,118.085,51.849999999999994,66.235
O00834,P0076,3,10,60.51,128.39,385.16999999999996,38.516999999999996,346.65299999999996,181.53,165.12299999999996
O00835,P0055,3,0,41.8,86.18,258.54,0.0,258.54,125.39999999999999,133.14000000000004
O00836,P0080,1,5,62.54,138.92,138.92,6.945999999999999,131.974,62.54,69.434
O00837,P0022,3,15,66.41,153.06,459.18,68.877,390.303,199.23,191.073
O00838,P0038,1,20,47.45,95.55,95.55,19.11,76.44,47.45,28.989999999999995
O00839,P0050,1,10,45.43,130.75,130.75,13.075,117.675,45.43,72.245
O00840,P0066,5,0,65.6,131.08,655.4000000000001,0.0,655.4000000000001,328.0,327.4000000000001
O00841,P0045,2,20,61.54,101.61,203.22,40.644,162.576,123.08,39.495999999999995
O00842,P0008,1,15,36.51,102.88,102.88,15.431999999999999,87.448,36.51,50.937999999999995
O00843,P0065,3,5,52.43,144.51,433.53,21.676499999999997,411.8535,157.29,254.5635
O00844,P0040,5,10,68.7,146.7,733.5,73.35,660.15,343.5,316.65
O00845,P0005,3,5,49.04,127.3,381.9,19.095,362.80499999999995,147.12,215.68499999999995
O00846,P0045,2,10,61.54,101.61,203.22,20.322,182.898,123.08,59.818
O00847,P0046,4,20,47.09,88.72,354.88,70.976,283.904,188.36,95.54399999999998
O00848,P0036,2,0,67.46,184.85,369.7,0.0,369.7,134.92,234.78
O00849,P0017,5,0,25.77,46.56,232.8,0.0,232.8,128.85,103.95000000000002
O00850,P0041,2,0,24.36,47.06,94.12,0.0,94.12,48.72,45.400000000000006
O00851,P0030,2,5,50.32,133.74,267.48,13.374,254.10600000000002,100.64,153.466
O00852,P0052,5,0,32.44,49.78,248.9,0.0,248.9,162.2,86.70000000000002
O00853,P0079,5,0,67.96,149.41,747.05,0.0,747.05,339.79999999999995,407.25
O00854,P0020,3,0,69.56,183.08,549.24,0.0,549.24,208.68,340.56
O00855,P0036,1,0,67.46,184.85,184.85,0.0,184.85,67.46,117.39
O00856,P0066,4,5,65.6,131.08,524.32,26.216000000000005,498.10400000000004,262.4,235.70400000000006
O00857,P0045,4,0,61.54,101.61,406.44,0.0,406.44,246.16,160.28
O00858,P0004,4,10,61.58,123.11,492.44,49.244,443.196,246.32,196.87600000000003
O00859,P0050,2,10,45.43,130.75,261.5,26.15,235.35,90.86,144.49
O00860,P0088,5,0,51.18,79.37,396.85,0.0,396.85,255.9,140.95000000000002
O00861,P0055,5,10,41.8,86.18,430.90000000000003,43.09,387.81000000000006,209.0,178.81000000000006
O00862,P0059,5,25,57.92,159.9,799.5,199.875,599.625,289.6,310.025
O00863,P0042,1,20,77.76,188.37,188.37,37.674,150.696,77.76,72.93599999999999
O00864,P0002,5,0,43.57,100.83,504.15,0.0,504.15,217.85,286.29999999999995
O00865,P0046,5,15,47.09,88.72,443.6,66.54,377.06,235.45000000000002,141.60999999999999
O00866,P0002,2,5,43.57,100.83,201.66,10.083,191.577,87.14,104.437
O00867,P0050,3,0,45.43,130.75,392.25,0.0,392.25,136.29,255.96
O00868,P0001,4,5,55.42,102.17,408.68,20.434,388.246,221.68,166.56599999999997
O00869,P0013,2,5,44.88,117.97,235.94,11.797,224.143,89.76,134.38299999999998
O00870,P0070,2,10,38.6,79.86,159.72,15.972000000000001,143.748,77.2,66.54799999999999
O00871,P0022,2,10,66.41,153.06,306.12,30.612,275.508,132.82,142.688
O00872,P0017,4,15,25.77,46.56,186.24,27.936000000000003,158.304,103.08,55.224000000000004
O00873,P0059,2,0,57.92,159.9,319.8,0.0,319.8,115.84,203.96
O00874,P0086,3,5,73.55,174.05,522.1500000000001,26.107500000000005,496.0425000000001,220.64999999999998,275.3925000000001
O00875,P0070,5,5,38.6,79.86,399.3,19.965,379.33500000000004,193.0,186.33500000000004
O00876,P0003,3,5,50.89,109.28,327.84000000000003,16.392000000000003,311.44800000000004,152.67000000000002,158.77800000000002
O00877,P0070,5,25,38.6,79.86,399.3,99.825,299.475,193.0,106.47500000000002
O00878,P0081,5,15,65.97,189.84,949.2,142.38,806.82,329.85,476.97
O00879,P0099,2,25,47.23,108.75,217.5,54.375,163.125,94.46,68.665
O00880,P0049,2,10,16.11,26.63,53.26,5.3260000000000005,47.934,32.22,15.713999999999999
O00881,P0050,4,5,45.43,130.75,523.0,26.15,496.85,181.72,315.13
O00882,P0035,1,5,60.6,145.35,145.35,7.2675,138.08249999999998,60.6,77.48249999999999
O00883,P0023,3,10,13.9,28.75,86.25,8.625,77.625,41.7,35.925
O00884,P0072,4,5,79.37,143.53,574.12,28.706,545.414,317.48,227.93399999999997
O00885,P0007,4,15,49.51,86.65,346.6,51.99,294.61,198.04,96.57000000000002
O00886,P0050,3,10,45.43,130.75,392.25,39.225,353.025,136.29,216.73499999999999
O00887,P0010,3,5,72.98,190.64,571.92,28.596,543.324,218.94,324.38399999999996
O00888,P0090,5,15,41.64,111.21,556.05,83.4075,472.6424999999999,208.2,264.44249999999994
O00889,P0055,1,20,41.8,86.18,86.18,17.236,68.944,41.8,27.144000000000005
O00890,P0074,2,5,36.55,87.92,175.84,8.792,167.048,73.1,93.94800000000001
O00891,P0019,1,10,44.15,98.94,98.94,9.894,89.04599999999999,44.15,44.895999999999994
O00892,P0023,1,0,13.9,28.75,28.75,0.0,28.75,13.9,14.85
O00893,P0095,2,10,40.71,120.64,241.28,24.128,217.152,81.42,135.73199999999997
O00894,P0064,1,0,43.12,76.73,76.73,0.0,76.73,43.12,33.61000000000001
O00895,P0033,4,0,78.25,183.75,735.0,0.0,735.0,313.0,422.0
O00896,P0066,4,10,65.6,131.08,524.32,52.43200000000001,471.88800000000003,262.4,209.48800000000006
O00897,P0092,2,5,72.98,133.56,267.12,13.356,253.764,145.96,107.804
O00898,P0096,2,15,50.42,110.34,220.68,33.102000000000004,187.578,100.84,86.738
O00899,P0097,3,20,34.88,81.48,244.44,48.888000000000005,195.552,104.64000000000001,90.91199999999998
O00900,P0009,3,0,33.62,75.41,226.23,0.0,226.23,100.85999999999999,125.37
O00901,P0029,1,15,72.76,153.77,153.77,23.0655,130.7045,72.76,57.94449999999999
O00902,P0079,1,10,67.96,149.41,149.41,14.940999999999999,134.469,67.96,66.509
O00903,P0018,2,0,35.57,91.45,182.9,0.0,182.9,71.14,111.76
O00904,P0082,1,10,67.76,161.31,161.31,16.131,145.179,67.76,77.419
O00905,P0071,5,10,75.31,197.04,985.1999999999999,98.52,886.68,376.55,510.12999999999994
O00906,P0078,4,10,64.71,186.65,746.6,74.66,671.94,258.84,413.1000000000001
O00907,P0029,1,20,72.76,153.77,153.77,30.754,123.016,72.76,50.256
O00908,P0083,1,10,23.05,35.71,35.71,3.571,32.139,23.05,9.089000000000002
O00909,P0061,3,25,19.72,33.21,99.63,24.9075,74.7225,59.16,15.5625
O00910,P0005,5,10,49.04,127.3,636.5,63.65,572.85,245.2,327.65000000000003
O00911,P0069,1,0,62.22,150.06,150.06,0.0,150.06,62.22,87.84
O00912,P0056,4,10,48.4,77.6,310.4,31.04,279.35999999999996,193.6,85.75999999999996
O00913,P0052,1,0,32.44,49.78,49.78,0.0,49.78,32.44,17.340000000000003
O00914,P0015,2,10,75.36,201.05,402.1,40.21,361.89000000000004,150.72,211.17000000000004
O00915,P0090,5,10,41.64,111.21,556.05,55.605,500.44499999999994,208.2,292.24499999999995
O00916,P0088,1,10,51.18,79.37,79.37,7.937,71.433,51.18,20.253000000000007
O00917,P0083,5,0,23.05,35.71,178.55,0.0,178.55,115.25,63.30000000000001
O00918,P0020,1,10,69.56,183.08,183.08,18.308000000000003,164.77200000000002,69.56,95.21200000000002
O00919,P0073,4,0,24.35,65.3,261.2,0.0,261.2,97.4,163.79999999999998
O00920,P0092,4,10,72.98,133.56,534.24,53.424,480.81600000000003,291.92,188.89600000000002
O00921,P0016,5,15,10.53,18.06,90.3,13.545,76.755,52.65,24.104999999999997
O00922,P0075,3,25,74.85,125.1,375.29999999999995,93.82499999999999,281.47499999999997,224.54999999999998,56.92499999999998
O00923,P0098,3,0,37.4,104.38,313.14,0.0,313.14,112.19999999999999,200.94
O00924,P0025,2,10,13.61,32.74,65.48,6.548000000000001,58.932,27.22,31.712000000000003
O00925,P0057,3,10,48.42,78.25,234.75,23.475,211.275,145.26,66.01500000000001
O00926,P0021,5,20,16.15,26.72,133.6,26.72,106.88,80.75,26.129999999999995
O00927,P0005,3,10,49.04,127.3,381.9,38.19,343.71,147.12,196.58999999999997
O00928,P0075,2,0,74.85,125.1,250.2,0.0,250.2,149.7,100.5
O00929,P0009,1,5,33.62,75.41,75.41,3.7704999999999997,71.6395,33.62,38.0195
O00930,P0011,3,10,52.53,123.96,371.88,37.188,334.692,157.59,177.102
O00931,P0065,5,15,52.43,144.51,722.55,108.3825,614.1675,262.15,352.01750000000004
O00932,P0063,5,20,18.17,31.77,158.85,31.77,127.08,90.85000000000001,36.22999999999999
O00933,P0026,2,0,11.28,25.42,50.84,0.0,50.84,22.56,28.280000000000005
O00934,P0074,2,25,36.55,87.92,175.84,43.96,131.88,73.1,58.78
O00935,P0019,4,0,44.15,98.94,395.76,0.0,395.76,176.6,219.16
O00936,P0016,4,25,10.53,18.06,72.24,18.06,54.17999999999999,42.12,12.059999999999995
O00937,P0056,4,20,48.4,77.6,310.4,62.08,248.32,193.6,54.72
O00938,P0068,1,10,69.55,128.05,128.05,12.805,115.245,69.55,45.69500000000001
O00939,P0078,5,15,64.71,186.65,933.25,139.9875,793.2625,323.54999999999995,469.7125000000001
O00940,P0030,4,0,50.32,133.74,534.96,0.0,534.96,201.28,333.68000000000006
O00941,P0007,5,0,49.51,86.65,433.25,0.0,433.25,247.54999999999998,185.70000000000002
O00942,P0012,2,0,27.1,81.21,162.42,0.0,162.42,54.2,108.21999999999998
O00943,P0024,1,0,68.96,150.71,150.71,0.0,150.71,68.96,81.75000000000001
O00944,P0022,2,10,66.41,153.06,306.12,30.612,275.508,132.82,142.688
O00945,P0047,5,0,59.51,154.08,770.4000000000001,0.0,770.4000000000001,297.55,472.8500000000001
O00946,P0030,4,20,50.32,133.74,534.96,106.992,427.968,201.28,226.68800000000002
O00947,P0060,2,5,16.15,46.29,92.58,4.629,87.951,32.3,55.650999999999996
O00948,P0039,3,10,43.36,79.83,239.49,23.949,215.541,130.07999999999998,85.46100000000001
O00949,P0020,1,10,69.56,183.08,183.08,18.308000000000003,164.77200000000002,69.56,95.21200000000002
O00950,P0026,5,5,11.28,25.42,127.10000000000001,6.355,120.745,56.4,64.345
O00951,P0049,4,0,16.11,26.63,106.52,0.0,106.52,64.44,42.08
O00952,P0069,2,5,62.22,150.06,300.12,15.005999999999998,285.11400000000003,124.44,160.67400000000004
O00953,P0042,1,15,77.76,188.37,188.37,28.2555,160.1145,77.76,82.35449999999999
O00954,P0006,4,10,51.06,129.72,518.88,51.888000000000005,466.99199999999996,204.24,262.75199999999995
O00955,P0053,2,5,51.57,127.74,255.48,12.774,242.706,103.14,139.56599999999997
O00956,P0034,5,15,44.35,114.17,570.85,85.6275,485.2225,221.75,263.4725
O00957,P0069,3,0,62.22,150.06,450.18,0.0,450.18,186.66,263.52
O00958,P0010,3,10,72.98,190.64,571.92,57.192,514.728,218.94,295.78799999999995
O00959,P0028,5,5,79.81,177.94,889.7,44.485,845.215,399.05,446.165
O00960,P0003,1,15,50.89,109.28,109.28,16.392,92.888,50.89,41.998000000000005
O00961,P0077,5,20,13.37,37.37,186.85,37.37,149.48,66.85,82.63
O00962,P0048,2,15,63.74,152.3,304.6,45.69,258.91,127.48,131.43
O00963,P0066,1,5,65.6,131.08,131.08,6.554000000000001,124.52600000000001,65.6,58.926000000000016
O00964,P0035,3,0,60.6,145.35,436.04999999999995,0.0,436.04999999999995,181.8,254.24999999999994
O00965,P0052,2,15,32.44,49.78,99.56,14.934000000000001,84.626,64.88,19.74600000000001
O00966,P0062,4,10,10.19,18.89,75.56,7.556,68.004,40.76,27.244000000000007
O00967,P0052,4,0,32.44,49.78,199.12,0.0,199.12,129.76,69.36000000000001
O00968,P0047,4,15,59.51,154.08,616.32,92.44800000000001,523.8720000000001,238.04,285.8320000000001
O00969,P0054,3,5,35.85,95.25,285.75,14.2875,271.4625,107.55000000000001,163.91249999999997
O00970,P0028,5,0,79.81,177.94,889.7,0.0,889.7,399.05,490.65000000000003
O00971,P0023,1,20,13.9,28.75,28.75,5.75,23.0,13.9,9.1
O00972,P0087,3,10,32.13,56.17,168.51,16.851,151.659,96.39000000000001,55.26899999999998
O00973,P0035,2,5,60.6,145.35,290.7,14.535,276.16499999999996,121.2,154.96499999999997
O00974,P0032,2,15,10.37,24.86,49.72,7.457999999999999,42.262,20.74,21.522000000000002
O00975,P0002,4,20,43.57,100.83,403.32,80.664,322.656,174.28,148.376
O00976,P0016,1,0,10.53,18.06,18.06,0.0,18.06,10.53,7.529999999999999
O00977,P0016,4,10,10.53,18.06,72.24,7.224,65.01599999999999,42.12,22.895999999999994
O00978,P0051,2,15,75.24,202.03,404.06,60.608999999999995,343.451,150.48,192.97100000000003
O00979,P0067,2,0,17.47,34.37,68.74,0.0,68.74,34.94,33.8
O00980,P0092,5,10,72.98,133.56,667.8,66.78,601.02,364.90000000000003,236.11999999999995
O00981,P0093,5,0,53.69,97.66,488.29999999999995,0.0,488.29999999999995,268.45,219.84999999999997
O00982,P0054,5,15,35.85,95.25,476.25,71.4375,404.8125,179.25,225.5625
O00983,P0020,4,15,69.56,183.08,732.32,109.84800000000001,622.472,278.24,344.23199999999997
O00984,P0100,1,0,14.66,26.05,26.05,0.0,26.05,14.66,11.39
O00985,P0033,5,15,78.25,183.75,918.75,137.8125,780.9375,391.25,389.6875
O00986,P0086,3,15,73.55,174.05,522.1500000000001,78.32250000000002,443.8275000000001,220.64999999999998,223.17750000000012
O00987,P0008,5,5,36.51,102.88,514.4,25.72,488.67999999999995,182.54999999999998,306.13
O00988,P0024,4,10,68.96,150.71,602.84,60.284000000000006,542.556,275.84,266.71600000000007
O00989,P0053,1,0,51.57,127.74,127.74,0.0,127.74,51.57,76.16999999999999
O00990,P0064,5,20,43.12,76.73,383.65000000000003,76.73,306.92,215.6,91.32000000000002
O00991,P0058,1,10,24.12,39.95,39.95,3.995,35.955000000000005,24.12,11.835000000000004
O00992,P0037,3,10,60.29,177.17,531.51,53.151,478.359,180.87,297.489
O00993,P0084,2,10,26.5,76.03,152.06,15.206,136.854,53.0,83.85400000000001
O00994,P0012,1,10,27.1,81.21,81.21,8.120999999999999,73.089,27.1,45.989
O00995,P0084,5,20,26.5,76.03,380.15,76.03,304.12,132.5,171.62
O00996,P0084,4,10,26.5,76.03,304.12,30.412,273.708,106.0,167.70800000000003
O00997,P0004,4,20,61.58,123.11,492.44,98.488,393.952,246.32,147.632
O00998,P0094,4,10,47.78,108.59,434.36,43.43600000000001,390.924,191.12,199.80399999999997
O00999,P0031,4,0,74.22,112.69,450.76,0.0,450.76,296.88,153.88
O01000,P0086,1,20,73.55,174.05,174.05,34.81,139.24,73.55,65.69000000000001
O01001,P0079,4,10,67.96,149.41,597.64,59.763999999999996,537.876,271.84,266.036
O01002,P0038,2,10,47.45,95.55,191.1,19.11,171.99,94.9,77.09
O01003,P0037,3,25,60.29,177.17,531.51,132.8775,398.6325,180.87,217.7625
O01004,P0092,1,0,72.98,133.56,133.56,0.0,133.56,72.98,60.58
O01005,P0075,1,5,74.85,125.1,125.1,6.255,118.845,74.85,43.995000000000005
O01006,P0014,4,0,33.12,84.8,339.2,0.0,339.2,132.48,206.72
O01007,P0075,4,10,74.85,125.1,500.4,50.04,450.35999999999996,299.4,150.95999999999998
O01008,P0073,1,15,24.35,65.3,65.3,9.795,55.504999999999995,24.35,31.154999999999994
O01009,P0024,4,25,68.96,150.71,602.84,150.71,452.13,275.84,176.29000000000002
O01010,P0010,4,10,72.98,190.64,762.56,76.256,686.304,291.92,394.38399999999996
O01011,P0038,4,15,47.45,95.55,382.2,57.33,324.87,189.8,135.07
O01012,P0043,4,20,59.77,171.41,685.64,137.128,548.512,239.08,309.4319999999999
O01013,P0037,4,10,60.29,177.17,708.68,70.868,637.8119999999999,241.16,396.65199999999993
O01014,P0042,5,0,77.76,188.37,941.85,0.0,941.85,388.8,553.05
O01015,P0032,5,10,10.37,24.86,124.3,12.43,111.87,51.849999999999994,60.02000000000001
O01016,P0084,5,25,26.5,76.03,380.15,95.0375,285.11249999999995,132.5,152.61249999999995
O01017,P0014,1,25,33.12,84.8,84.8,21.2,63.599999999999994,33.12,30.479999999999997
O01018,P0004,3,10,61.58,123.11,369.33,36.933,332.397,184.74,147.65699999999998
O01019,P0024,1,20,68.96,150.71,150.71,30.142000000000003,120.56800000000001,68.96,51.60800000000002
O01020,P0096,5,0,50.42,110.34,551.7,0.0,551.7,252.10000000000002,299.6
O01021,P0010,1,0,72.98,190.64,190.64,0.0,190.64,72.98,117.65999999999998
O01022,P0016,3,25,10.53,18.06,54.17999999999999,13.544999999999998,40.63499999999999,31.589999999999996,9.044999999999995
O01023,P0039,4,0,43.36,79.83,319.32,0.0,319.32,173.44,145.88
O01024,P0096,2,0,50.42,110.34,220.68,0.0,220.68,100.84,119.84
O01025,P0018,5,5,35.57,91.45,457.25,22.8625,434.3875,177.85,256.5375
O01026,P0025,5,10,13.61,32.74,163.70000000000002,16.37,147.33,68.05,79.28000000000002
O01027,P0007,3,10,49.51,86.65,259.95000000000005,25.995000000000005,233.95500000000004,148.53,85.42500000000004
O01028,P0056,4,5,48.4,77.6,310.4,15.52,294.88,193.6,101.28
O01029,P0047,4,20,59.51,154.08,616.32,123.26400000000001,493.05600000000004,238.04,255.01600000000005
O01030,P0082,2,20,67.76,161.31,322.62,64.524,258.096,135.52,122.576
O01031,P0082,4,5,67.76,161.31,645.24,32.262,612.9780000000001,271.04,341.93800000000005
O01032,P0003,3,5,50.89,109.28,327.84000000000003,16.392000000000003,311.44800000000004,152.67000000000002,158.77800000000002
O01033,P0001,4,15,55.42,102.17,408.68,61.302,347.378,221.68,125.69799999999998
O01034,P0033,3,10,78.25,183.75,551.25,55.125,496.125,234.75,261.375
O01035,P0071,5,5,75.31,197.04,985.1999999999999,49.26,935.9399999999999,376.55,559.3899999999999
O01036,P0074,5,5,36.55,87.92,439.6,21.98,417.62,182.75,234.87
O01037,P0059,5,5,57.92,159.9,799.5,39.975,759.525,289.6,469.92499999999995
O01038,P0072,1,0,79.37,143.53,143.53,0.0,143.53,79.37,64.16
O01039,P0032,5,10,10.37,24.86,124.3,12.43,111.87,51.849999999999994,60.02000000000001
O01040,P0087,3,10,32.13,56.17,168.51,16.851,151.659,96.39000000000001,55.26899999999998
O01041,P0017,2,15,25.77,46.56,93.12,13.968000000000002,79.152,51.54,27.612000000000002
O01042,P0078,4,15,64.71,186.65,746.6,111.99,634.61,258.84,375.77000000000004
O01043,P0017,5,5,25.77,46.56,232.8,11.64,221.16000000000003,128.85,92.31000000000003
O01044,P0089,1,15,57.81,113.72,113.72,17.058,96.662,57.81,38.852000000000004
O01045,P0021,1,0,16.15,26.72,26.72,0.0,26.72,16.15,10.57
O01046,P0055,3,10,41.8,86.18,258.54,25.854,232.68600000000004,125.39999999999999,107.28600000000004
O01047,P0006,2,15,51.06,129.72,259.44,38.916,220.524,102.12,118.404
O01048,P0084,5,10,26.5,76.03,380.15,38.015,342.135,132.5,209.635
O01049,P0049,5,10,16.11,26.63,133.15,13.315,119.83500000000001,80.55,39.28500000000001
O01050,P0084,1,10,26.5,76.03,76.03,7.603,68.427,26.5,41.92700000000001
O01051,P0026,3,20,11.28,25.42,76.26,15.252,61.008,33.839999999999996,27.168000000000006
O01052,P0032,1,10,10.37,24.86,24.86,2.4859999999999998,22.374,10.37,12.004
O01053,P0072,1,15,79.37,143.53,143.53,21.5295,122.0005,79.37,42.6305
O01054,P0044,2,25,23.97,40.96,81.92,20.48,61.44,47.94,13.5
O01055,P0059,3,15,57.92,159.9,479.70000000000005,71.95500000000001,407.745,173.76,233.985
O01056,P0029,2,10,72.76,153.77,307.54,30.754,276.786,145.52,131.266
O01057,P0017,3,0,25.77,46.56,139.68,0.0,139.68,77.31,62.370000000000005
O01058,P0018,5,5,35.57,91.45,457.25,22.8625,434.3875,177.85,256.5375
O01059,P0040,4,10,68.7,146.7,586.8,58.68,528.12,274.8,253.32
O01060,P0063,4,15,18.17,31.77,127.08,19.062,108.018,72.68,35.337999999999994
O01061,P0082,3,5,67.76,161.31,483.93,24.1965,459.7335,203.28000000000003,256.45349999999996
O01062,P0075,4,25,74.85,125.1,500.4,125.1,375.29999999999995,299.4,75.89999999999998
O01063,P0045,1,5,61.54,101.61,101.61,5.0805,96.5295,61.54,34.9895
O01064,P0076,5,15,60.51,128.39,641.9499999999999,96.29249999999998,545.6574999999999,302.55,243.1074999999999
O01065,P0079,5,5,67.96,149.41,747.05,37.3525,709.6975,339.79999999999995,369.89750000000004
O01066,P0090,4,10,41.64,111.21,444.84,44.483999999999995,400.356,166.56,233.796
O01067,P0003,3,15,50.89,109.28,327.84000000000003,49.176,278.66400000000004,152.67000000000002,125.99400000000003
O01068,P0003,1,5,50.89,109.28,109.28,5.4639999999999995,103.816,50.89,52.926
O01069,P0038,3,0,47.45,95.55,286.65,0.0,286.65,142.35000000000002,144.29999999999995
O01070,P0099,4,10,47.23,108.75,435.0,43.5,391.5,188.92,202.58
O01071,P0073,5,10,24.35,65.3,326.5,32.65,293.85,121.75,172.10000000000002
O01072,P0040,5,15,68.7,146.7,733.5,110.025,623.475,343.5,279.975
O01073,P0068,3,25,69.55,128.05,384.15000000000003,96.0375,288.11250000000007,208.64999999999998,79.46250000000009
O01074,P0054,2,0,35.85,95.25,190.5,0.0,190.5,71.7,118.8
O01075,P0020,3,10,69.56,183.08,549.24,54.924,494.31600000000003,208.68,285.636
O01076,P0015,2,10,75.36,201.05,402.1,40.21,361.89000000000004,150.72,211.17000000000004
O01077,P0093,3,25,53.69,97.66,292.98,73.245,219.735,161.07,58.66500000000002
O01078,P0005,2,20,49.04,127.3,254.6,50.92,203.68,98.08,105.60000000000001
O01079,P0039,2,15,43.36,79.83,159.66,23.949,135.71099999999998,86.72,48.990999999999985
O01080,P0040,2,10,68.7,146.7,293.4,29.34,264.06,137.4,126.66
O01081,P0007,2,0,49.51,86.65,173.3,0.0,173.3,99.02,74.28000000000002
O01082,P0072,1,5,79.37,143.53,143.53,7.1765,136.3535,79.37,56.98349999999999
O01083,P0096,2,10,50.42,110.34,220.68,22.068,198.612,100.84,97.77199999999999
O01084,P0100,2,15,14.66,26.05,52.1,7.815,44.285000000000004,29.32,14.965000000000003
O01085,P0033,5,10,78.25,183.75,918.75,91.875,826.875,391.25,435.625
O01086,P0037,1,15,60.29,177.17,177.17,26.575499999999998,150.59449999999998,60.29,90.30449999999999
O01087,P0032,2,5,10.37,24.86,49.72,2.4859999999999998,47.234,20.74,26.494000000000003
O01088,P0043,4,15,59.77,171.41,685.64,102.846,582.794,239.08,343.71399999999994
O01089,P0063,1,0,18.17,31.77,31.77,0.0,31.77,18.17,13.599999999999998
O01090,P0036,5,0,67.46,184.85,924.25,0.0,924.25,337.29999999999995,586.95
O01091,P0098,3,0,37.4,104.38,313.14,0.0,313.14,112.19999999999999,200.94
O01092,P0049,5,20,16.11,26.63,133.15,26.63,106.52000000000001,80.55,25.970000000000013
O01093,P0025,5,0,13.61,32.74,163.70000000000002,0.0,163.70000000000002,68.05,95.65000000000002
O01094,P0096,1,15,50.42,110.34,110.34,16.551000000000002,93.789,50.42,43.369
O01095,P0066,1,0,65.6,131.08,131.08,0.0,131.08,65.6,65.48000000000002
O01096,P0009,4,10,33.62,75.41,301.64,30.163999999999998,271.476,134.48,136.996
O01097,P0093,4,20,53.69,97.66,390.64,78.12799999999999,312.512,214.76,97.75200000000001
O01098,P0018,1,10,35.57,91.45,91.45,9.145,82.305,35.57,46.73500000000001
O01099,P0022,1,0,66.41,153.06,153.06,0.0,153.06,66.41,86.65
O01100,P0099,1,5,47.23,108.75,108.75,5.4375,103.3125,47.23,56.0825
O01101,P0015,3,20,75.36,201.05,603.1500000000001,120.63000000000002,482.5200000000001,226.07999999999998,256.4400000000001
O01102,P0007,5,5,49.51,86.65,433.25,21.6625,411.5875,247.54999999999998,164.0375
O01103,P0013,4,10,44.88,117.97,471.88,47.188,424.692,179.52,245.172
O01104,P0036,4,10,67.46,184.85,739.4,73.94,665.46,269.84,395.62000000000006
O01105,P0016,2,5,10.53,18.06,36.12,1.806,34.314,21.06,13.254000000000001
O01106,P0041,3,0,24.36,47.06,141.18,0.0,141.18,73.08,68.10000000000001
O01107,P0021,1,10,16.15,26.72,26.72,2.6719999999999997,24.048,16.15,7.898
O01108,P0028,1,15,79.81,177.94,177.94,26.691,151.249,79.81,71.439
O01109,P0074,3,5,36.55,87.92,263.76,13.187999999999999,250.572,109.64999999999999,140.92200000000003
O01110,P0083,4,15,23.05,35.71,142.84,21.426,121.414,92.2,29.214
O01111,P0017,1,20,25.77,46.56,46.56,9.312000000000001,37.248000000000005,25.77,11.478000000000005
O01112,P0065,2,20,52.43,144.51,289.02,57.803999999999995,231.21599999999998,104.86,126.35599999999998
O01113,P0013,4,0,44.88,117.97,471.88,0.0,471.88,179.52,292.36
O01114,P0036,5,5,67.46,184.85,924.25,46.2125,878.0375,337.29999999999995,540.7375000000001
O01115,P0058,3,20,24.12,39.95,119.85000000000001,23.97,95.88000000000001,72.36,23.52000000000001
O01116,P0020,4,0,69.56,183.08,732.32,0.0,732.32,278.24,454.08000000000004
O01117,P0052,5,0,32.44,49.78,248.9,0.0,248.9,162.2,86.70000000000002
O01118,P0006,2,20,51.06,129.72,259.44,51.888000000000005,207.552,102.12,105.43199999999999
O01119,P0023,3,5,13.9,28.75,86.25,4.3125,81.9375,41.7,40.2375
O01120,P0042,1,5,77.76,188.37,188.37,9.4185,178.9515,77.76,101.1915
O01121,P0024,1,5,68.96,150.71,150.71,7.535500000000001,143.1745,68.96,74.2145
O01122,P0005,5,15,49.04,127.3,636.5,95.475,541.025,245.2,295.825
O01123,P0032,4,5,10.37,24.86,99.44,4.9719999999999995,94.468,41.48,52.98800000000001
O01124,P0046,2,20,47.09,88.72,177.44,35.488,141.952,94.18,47.77199999999999
O01125,P0017,5,10,25.77,46.56,232.8,23.28,209.52,128.85,80.67000000000002
O01126,P0075,2,10,74.85,125.1,250.2,25.02,225.17999999999998,149.7,75.47999999999999
O01127,P0027,2,5,58.79,135.79,271.58,13.578999999999999,258.001,117.58,140.421
O01128,P0068,2,0,69.55,128.05,256.1,0.0,256.1,139.1,117.00000000000003
O01129,P0023,3,10,13.9,28.75,86.25,8.625,77.625,41.7,35.925
O01130,P0087,5,5,32.13,56.17,280.85,14.0425,266.8075,160.65,106.1575
O01131,P0034,3,20,44.35,114.17,342.51,68.502,274.008,133.05,140.95799999999997
O01132,P0021,4,10,16.15,26.72,106.88,10.687999999999999,96.192,64.6,31.592
O01133,P0022,4,10,66.41,153.06,612.24,61.224,551.016,265.64,285.376
O01134,P0065,1,5,52.43,144.51,144.51,7.225499999999999,137.28449999999998,52.43,84.85449999999997
O01135,P0032,1,15,10.37,24.86,24.86,3.7289999999999996,21.131,10.37,10.761000000000001
O01136,P0062,1,5,10.19,18.89,18.89,0.9445,17.9455,10.19,7.7555
O01137,P0028,4,5,79.81,177.94,711.76,35.588,676.172,319.24,356.932
O01138,P0082,2,20,67.76,161.31,322.62,64.524,258.096,135.52,122.576
O01139,P0007,2,10,49.51,86.65,173.3,17.33,155.97000000000003,99.02,56.95000000000003
O01140,P0054,5,10,35.85,95.25,476.25,47.625,428.625,179.25,249.375
O01141,P0070,4,10,38.6,79.86,319.44,31.944000000000003,287.496,154.4,133.09599999999998
O01142,P0014,1,15,33.12,84.8,84.8,12.72,72.08,33.12,38.96
O01143,P0094,4,5,47.78,108.59,434.36,21.718000000000004,412.642,191.12,221.522
O01144,P0055,2,0,41.8,86.18,172.36,0.0,172.36,83.6,88.76000000000002
O01145,P0058,2,15,24.12,39.95,79.9,11.985,67.915,48.24,19.675000000000004
O01146,P0044,3,0,23.97,40.96,122.88,0.0,122.88,71.91,50.97
O01147,P0046,3,15,47.09,88.72,266.15999999999997,39.924,226.23599999999996,141.27,84.96599999999995
O01148,P0014,5,0,33.12,84.8,424.0,0.0,424.0,165.6,258.4
O01149,P0044,4,5,23.97,40.96,163.84,8.192,155.648,95.88,59.768
O01150,P0041,3,0,24.36,47.06,141.18,0.0,141.18,73.08,68.10000000000001
O01151,P0073,3,10,24.35,65.3,195.89999999999998,19.589999999999996,176.30999999999997,73.05000000000001,103.25999999999996
O01152,P0095,4,10,40.71,120.64,482.56,48.256,434.304,162.84,271.46399999999994
O01153,P0002,2,0,43.57,100.83,201.66,0.0,201.66,87.14,114.52
O01154,P0082,5,5,67.76,161.31,806.55,40.3275,766.2225,338.8,427.42249999999996
O01155,P0005,5,20,49.04,127.3,636.5,127.3,509.2,245.2,264.0
O01156,P0090,5,5,41.64,111.21,556.05,27.8025,528.2475,208.2,320.04749999999996
O01157,P0087,3,15,32.13,56.17,168.51,25.276499999999995,143.2335,96.39000000000001,46.84349999999998
O01158,P0012,2,20,27.1,81.21,162.42,32.483999999999995,129.93599999999998,54.2,75.73599999999998
O01159,P0078,5,25,64.71,186.65,933.25,233.3125,699.9375,323.54999999999995,376.38750000000005
O01160,P0077,4,20,13.37,37.37,149.48,29.896,119.58399999999999,53.48,66.10399999999998
O01161,P0099,5,5,47.23,108.75,543.75,27.1875,516.5625,236.14999999999998,280.4125
O01162,P0047,1,25,59.51,154.08,154.08,38.52,115.56,59.51,56.050000000000004
O01163,P0079,2,15,67.96,149.41,298.82,44.823,253.99699999999999,135.92,118.077
O01164,P0035,1,15,60.6,145.35,145.35,21.8025,123.5475,60.6,62.9475
O01165,P0019,2,0,44.15,98.94,197.88,0.0,197.88,88.3,109.58
O01166,P0079,4,25,67.96,149.41,597.64,149.41,448.23,271.84,176.39000000000004
O01167,P0063,3,15,18.17,31.77,95.31,14.296500000000002,81.0135,54.510000000000005,26.50349999999999
O01168,P0008,3,15,36.51,102.88,308.64,46.29599999999999,262.344,109.53,152.814
O01169,P0023,2,0,13.9,28.75,57.5,0.0,57.5,27.8,29.7
O01170,P0013,5,0,44.88,117.97,589.85,0.0,589.85,224.4,365.45000000000005
O01171,P0023,1,25,13.9,28.75,28.75,7.1875,21.5625,13.9,7.6625
O01172,P0031,4,10,74.22,112.69,450.76,45.076,405.68399999999997,296.88,108.80399999999997
O01173,P0030,5,5,50.32,133.74,668.7,33.435,635.2650000000001,251.6,383.6650000000001
O01174,P0042,3,15,77.76,188.37,565.11,84.7665,480.3435,233.28000000000003,247.06349999999998
O01175,P0002,5,0,43.57,100.83,504.15,0.0,504.15,217.85,286.29999999999995
O01176,P0011,1,5,52.53,123.96,123.96,6.1979999999999995,117.762,52.53,65.232
O01177,P0025,3,5,13.61,32.74,98.22,4.9110000000000005,93.309,40.83,52.479
O01178,P0029,2,5,72.76,153.77,307.54,15.377,292.163,145.52,146.643
O01179,P0022,4,5,66.41,153.06,612.24,30.612,581.628,265.64,315.98800000000006
O01180,P0019,4,0,44.15,98.94,395.76,0.0,395.76,176.6,219.16
O01181,P0073,3,0,24.35,65.3,195.89999999999998,0.0,195.89999999999998,73.05000000000001,122.84999999999997
O01182,P0041,2,10,24.36,47.06,94.12,9.412,84.708,48.72,35.988
O01183,P0038,1,20,47.45,95.55,95.55,19.11,76.44,47.45,28.989999999999995
O01184,P0029,4,10,72.76,153.77,615.08,61.508,553.572,291.04,262.532
O01185,P0074,3,5,36.55,87.92,263.76,13.187999999999999,250.572,109.64999999999999,140.92200000000003
O01186,P0022,4,0,66.41,153.06,612.24,0.0,612.24,265.64,346.6
O01187,P0088,2,15,51.18,79.37,158.74,23.811000000000003,134.929,102.36,32.569
O01188,P0008,1,25,36.51,102.88,102.88,25.72,77.16,36.51,40.65
O01189,P0047,2,5,59.51,154.08,308.16,15.408000000000001,292.752,119.02,173.73200000000003
O01190,P0006,5,5,51.06,129.72,648.6,32.43,616.1700000000001,255.3,360.87000000000006
O01191,P0007,2,10,49.51,86.65,173.3,17.33,155.97000000000003,99.02,56.95000000000003
O01192,P0084,2,15,26.5,76.03,152.06,22.809,129.251,53.0,76.251
O01193,P0081,4,10,65.97,189.84,759.36,75.936,683.424,263.88,419.544
O01194,P0036,2,10,67.46,184.85,369.7,36.97,332.73,134.92,197.81000000000003
O01195,P0008,3,15,36.51,102.88,308.64,46.29599999999999,262.344,109.53,152.814
O01196,P0077,4,25,13.37,37.37,149.48,37.37,112.10999999999999,53.48,58.62999999999999
O01197,P0088,4,0,51.18,79.37,317.48,0.0,317.48,204.72,112.76000000000002
O01198,P0046,5,25,47.09,88.72,443.6,110.9,332.70000000000005,235.45000000000002,97.25000000000003
O01199,P0064,3,5,43.12,76.73,230.19,11.509500000000001,218.6805,129.35999999999999,89.32050000000001
O01200,P0031,2,15,74.22,112.69,225.38,33.806999999999995,191.573,148.44,43.13300000000001
O01201,P0023,5,10,13.9,28.75,143.75,14.375,129.375,69.5,59.875
O01202,P0061,3,10,19.72,33.21,99.63,9.963,89.667,59.16,30.507000000000005
O01203,P0081,5,10,65.97,189.84,949.2,94.92,854.2800000000001,329.85,524.4300000000001
O01204,P0050,1,5,45.43,130.75,130.75,6.5375,124.2125,45.43,78.7825
O01205,P0046,2,0,47.09,88.72,177.44,0.0,177.44,94.18,83.25999999999999
O01206,P0088,5,10,51.18,79.37,396.85,39.685,357.165,255.9,101.26500000000001
O01207,P0043,1,10,59.77,171.41,171.41,17.141,154.269,59.77,94.499
O01208,P0010,2,0,72.98,190.64,381.28,0.0,381.28,145.96,235.31999999999996
O01209,P0095,5,20,40.71,120.64,603.2,120.64,482.56000000000006,203.55,279.01000000000005
O01210,P0020,5,0,69.56,183.08,915.4000000000001,0.0,915.4000000000001,347.8,567.6000000000001
O01211,P0016,5,5,10.53,18.06,90.3,4.515,85.785,52.65,33.135
O01212,P0078,5,0,64.71,186.65,933.25,0.0,933.25,323.54999999999995,609.7
O01213,P0003,4,10,50.89,109.28,437.12,43.711999999999996,393.408,203.56,189.848
O01214,P0030,5,5,50.32,133.74,668.7,33.435,635.2650000000001,251.6,383.6650000000001
O01215,P0018,4,10,35.57,91.45,365.8,36.58,329.22,142.28,186.94000000000003
O01216,P0059,4,0,57.92,159.9,639.6,0.0,639.6,231.68,407.92
O01217,P0070,1,0,38.6,79.86,79.86,0.0,79.86,38.6,41.26
O01218,P0084,2,15,26.5,76.03,152.06,22.809,129.251,53.0,76.251
O01219,P0035,4,10,60.6,145.35,581.4,58.14,523.26,242.4,280.86
O01220,P0019,3,5,44.15,98.94,296.82,14.841,281.979,132.45,149.529
O01221,P0026,4,0,11.28,25.42,101.68,0.0,101.68,45.12,56.56000000000001
O01222,P0035,3,20,60.6,145.35,436.04999999999995,87.21,348.84,181.8,167.03999999999996
O01223,P0076,1,0,60.51,128.39,128.39,0.0,128.39,60.51,67.88
O01224,P0072,3,20,79.37,143.53,430.59000000000003,86.11800000000001,344.47200000000004,238.11,106.36200000000002
O01225,P0057,1,10,48.42,78.25,78.25,7.825,70.425,48.42,22.004999999999995
O01226,P0049,1,5,16.11,26.63,26.63,1.3315000000000001,25.298499999999997,16.11,9.188499999999998
O01227,P0010,1,15,72.98,190.64,190.64,28.596,162.04399999999998,72.98,89.06399999999998
O01228,P0085,3,20,54.36,101.78,305.34000000000003,61.06800000000001,244.27200000000002,163.07999999999998,81.19200000000004
O01229,P0029,3,5,72.76,153.77,461.31000000000006,23.0655,438.2445000000001,218.28000000000003,219.96450000000004
O01230,P0095,1,5,40.71,120.64,120.64,6.032,114.608,40.71,73.898
O01231,P0071,1,5,75.31,197.04,197.04,9.851999999999999,187.188,75.31,111.87799999999999
O01232,P0098,2,20,37.4,104.38,208.76,41.751999999999995,167.00799999999998,74.8,92.20799999999998
O01233,P0098,1,10,37.4,104.38,104.38,10.437999999999999,93.942,37.4,56.541999999999994
O01234,P0094,5,0,47.78,108.59,542.95,0.0,542.95,238.9,304.05000000000007
O01235,P0068,2,0,69.55,128.05,256.1,0.0,256.1,139.1,117.00000000000003
O01236,P0094,2,0,47.78,108.59,217.18,0.0,217.18,95.56,121.62
O01237,P0089,2,5,57.81,113.72,227.44,11.372,216.06799999999998,115.62,100.44799999999998
O01238,P0078,5,0,64.71,186.65,933.25,0.0,933.25,323.54999999999995,609.7
O01239,P0024,2,10,68.96,150.71,301.42,30.142000000000003,271.278,137.92,133.35800000000003
O01240,P0043,2,0,59.77,171.41,342.82,0.0,342.82,119.54,223.27999999999997
O01241,P0095,3,5,40.71,120.64,361.92,18.096,343.824,122.13,221.69400000000002
O01242,P0039,3,10,43.36,79.83,239.49,23.949,215.541,130.07999999999998,85.46100000000001
O01243,P0092,1,5,72.98,133.56,133.56,6.678,126.882,72.98,53.902
O01244,P0025,1,0,13.61,32.74,32.74,0.0,32.74,13.61,19.130000000000003
O01245,P0083,4,0,23.05,35.71,142.84,0.0,142.84,92.2,50.64
O01246,P0068,5,0,69.55,128.05,640.25,0.0,640.25,347.75,292.5
O01247,P0034,3,15,44.35,114.17,342.51,51.37649999999999,291.1335,133.05,158.08350000000002
O01248,P0096,1,10,50.42,110.34,110.34,11.034,99.306,50.42,48.885999999999996
O01249,P0089,5,0,57.81,113.72,568.6,0.0,568.6,289.05,279.55
O01250,P0086,2,5,73.55,174.05,348.1,17.405,330.69500000000005,147.1,183.59500000000006
O01251,P0053,5,5,51.57,127.74,638.6999999999999,31.934999999999995,606.765,257.85,348.91499999999996
O01252,P0092,3,10,72.98,133.56,400.68,40.068000000000005,360.612,218.94,141.67200000000003
O01253,P0055,4,10,41.8,86.18,344.72,34.472,310.24800000000005,167.2,143.04800000000006
O01254,P0053,3,10,51.57,127.74,383.21999999999997,38.321999999999996,344.89799999999997,154.71,190.18799999999996
O01255,P0018,1,5,35.57,91.45,91.45,4.5725,86.8775,35.57,51.3075
O01256,P0007,1,0,49.51,86.65,86.65,0.0,86.65,49.51,37.14000000000001
O01257,P0063,5,15,18.17,31.77,158.85,23.8275,135.02249999999998,90.85000000000001,44.17249999999997
O01258,P0075,3,20,74.85,125.1,375.29999999999995,75.05999999999999,300.23999999999995,224.54999999999998,75.68999999999997
O01259,P0042,1,20,77.76,188.37,188.37,37.674,150.696,77.76,72.93599999999999
O01260,P0011,2,0,52.53,123.96,247.92,0.0,247.92,105.06,142.85999999999999
O01261,P0009,2,15,33.62,75.41,150.82,22.622999999999998,128.197,67.24,60.95700000000001
O01262,P0035,4,15,60.6,145.35,581.4,87.21,494.19,242.4,251.79
O01263,P0087,5,20,32.13,56.17,280.85,56.17,224.68,160.65,64.03
O01264,P0097,1,5,34.88,81.48,81.48,4.074000000000001,77.406,34.88,42.526
O01265,P0065,4,15,52.43,144.51,578.04,86.70599999999999,491.33399999999995,209.72,281.6139999999999
O01266,P0084,2,0,26.5,76.03,152.06,0.0,152.06,53.0,99.06
O01267,P0005,4,10,49.04,127.3,509.2,50.92,458.28,196.16,262.12
O01268,P0093,4,5,53.69,97.66,390.64,19.531999999999996,371.108,214.76,156.348
O01269,P0026,1,15,11.28,25.42,25.42,3.813,21.607000000000003,11.28,10.327000000000004
O01270,P0051,1,20,75.24,202.03,202.03,40.406,161.624,75.24,86.384
O01271,P0038,1,5,47.45,95.55,95.55,4.7775,90.7725,47.45,43.32249999999999
O01272,P0003,5,10,50.89,109.28,546.4,54.64,491.76,254.45,237.31
O01273,P0085,4,0,54.36,101.78,407.12,0.0,407.12,217.44,189.68
O01274,P0059,4,5,57.92,159.9,639.6,31.98,607.62,231.68,375.94
O01275,P0013,5,5,44.88,117.97,589.85,29.4925,560.3575000000001,224.4,335.9575000000001
O01276,P0095,2,0,40.71,120.64,241.28,0.0,241.28,81.42,159.86
O01277,P0081,3,20,65.97,189.84,569.52,113.904,455.616,197.91,257.706
O01278,P0035,2,0,60.6,145.35,290.7,0.0,290.7,121.2,169.5
O01279,P0087,5,10,32.13,56.17,280.85,28.085,252.76500000000001,160.65,92.11500000000001
O01280,P0003,4,20,50.89,109.28,437.12,87.42399999999999,349.696,203.56,146.13600000000002
O01281,P0053,4,20,51.57,127.74,510.96,102.192,408.768,206.28,202.48799999999997
O01282,P0055,1,15,41.8,86.18,86.18,12.927,73.25300000000001,41.8,31.453000000000017
O01283,P0045,1,0,61.54,101.61,101.61,0.0,101.61,61.54,40.07
O01284,P0066,4,15,65.6,131.08,524.32,78.64800000000001,445.672,262.4,183.27200000000005
O01285,P0067,4,5,17.47,34.37,137.48,6.874,130.606,69.88,60.726
O01286,P0084,1,20,26.5,76.03,76.03,15.206,60.824,26.5,34.324
O01287,P0044,1,15,23.97,40.96,40.96,6.144,34.816,23.97,10.846000000000004
O01288,P0073,2,15,24.35,65.3,130.6,19.59,111.00999999999999,48.7,62.30999999999999
O01289,P0068,4,0,69.55,128.05,512.2,0.0,512.2,278.2,234.00000000000006
O01290,P0062,4,10,10.19,18.89,75.56,7.556,68.004,40.76,27.244000000000007
O01291,P0025,5,15,13.61,32.74,163.70000000000002,24.555000000000003,139.145,68.05,71.09500000000001
O01292,P0052,2,20,32.44,49.78,99.56,19.912,79.648,64.88,14.768
O01293,P0050,3,0,45.43,130.75,392.25,0.0,392.25,136.29,255.96
O01294,P0001,3,20,55.42,102.17,306.51,61.302,245.208,166.26,78.94800000000001
O01295,P0039,3,0,43.36,79.83,239.49,0.0,239.49,130.07999999999998,109.41000000000003
O01296,P0052,1,10,32.44,49.78,49.78,4.978,44.802,32.44,12.362000000000002
O01297,P0076,3,10,60.51,128.39,385.16999999999996,38.516999999999996,346.65299999999996,181.53,165.12299999999996
O01298,P0040,5,0,68.7,146.7,733.5,0.0,733.5,343.5,390.0
O01299,P0060,1,0,16.15,46.29,46.29,0.0,46.29,16.15,30.14
O01300,P0088,1,15,51.18,79.37,79.37,11.905500000000002,67.4645,51.18,16.2845
O01301,P0073,3,5,24.35,65.3,195.89999999999998,9.794999999999998,186.105,73.05000000000001,113.05499999999998
O01302,P0084,1,0,26.5,76.03,76.03,0.0,76.03,26.5,49.53
O01303,P0069,2,15,62.22,150.06,300.12,45.018,255.102,124.44,130.662
O01304,P0020,2,15,69.56,183.08,366.16,54.92400000000001,311.236,139.12,172.11599999999999
O01305,P0085,3,10,54.36,101.78,305.34000000000003,30.534000000000006,274.80600000000004,163.07999999999998,111.72600000000006
O01306,P0002,5,0,43.57,100.83,504.15,0.0,504.15,217.85,286.29999999999995
O01307,P0085,1,0,54.36,101.78,101.78,0.0,101.78,54.36,47.42
O01308,P0088,4,15,51.18,79.37,317.48,47.62200000000001,269.858,204.72,65.138
O01309,P0009,3,10,33.62,75.41,226.23,22.622999999999998,203.607,100.85999999999999,102.74700000000001
O01310,P0039,1,10,43.36,79.83,79.83,7.983,71.847,43.36,28.486999999999995
O01311,P0030,3,15,50.32,133.74,401.22,60.183,341.03700000000003,150.96,190.07700000000003
O01312,P0054,3,5,35.85,95.25,285.75,14.2875,271.4625,107.55000000000001,163.91249999999997
O01313,P0082,5,0,67.76,161.31,806.55,0.0,806.55,338.8,467.74999999999994
O01314,P0058,4,20,24.12,39.95,159.8,31.96,127.84,96.48,31.36
O01315,P0044,1,10,23.97,40.96,40.96,4.096,36.864000000000004,23.97,12.894000000000005
O01316,P0043,3,10,59.77,171.41,514.23,51.423,462.807,179.31,283.497
O01317,P0010,3,20,72.98,190.64,571.92,114.384,457.53599999999994,218.94,238.59599999999995
O01318,P0048,1,20,63.74,152.3,152.3,30.46,121.84,63.74,58.1
O01319,P0085,3,10,54.36,101.78,305.34000000000003,30.534000000000006,274.80600000000004,163.07999999999998,111.72600000000006
O01320,P0086,3,5,73.55,174.05,522.1500000000001,26.107500000000005,496.0425000000001,220.64999999999998,275.3925000000001
O01321,P0017,3,25,25.77,46.56,139.68,34.92,104.76,77.31,27.450000000000003
O01322,P0005,2,10,49.04,127.3,254.6,25.46,229.14,98.08,131.06
O01323,P0070,2,5,38.6,79.86,159.72,7.986000000000001,151.734,77.2,74.534
O01324,P0074,4,10,36.55,87.92,351.68,35.168,316.512,146.2,170.312
O01325,P0064,5,5,43.12,76.73,383.65000000000003,19.1825,364.46750000000003,215.6,148.86750000000004
O01326,P0066,1,20,65.6,131.08,131.08,26.216000000000005,104.864,65.6,39.26400000000001
O01327,P0071,5,10,75.31,197.04,985.1999999999999,98.52,886.68,376.55,510.12999999999994
O01328,P0004,5,15,61.58,123.11,615.55,92.3325,523.2175,307.9,215.3175
O01329,P0083,2,15,23.05,35.71,71.42,10.713,60.707,46.1,14.607
O01330,P0028,4,15,79.81,177.94,711.76,106.764,604.996,319.24,285.756
O01331,P0084,5,15,26.5,76.03,380.15,57.0225,323.1275,132.5,190.6275
O01332,P0094,5,20,47.78,108.59,542.95,108.59,434.36,238.9,195.46
O01333,P0038,3,5,47.45,95.55,286.65,14.3325,272.3175,142.35000000000002,129.96749999999997
O01334,P0066,1,0,65.6,131.08,131.08,0.0,131.08,65.6,65.48000000000002
O01335,P0067,4,15,17.47,34.37,137.48,20.622,116.85799999999999,69.88,46.977999999999994
O01336,P0060,1,10,16.15,46.29,46.29,4.629,41.661,16.15,25.511000000000003
O01337,P0047,2,0,59.51,154.08,308.16,0.0,308.16,119.02,189.14000000000004
O01338,P0025,5,0,13.61,32.74,163.70000000000002,0.0,163.70000000000002,68.05,95.65000000000002
O01339,P0066,5,0,65.6,131.08,655.4000000000001,0.0,655.4000000000001,328.0,327.4000000000001
O01340,P0079,1,15,67.96,149.41,149.41,22.4115,126.99849999999999,67.96,59.0385
O01341,P0067,2,15,17.47,34.37,68.74,10.311,58.428999999999995,34.94,23.488999999999997
O01342,P0069,3,0,62.22,150.06,450.18,0.0,450.18,186.66,263.52
O01343,P0040,3,15,68.7,146.7,440.09999999999997,66.01499999999999,374.085,206.10000000000002,167.98499999999996
O01344,P0100,5,5,14.66,26.05,130.25,6.5125,123.7375,73.3,50.4375
O01345,P0050,5,15,45.43,130.75,653.75,98.0625,555.6875,227.15,328.5375
O01346,P0040,4,10,68.7,146.7,586.8,58.68,528.12,274.8,253.32
O01347,P0037,1,15,60.29,177.17,177.17,26.575499999999998,150.59449999999998,60.29,90.30449999999999
O01348,P0091,5,5,59.96,114.91,574.55,28.7275,545.8225,299.8,246.02249999999998
O01349,P0069,2,5,62.22,150.06,300.12,15.005999999999998,285.11400000000003,124.44,160.67400000000004
O01350,P0017,1,15,25.77,46.56,46.56,6.984000000000001,39.576,25.77,13.806000000000001
O01351,P0062,4,0,10.19,18.89,75.56,0.0,75.56,40.76,34.800000000000004
O01352,P0041,3,25,24.36,47.06,141.18,35.295,105.885,73.08,32.80500000000001
O01353,P0076,4,10,60.51,128.39,513.56,51.355999999999995,462.20399999999995,242.04,220.16399999999996
O01354,P0042,1,5,77.76,188.37,188.37,9.4185,178.9515,77.76,101.1915
O01355,P0031,3,10,74.22,112.69,338.07,33.806999999999995,304.263,222.66,81.60299999999998
O01356,P0033,2,0,78.25,183.75,367.5,0.0,367.5,156.5,211.0
O01357,P0043,3,10,59.77,171.41,514.23,51.423,462.807,179.31,283.497
O01358,P0093,3,25,53.69,97.66,292.98,73.245,219.735,161.07,58.66500000000002
O01359,P0067,2,0,17.47,34.37,68.74,0.0,68.74,34.94,33.8
O01360,P0038,5,15,47.45,95.55,477.75,71.6625,406.0875,237.25,168.83749999999998
O01361,P0041,5,5,24.36,47.06,235.3,11.765,223.53500000000003,121.8,101.73500000000003
O01362,P0063,3,10,18.17,31.77,95.31,9.531,85.779,54.510000000000005,31.26899999999999
O01363,P0040,3,0,68.7,146.7,440.09999999999997,0.0,440.09999999999997,206.10000000000002,233.99999999999994
O01364,P0030,4,10,50.32,133.74,534.96,53.496,481.46400000000006,201.28,280.1840000000001
O01365,P0047,5,25,59.51,154.08,770.4000000000001,192.60000000000002,577.8000000000001,297.55,280.25000000000006
O01366,P0022,2,0,66.41,153.06,306.12,0.0,306.12,132.82,173.3
O01367,P0096,3,10,50.42,110.34,331.02,33.102,297.918,151.26,146.65800000000002
O01368,P0055,3,10,41.8,86.18,258.54,25.854,232.68600000000004,125.39999999999999,107.28600000000004
O01369,P0043,4,10,59.77,171.41,685.64,68.564,617.076,239.08,377.996
O01370,P0061,4,10,19.72,33.21,132.84,13.284,119.556,78.88,40.676
O01371,P0074,4,10,36.55,87.92,351.68,35.168,316.512,146.2,170.312
O01372,P0032,1,0,10.37,24.86,24.86,0.0,24.86,10.37,14.49
O01373,P0004,2,20,61.58,123.11,246.22,49.244,196.976,123.16,73.816
O01374,P0093,1,15,53.69,97.66,97.66,14.649,83.011,53.69,29.320999999999998
O01375,P0045,3,0,61.54,101.61,304.83,0.0,304.83,184.62,120.20999999999998
O01376,P0072,4,5,79.37,143.53,574.12,28.706,545.414,317.48,227.93399999999997
O01377,P0020,4,15,69.56,183.08,732.32,109.84800000000001,622.472,278.24,344.23199999999997
O01378,P0071,4,25,75.31,197.04,788.16,197.04,591.12,301.24,289.88
O01379,P0065,5,25,52.43,144.51,722.55,180.6375,541.9124999999999,262.15,279.76249999999993
O01380,P0060,2,20,16.15,46.29,92.58,18.516,74.064,32.3,41.763999999999996
O01381,P0089,1,0,57.81,113.72,113.72,0.0,113.72,57.81,55.91
O01382,P0026,2,20,11.28,25.42,50.84,10.168000000000001,40.672000000000004,22.56,18.112000000000005
O01383,P0073,4,20,24.35,65.3,261.2,52.24,208.95999999999998,97.4,111.55999999999997
O01384,P0023,3,5,13.9,28.75,86.25,4.3125,81.9375,41.7,40.2375
O01385,P0040,5,5,68.7,146.7,733.5,36.675,696.825,343.5,353.32500000000005
O01386,P0002,2,10,43.57,100.83,201.66,20.166,181.494,87.14,94.354
O01387,P0026,3,10,11.28,25.42,76.26,7.626,68.634,33.839999999999996,34.794000000000004
O01388,P0078,4,5,64.71,186.65,746.6,37.33,709.27,258.84,450.43
O01389,P0062,4,0,10.19,18.89,75.56,0.0,75.56,40.76,34.800000000000004
O01390,P0044,4,0,23.97,40.96,163.84,0.0,163.84,95.88,67.96000000000001
O01391,P0031,4,5,74.22,112.69,450.76,22.538,428.222,296.88,131.34199999999998
O01392,P0026,5,5,11.28,25.42,127.10000000000001,6.355,120.745,56.4,64.345
O01393,P0083,5,15,23.05,35.71,178.55,26.7825,151.7675,115.25,36.51750000000001
O01394,P0005,2,0,49.04,127.3,254.6,0.0,254.6,98.08,156.51999999999998
O01395,P0070,4,20,38.6,79.86,319.44,63.888000000000005,255.552,154.4,101.15199999999999
O01396,P0035,5,20,60.6,145.35,726.75,145.35,581.4,303.0,278.4
O01397,P0016,3,20,10.53,18.06,54.17999999999999,10.835999999999999,43.343999999999994,31.589999999999996,11.753999999999998
O01398,P0031,5,15,74.22,112.69,563.45,84.5175,478.93250000000006,371.1,107.83250000000004
O01399,P0082,5,0,67.76,161.31,806.55,0.0,806.55,338.8,467.74999999999994
O01400,P0014,2,5,33.12,84.8,169.6,8.48,161.12,66.24,94.88000000000001
O01401,P0025,5,0,13.61,32.74,163.70000000000002,0.0,163.70000000000002,68.05,95.65000000000002
O01402,P0079,3,25,67.96,149.41,448.23,112.0575,336.1725,203.88,132.29250000000002
O01403,P0090,4,5,41.64,111.21,444.84,22.241999999999997,422.59799999999996,166.56,256.03799999999995
O01404,P0100,1,10,14.66,26.05,26.05,2.605,23.445,14.66,8.785
O01405,P0075,2,15,74.85,125.1,250.2,37.53,212.67,149.7,62.97
O01406,P0071,3,20,75.31,197.04,591.12,118.22399999999999,472.896,225.93,246.966
O01407,P0018,2,15,35.57,91.45,182.9,27.435,155.465,71.14,84.325
O01408,P0050,4,10,45.43,130.75,523.0,52.3,470.7,181.72,288.98
O01409,P0020,5,10,69.56,183.08,915.4000000000001,91.54,823.8600000000001,347.8,476.0600000000001
O01410,P0056,5,10,48.4,77.6,388.0,38.8,349.2,242.0,107.19999999999999
O01411,P0002,3,0,43.57,100.83,302.49,0.0,302.49,130.71,171.78
O01412,P0026,4,20,11.28,25.42,101.68,20.336000000000002,81.34400000000001,45.12,36.22400000000001
O01413,P0023,1,10,13.9,28.75,28.75,2.875,25.875,13.9,11.975
O01414,P0032,1,0,10.37,24.86,24.86,0.0,24.86,10.37,14.49
O01415,P0013,5,20,44.88,117.97,589.85,117.97,471.88,224.4,247.48
O01416,P0013,4,10,44.88,117.97,471.88,47.188,424.692,179.52,245.172
O01417,P0017,4,20,25.77,46.56,186.24,37.248000000000005,148.99200000000002,103.08,45.91200000000002
O01418,P0089,3,20,57.81,113.72,341.15999999999997,68.23199999999999,272.928,173.43,99.49799999999999
O01419,P0058,1,15,24.12,39.95,39.95,5.9925,33.9575,24.12,9.837500000000002
O01420,P0086,3,0,73.55,174.05,522.1500000000001,0.0,522.1500000000001,220.64999999999998,301.5000000000001
O01421,P0027,2,0,58.79,135.79,271.58,0.0,271.58,117.58,154.0
O01422,P0017,4,20,25.77,46.56,186.24,37.248000000000005,148.99200000000002,103.08,45.91200000000002
O01423,P0090,1,20,41.64,111.21,111.21,22.241999999999997,88.96799999999999,41.64,47.32799999999999
O01424,P0038,3,10,47.45,95.55,286.65,28.665,257.98499999999996,142.35000000000002,115.63499999999993
O01425,P0014,5,5,33.12,84.8,424.0,21.2,402.8,165.6,237.20000000000002
O01426,P0014,2,0,33.12,84.8,169.6,0.0,169.6,66.24,103.36
O01427,P0012,3,25,27.1,81.21,243.63,60.9075,182.7225,81.30000000000001,101.42249999999999
O01428,P0069,5,0,62.22,150.06,750.3,0.0,750.3,311.1,439.19999999999993
O01429,P0068,1,0,69.55,128.05,128.05,0.0,128.05,69.55,58.500000000000014
O01430,P0055,1,10,41.8,86.18,86.18,8.618,77.56200000000001,41.8,35.762000000000015
O01431,P0063,2,0,18.17,31.77,63.54,0.0,63.54,36.34,27.199999999999996
O01432,P0029,5,20,72.76,153.77,768.85,153.77,615.08,363.8,251.28000000000003
O01433,P0089,4,0,57.81,113.72,454.88,0.0,454.88,231.24,223.64
O01434,P0045,1,0,61.54,101.61,101.61,0.0,101.61,61.54,40.07
O01435,P0004,4,10,61.58,123.11,492.44,49.244,443.196,246.32,196.87600000000003
O01436,P0016,4,10,10.53,18.06,72.24,7.224,65.01599999999999,42.12,22.895999999999994
O01437,P0066,3,0,65.6,131.08,393.24,0.0,393.24,196.79999999999998,196.44000000000003
O01438,P0023,3,10,13.9,28.75,86.25,8.625,77.625,41.7,35.925
O01439,P0068,1,5,69.55,128.05,128.05,6.4025,121.64750000000001,69.55,52.09750000000001
O01440,P0020,4,20,69.56,183.08,732.32,146.46400000000003,585.856,278.24,307.616
O01441,P0017,3,0,25.77,46.56,139.68,0.0,139.68,77.31,62.370000000000005
O01442,P0052,5,25,32.44,49.78,248.9,62.225,186.675,162.2,24.475000000000023
O01443,P0006,5,10,51.06,129.72,648.6,64.86,583.74,255.3,328.44
O01444,P0082,5,0,67.76,161.31,806.55,0.0,806.55,338.8,467.74999999999994
O01445,P0084,5,0,26.5,76.03,380.15,0.0,380.15,132.5,247.64999999999998
O01446,P0039,4,10,43.36,79.83,319.32,31.932,287.388,173.44,113.94799999999998
O01447,P0034,5,0,44.35,114.17,570.85,0.0,570.85,221.75,349.1
O01448,P0054,4,5,35.85,95.25,381.0,19.05,361.95,143.4,218.54999999999998
O01449,P0088,1,0,51.18,79.37,79.37,0.0,79.37,51.18,28.190000000000005
O01450,P0082,1,10,67.76,161.31,161.31,16.131,145.179,67.76,77.419
O01451,P0094,5,10,47.78,108.59,542.95,54.295,488.65500000000003,238.9,249.75500000000002
O01452,P0065,5,0,52.43,144.51,722.55,0.0,722.55,262.15,460.4
O01453,P0087,5,10,32.13,56.17,280.85,28.085,252.76500000000001,160.65,92.11500000000001
O01454,P0029,1,15,72.76,153.77,153.77,23.0655,130.7045,72.76,57.94449999999999
O01455,P0041,3,0,24.36,47.06,141.18,0.0,141.18,73.08,68.10000000000001
O01456,P0063,1,20,18.17,31.77,31.77,6.354,25.416,18.17,7.245999999999999
O01457,P0032,5,10,10.37,24.86,124.3,12.43,111.87,51.849999999999994,60.02000000000001
O01458,P0066,3,25,65.6,131.08,393.24,98.31,294.93,196.79999999999998,98.13000000000002
O01459,P0100,3,0,14.66,26.05,78.15,0.0,78.15,43.980000000000004,34.17
O01460,P0045,2,25,61.54,101.61,203.22,50.805,152.415,123.08,29.334999999999994
O01461,P0017,4,10,25.77,46.56,186.24,18.624000000000002,167.616,103.08,64.53600000000002
O01462,P0043,5,10,59.77,171.41,857.05,85.705,771.3449999999999,298.85,472.4949999999999
O01463,P0066,4,10,65.6,131.08,524.32,52.43200000000001,471.88800000000003,262.4,209.48800000000006
O01464,P0068,2,0,69.55,128.05,256.1,0.0,256.1,139.1,117.00000000000003
O01465,P0034,4,20,44.35,114.17,456.68,91.336,365.344,177.4,187.944
O01466,P0001,5,10,55.42,102.17,510.85,51.085,459.76500000000004,277.1,182.66500000000002
O01467,P0023,2,0,13.9,28.75,57.5,0.0,57.5,27.8,29.7
O01468,P0006,4,0,51.06,129.72,518.88,0.0,518.88,204.24,314.64
O01469,P0016,1,0,10.53,18.06,18.06,0.0,18.06,10.53,7.529999999999999
O01470,P0002,3,10,43.57,100.83,302.49,30.249000000000002,272.241,130.71,141.53099999999998
O01471,P0076,2,10,60.51,128.39,256.78,25.677999999999997,231.10199999999998,121.02,110.08199999999998
O01472,P0027,1,10,58.79,135.79,135.79,13.578999999999999,122.211,58.79,63.421
O01473,P0019,5,5,44.15,98.94,494.7,24.735,469.965,220.75,249.21499999999997
O01474,P0028,3,10,79.81,177.94,533.8199999999999,53.38199999999999,480.43799999999993,239.43,241.00799999999992
O01475,P0035,2,10,60.6,145.35,290.7,29.07,261.63,121.2,140.43
O01476,P0068,3,0,69.55,128.05,384.15000000000003,0.0,384.15000000000003,208.64999999999998,175.50000000000006
O01477,P0049,2,5,16.11,26.63,53.26,2.6630000000000003,50.596999999999994,32.22,18.376999999999995
O01478,P0007,2,0,49.51,86.65,173.3,0.0,173.3,99.02,74.28000000000002
O01479,P0037,4,20,60.29,177.17,708.68,141.736,566.944,241.16,325.784
O01480,P0025,3,15,13.61,32.74,98.22,14.732999999999999,83.487,40.83,42.657
O01481,P0041,3,25,24.36,47.06,141.18,35.295,105.885,73.08,32.80500000000001
O01482,P0081,1,5,65.97,189.84,189.84,9.492,180.348,65.97,114.37800000000001
O01483,P0062,5,20,10.19,18.89,94.45,18.89,75.56,50.949999999999996,24.610000000000007
O01484,P0041,1,10,24.36,47.06,47.06,4.706,42.354,24.36,17.994
O01485,P0014,4,10,33.12,84.8,339.2,33.92,305.28,132.48,172.79999999999998
O01486,P0054,2,0,35.85,95.25,190.5,0.0,190.5,71.7,118.8
O01487,P0002,4,15,43.57,100.83,403.32,60.498000000000005,342.822,174.28,168.542
O01488,P0088,4,20,51.18,79.37,317.48,63.496,253.984,204.72,49.26400000000001
O01489,P0079,1,0,67.96,149.41,149.41,0.0,149.41,67.96,81.45
O01490,P0048,2,0,63.74,152.3,304.6,0.0,304.6,127.48,177.12
O01491,P0051,5,10,75.24,202.03,1010.15,101.015,909.135,376.2,532.935
O01492,P0097,4,25,34.88,81.48,325.92,81.48,244.44,139.52,104.91999999999999
O01493,P0055,5,15,41.8,86.18,430.90000000000003,64.635,366.26500000000004,209.0,157.26500000000004
O01494,P0012,2,5,27.1,81.21,162.42,8.120999999999999,154.29899999999998,54.2,100.09899999999998
O01495,P0083,2,5,23.05,35.71,71.42,3.571,67.849,46.1,21.749000000000002
O01496,P0069,1,5,62.22,150.06,150.06,7.502999999999999,142.55700000000002,62.22,80.33700000000002
O01497,P0001,3,20,55.42,102.17,306.51,61.302,245.208,166.26,78.94800000000001
O01498,P0059,1,15,57.92,159.9,159.9,23.985,135.91500000000002,57.92,77.99500000000002
O01499,P0073,5,10,24.35,65.3,326.5,32.65,293.85,121.75,172.10000000000002
O01500,P0034,1,5,44.35,114.17,114.17,5.7085,108.4615,44.35,64.1115
O01501,P0093,2,20,53.69,97.66,195.32,39.06399999999999,156.256,107.38,48.876000000000005
O01502,P0046,4,10,47.09,88.72,354.88,35.488,319.392,188.36,131.03199999999998
O01503,P0059,3,25,57.92,159.9,479.70000000000005,119.92500000000001,359.77500000000003,173.76,186.01500000000004
O01504,P0066,2,10,65.6,131.08,262.16,26.216000000000005,235.94400000000002,131.2,104.74400000000003
O01505,P0019,4,15,44.15,98.94,395.76,59.364,336.396,176.6,159.79600000000002
O01506,P0028,5,15,79.81,177.94,889.7,133.455,756.245,399.05,357.195
O01507,P0099,5,5,47.23,108.75,543.75,27.1875,516.5625,236.14999999999998,280.4125
O01508,P0040,5,25,68.7,146.7,733.5,183.375,550.125,343.5,206.625
O01509,P0057,1,0,48.42,78.25,78.25,0.0,78.25,48.42,29.83
O01510,P0051,5,15,75.24,202.03,1010.15,151.5225,858.6274999999999,376.2,482.42749999999995
O01511,P0022,5,25,66.41,153.06,765.3,191.325,573.9749999999999,332.04999999999995,241.92499999999995
O01512,P0068,1,5,69.55,128.05,128.05,6.4025,121.64750000000001,69.55,52.09750000000001
O01513,P0008,4,10,36.51,102.88,411.52,41.152,370.368,146.04,224.328
O01514,P0060,2,10,16.15,46.29,92.58,9.258,83.322,32.3,51.022000000000006
O01515,P0065,3,15,52.43,144.51,433.53,65.0295,368.5005,157.29,211.2105
O01516,P0036,5,20,67.46,184.85,924.25,184.85,739.4,337.29999999999995,402.1
O01517,P0071,5,10,75.31,197.04,985.1999999999999,98.52,886.68,376.55,510.12999999999994
O01518,P0089,5,15,57.81,113.72,568.6,85.29,483.31,289.05,194.26
O01519,P0029,1,5,72.76,153.77,153.77,7.6885,146.0815,72.76,73.3215
O01520,P0065,1,0,52.43,144.51,144.51,0.0,144.51,52.43,92.07999999999998
O01521,P0056,1,5,48.4,77.6,77.6,3.88,73.72,48.4,25.32
O01522,P0082,3,10,67.76,161.31,483.93,48.393,435.53700000000003,203.28000000000003,232.257
O01523,P0004,2,0,61.58,123.11,246.22,0.0,246.22,123.16,123.06
O01524,P0084,5,10,26.5,76.03,380.15,38.015,342.135,132.5,209.635
O01525,P0072,4,5,79.37,143.53,574.12,28.706,545.414,317.48,227.93399999999997
O01526,P0091,5,15,59.96,114.91,574.55,86.1825,488.36749999999995,299.8,188.56749999999994
O01527,P0050,5,0,45.43,130.75,653.75,0.0,653.75,227.15,426.6
O01528,P0039,5,10,43.36,79.83,399.15,39.915,359.23499999999996,216.8,142.43499999999995
O01529,P0035,5,10,60.6,145.35,726.75,72.675,654.075,303.0,351.07500000000005
O01530,P0025,2,20,13.61,32.74,65.48,13.096000000000002,52.384,27.22,25.164
O01531,P0078,4,15,64.71,186.65,746.6,111.99,634.61,258.84,375.77000000000004
O01532,P0044,1,15,23.97,40.96,40.96,6.144,34.816,23.97,10.846000000000004
O01533,P0047,4,20,59.51,154.08,616.32,123.26400000000001,493.05600000000004,238.04,255.01600000000005
O01534,P0040,5,10,68.7,146.7,733.5,73.35,660.15,343.5,316.65
O01535,P0031,4,5,74.22,112.69,450.76,22.538,428.222,296.88,131.34199999999998
O01536,P0069,5,20,62.22,150.06,750.3,150.06,600.24,311.1,289.14
O01537,P0081,4,15,65.97,189.84,759.36,113.904,645.456,263.88,381.576
O01538,P0074,3,5,36.55,87.92,263.76,13.187999999999999,250.572,109.64999999999999,140.92200000000003
O01539,P0043,4,15,59.77,171.41,685.64,102.846,582.794,239.08,343.71399999999994
O01540,P0055,1,20,41.8,86.18,86.18,17.236,68.944,41.8,27.144000000000005
O01541,P0016,1,25,10.53,18.06,18.06,4.515,13.544999999999998,10.53,3.014999999999999
O01542,P0068,4,25,69.55,128.05,512.2,128.05,384.15000000000003,278.2,105.95000000000005
O01543,P0069,4,5,62.22,150.06,600.24,30.011999999999997,570.2280000000001,248.88,321.34800000000007
O01544,P0042,2,5,77.76,188.37,376.74,18.837,357.903,155.52,202.383
O01545,P0041,4,0,24.36,47.06,188.24,0.0,188.24,97.44,90.80000000000001
O01546,P0050,1,0,45.43,130.75,130.75,0.0,130.75,45.43,85.32
O01547,P0084,3,20,26.5,76.03,228.09,45.618,182.472,79.5,102.97200000000001
O01548,P0006,1,5,51.06,129.72,129.72,6.486000000000001,123.234,51.06,72.17399999999999
O01549,P0075,2,10,74.85,125.1,250.2,25.02,225.17999999999998,149.7,75.47999999999999
O01550,P0053,4,10,51.57,127.74,510.96,51.096,459.864,206.28,253.58399999999997
O01551,P0017,3,15,25.77,46.56,139.68,20.952,118.72800000000001,77.31,41.418000000000006
O01552,P0057,1,0,48.42,78.25,78.25,0.0,78.25,48.42,29.83
O01553,P0067,3,5,17.47,34.37,103.10999999999999,5.1555,97.95449999999998,52.41,45.544499999999985
O01554,P0016,5,5,10.53,18.06,90.3,4.515,85.785,52.65,33.135
O01555,P0052,1,5,32.44,49.78,49.78,2.489,47.291000000000004,32.44,14.851000000000006
O01556,P0100,5,25,14.66,26.05,130.25,32.5625,97.6875,73.3,24.387500000000003
O01557,P0090,3,15,41.64,111.21,333.63,50.0445,283.5855,124.92,158.6655
O01558,P0088,4,10,51.18,79.37,317.48,31.748,285.732,204.72,81.01200000000003
O01559,P0034,4,20,44.35,114.17,456.68,91.336,365.344,177.4,187.944
O01560,P0084,4,5,26.5,76.03,304.12,15.206,288.914,106.0,182.914
O01561,P0081,5,15,65.97,189.84,949.2,142.38,806.82,329.85,476.97
O01562,P0020,4,0,69.56,183.08,732.32,0.0,732.32,278.24,454.08000000000004
O01563,P0080,2,15,62.54,138.92,277.84,41.675999999999995,236.164,125.08,111.08399999999999
O01564,P0056,1,10,48.4,77.6,77.6,7.76,69.83999999999999,48.4,21.43999999999999
O01565,P0051,1,0,75.24,202.03,202.03,0.0,202.03,75.24,126.79
O01566,P0053,3,5,51.57,127.74,383.21999999999997,19.160999999999998,364.05899999999997,154.71,209.34899999999996
O01567,P0049,5,5,16.11,26.63,133.15,6.6575,126.4925,80.55,45.94250000000001
O01568,P0004,1,15,61.58,123.11,123.11,18.4665,104.6435,61.58,43.063500000000005
O01569,P0018,5,0,35.57,91.45,457.25,0.0,457.25,177.85,279.4
O01570,P0036,3,10,67.46,184.85,554.55,55.455,499.09499999999997,202.38,296.715
O01571,P0035,4,15,60.6,145.35,581.4,87.21,494.19,242.4,251.79
O01572,P0030,3,10,50.32,133.74,401.22,40.122,361.098,150.96,210.138
O01573,P0063,2,15,18.17,31.77,63.54,9.531,54.009,36.34,17.668999999999997
O01574,P0082,4,0,67.76,161.31,645.24,0.0,645.24,271.04,374.2
O01575,P0021,4,10,16.15,26.72,106.88,10.687999999999999,96.192,64.6,31.592
O01576,P0052,4,20,32.44,49.78,199.12,39.824,159.296,129.76,29.536
O01577,P0096,3,10,50.42,110.34,331.02,33.102,297.918,151.26,146.65800000000002
O01578,P0069,2,10,62.22,150.06,300.12,30.011999999999997,270.108,124.44,145.668
O01579,P0041,5,15,24.36,47.06,235.3,35.295,200.005,121.8,78.205
O01580,P0054,3,5,35.85,95.25,285.75,14.2875,271.4625,107.55000000000001,163.91249999999997
O01581,P0087,1,15,32.13,56.17,56.17,8.425500000000001,47.7445,32.13,15.6145
O01582,P0030,1,20,50.32,133.74,133.74,26.748,106.992,50.32,56.672000000000004
O01583,P0091,3,0,59.96,114.91,344.73,0.0,344.73,179.88,164.85000000000002
O01584,P0056,5,20,48.4,77.6,388.0,77.6,310.4,242.0,68.39999999999998
O01585,P0079,1,0,67.96,149.41,149.41,0.0,149.41,67.96,81.45
O01586,P0041,5,10,24.36,47.06,235.3,23.53,211.77,121.8,89.97000000000001
O01587,P0014,4,20,33.12,84.8,339.2,67.84,271.36,132.48,138.88000000000002
O01588,P0021,3,15,16.15,26.72,80.16,12.024,68.136,48.449999999999996,19.686
O01589,P0098,4,20,37.4,104.38,417.52,83.50399999999999,334.01599999999996,149.6,184.41599999999997
O01590,P0090,1,20,41.64,111.21,111.21,22.241999999999997,88.96799999999999,41.64,47.32799999999999
O01591,P0025,5,5,13.61,32.74,163.70000000000002,8.185,155.51500000000001,68.05,87.46500000000002
O01592,P0050,4,10,45.43,130.75,523.0,52.3,470.7,181.72,288.98
O01593,P0095,1,5,40.71,120.64,120.64,6.032,114.608,40.71,73.898
O01594,P0053,2,5,51.57,127.74,255.48,12.774,242.706,103.14,139.56599999999997
O01595,P0048,4,5,63.74,152.3,609.2,30.46,578.74,254.96,323.78
O01596,P0070,2,15,38.6,79.86,159.72,23.958000000000002,135.762,77.2,58.562
O01597,P0048,2,10,63.74,152.3,304.6,30.46,274.14000000000004,127.48,146.66000000000003
O01598,P0004,1,15,61.58,123.11,123.11,18.4665,104.6435,61.58,43.063500000000005
O01599,P0024,3,15,68.96,150.71,452.13,67.8195,384.3105,206.88,177.4305
O01600,P0031,5,0,74.22,112.69,563.45,0.0,563.45,371.1,192.35000000000002
O01601,P0083,1,10,23.05,35.71,35.71,3.571,32.139,23.05,9.089000000000002
O01602,P0075,4,5,74.85,125.1,500.4,25.02,475.38,299.4,175.98000000000002
O01603,P0029,5,10,72.76,153.77,768.85,76.885,691.965,363.8,328.165
O01604,P0005,3,15,49.04,127.3,381.9,57.285,324.615,147.12,177.495
O01605,P0082,1,10,67.76,161.31,161.31,16.131,145.179,67.76,77.419
O01606,P0067,3,20,17.47,34.37,103.10999999999999,20.622,82.48799999999999,52.41,30.07799999999999
O01607,P0075,4,15,74.85,125.1,500.4,75.06,425.34,299.4,125.94
O01608,P0085,1,10,54.36,101.78,101.78,10.177999999999999,91.602,54.36,37.242000000000004
O01609,P0094,4,15,47.78,108.59,434.36,65.15400000000001,369.206,191.12,178.086
O01610,P0083,5,0,23.05,35.71,178.55,0.0,178.55,115.25,63.30000000000001
O01611,P0053,5,0,51.57,127.74,638.6999999999999,0.0,638.6999999999999,257.85,380.8499999999999
O01612,P0089,3,0,57.81,113.72,341.15999999999997,0.0,341.15999999999997,173.43,167.72999999999996
O01613,P0064,3,5,43.12,76.73,230.19,11.509500000000001,218.6805,129.35999999999999,89.32050000000001
O01614,P0035,5,0,60.6,145.35,726.75,0.0,726.75,303.0,423.75
O01615,P0012,2,25,27.1,81.21,162.42,40.605,121.815,54.2,67.615
O01616,P0047,5,10,59.51,154.08,770.4000000000001,77.04,693.3600000000001,297.55,395.8100000000001
O01617,P0090,1,10,41.64,111.21,111.21,11.120999999999999,100.089,41.64,58.449
O01618,P0055,4,5,41.8,86.18,344.72,17.236,327.48400000000004,167.2,160.28400000000005
O01619,P0069,5,5,62.22,150.06,750.3,37.515,712.785,311.1,401.68499999999995
O01620,P0083,5,5,23.05,35.71,178.55,8.9275,169.6225,115.25,54.3725
O01621,P0091,4,10,59.96,114.91,459.64,45.964,413.676,239.84,173.83599999999998
O01622,P0038,4,10,47.45,95.55,382.2,38.22,343.98,189.8,154.18
O01623,P0029,1,10,72.76,153.77,153.77,15.377,138.393,72.76,65.633
O01624,P0012,4,10,27.1,81.21,324.84,32.483999999999995,292.356,108.4,183.956
O01625,P0019,3,15,44.15,98.94,296.82,44.523,252.297,132.45,119.84700000000001
O01626,P0009,5,0,33.62,75.41,377.04999999999995,0.0,377.04999999999995,168.1,208.94999999999996
O01627,P0082,4,15,67.76,161.31,645.24,96.786,548.454,271.04,277.41399999999993
O01628,P0029,1,10,72.76,153.77,153.77,15.377,138.393,72.76,65.633
O01629,P0003,4,10,50.89,109.28,437.12,43.711999999999996,393.408,203.56,189.848
O01630,P0087,5,5,32.13,56.17,280.85,14.0425,266.8075,160.65,106.1575
O01631,P0030,2,5,50.32,133.74,267.48,13.374,254.10600000000002,100.64,153.466
O01632,P0058,4,0,24.12,39.95,159.8,0.0,159.8,96.48,63.32000000000001
O01633,P0088,3,25,51.18,79.37,238.11,59.5275,178.5825,153.54,25.042500000000018
O01634,P0053,5,10,51.57,127.74,638.6999999999999,63.86999999999999,574.8299999999999,257.85,316.9799999999999
O01635,P0004,1,25,61.58,123.11,123.11,30.7775,92.3325,61.58,30.752499999999998
O01636,P0057,5,10,48.42,78.25,391.25,39.125,352.125,242.10000000000002,110.02499999999998
O01637,P0054,2,0,35.85,95.25,190.5,0.0,190.5,71.7,118.8
O01638,P0028,1,10,79.81,177.94,177.94,17.794,160.146,79.81,80.33599999999998
O01639,P0016,2,0,10.53,18.06,36.12,0.0,36.12,21.06,15.059999999999999
O01640,P0013,2,20,44.88,117.97,235.94,47.188,188.752,89.76,98.992
O01641,P0072,3,15,79.37,143.53,430.59000000000003,64.58850000000001,366.0015,238.11,127.89150000000001
O01642,P0056,4,15,48.4,77.6,310.4,46.56,263.84,193.6,70.23999999999998
O01643,P0053,3,10,51.57,127.74,383.21999999999997,38.321999999999996,344.89799999999997,154.71,190.18799999999996
O01644,P0048,3,10,63.74,152.3,456.90000000000003,45.69,411.21000000000004,191.22,219.99000000000004
O01645,P0025,3,25,13.61,32.74,98.22,24.555,73.66499999999999,40.83,32.834999999999994
O01646,P0066,1,5,65.6,131.08,131.08,6.554000000000001,124.52600000000001,65.6,58.926000000000016
O01647,P0030,4,15,50.32,133.74,534.96,80.244,454.716,201.28,253.436
O01648,P0003,4,10,50.89,109.28,437.12,43.711999999999996,393.408,203.56,189.848
O01649,P0023,1,25,13.9,28.75,28.75,7.1875,21.5625,13.9,7.6625
O01650,P0029,3,15,72.76,153.77,461.31000000000006,69.1965,392.11350000000004,218.28000000000003,173.83350000000002
O01651,P0041,3,25,24.36,47.06,141.18,35.295,105.885,73.08,32.80500000000001
O01652,P0094,2,10,47.78,108.59,217.18,21.718000000000004,195.462,95.56,99.90199999999999
O01653,P0011,2,0,52.53,123.96,247.92,0.0,247.92,105.06,142.85999999999999
O01654,P0021,5,10,16.15,26.72,133.6,13.36,120.24,80.75,39.489999999999995
O01655,P0091,2,15,59.96,114.91,229.82,34.473,195.34699999999998,119.92,75.42699999999998
O01656,P0024,4,15,68.96,150.71,602.84,90.426,512.414,275.84,236.574
O01657,P0095,1,0,40.71,120.64,120.64,0.0,120.64,40.71,79.93
O01658,P0094,3,10,47.78,108.59,325.77,32.577,293.193,143.34,149.85299999999998
O01659,P0065,5,0,52.43,144.51,722.55,0.0,722.55,262.15,460.4
O01660,P0001,2,20,55.42,102.17,204.34,40.868,163.472,110.84,52.632000000000005
O01661,P0054,5,0,35.85,95.25,476.25,0.0,476.25,179.25,297.0
O01662,P0072,1,10,79.37,143.53,143.53,14.353,129.177,79.37,49.80699999999999
O01663,P0034,1,5,44.35,114.17,114.17,5.7085,108.4615,44.35,64.1115
O01664,P0080,5,5,62.54,138.92,694.5999999999999,34.73,659.8699999999999,312.7,347.1699999999999
O01665,P0091,5,20,59.96,114.91,574.55,114.91,459.64,299.8,159.83999999999997
O01666,P0068,5,0,69.55,128.05,640.25,0.0,640.25,347.75,292.5
O01667,P0083,3,0,23.05,35.71,107.13,0.0,107.13,69.15,37.97999999999999
O01668,P0029,4,0,72.76,153.77,615.08,0.0,615.08,291.04,324.04
O01669,P0003,2,10,50.89,109.28,218.56,21.855999999999998,196.704,101.78,94.924
O01670,P0011,2,10,52.53,123.96,247.92,24.791999999999998,223.128,105.06,118.06799999999998
O01671,P0008,2,5,36.51,102.88,205.76,10.288,195.47199999999998,73.02,122.45199999999998
O01672,P0062,5,10,10.19,18.89,94.45,9.445,85.005,50.949999999999996,34.055
O01673,P0033,5,0,78.25,183.75,918.75,0.0,918.75,391.25,527.5
O01674,P0008,5,20,36.51,102.88,514.4,102.88,411.52,182.54999999999998,228.97
O01675,P0025,3,15,13.61,32.74,98.22,14.732999999999999,83.487,40.83,42.657
O01676,P0088,3,25,51.18,79.37,238.11,59.5275,178.5825,153.54,25.042500000000018
O01677,P0026,3,20,11.28,25.42,76.26,15.252,61.008,33.839999999999996,27.168000000000006
O01678,P0026,3,5,11.28,25.42,76.26,3.813,72.447,33.839999999999996,38.607000000000006
O01679,P0017,1,5,25.77,46.56,46.56,2.3280000000000003,44.232,25.77,18.462
O01680,P0091,3,15,59.96,114.91,344.73,51.709500000000006,293.0205,179.88,113.14050000000003
O01681,P0029,3,0,72.76,153.77,461.31000000000006,0.0,461.31000000000006,218.28000000000003,243.03000000000003
O01682,P0043,3,5,59.77,171.41,514.23,25.7115,488.5185,179.31,309.2085
O01683,P0073,2,0,24.35,65.3,130.6,0.0,130.6,48.7,81.89999999999999
O01684,P0078,2,10,64.71,186.65,373.3,37.33,335.97,129.42,206.55000000000004
O01685,P0005,2,10,49.04,127.3,254.6,25.46,229.14,98.08,131.06
O01686,P0050,4,0,45.43,130.75,523.0,0.0,523.0,181.72,341.28
O01687,P0094,1,0,47.78,108.59,108.59,0.0,108.59,47.78,60.81
O01688,P0056,5,15,48.4,77.6,388.0,58.2,329.8,242.0,87.80000000000001
O01689,P0063,3,0,18.17,31.77,95.31,0.0,95.31,54.510000000000005,40.8
O01690,P0057,2,25,48.42,78.25,156.5,39.125,117.375,96.84,20.534999999999997
O01691,P0092,1,0,72.98,133.56,133.56,0.0,133.56,72.98,60.58
O01692,P0045,3,10,61.54,101.61,304.83,30.482999999999997,274.347,184.62,89.72699999999998
O01693,P0037,4,5,60.29,177.17,708.68,35.434,673.246,241.16,432.086
O01694,P0072,5,0,79.37,143.53,717.65,0.0,717.65,396.85,320.79999999999995
O01695,P0079,3,10,67.96,149.41,448.23,44.823,403.40700000000004,203.88,199.52700000000004
O01696,P0092,5,10,72.98,133.56,667.8,66.78,601.02,364.90000000000003,236.11999999999995
O01697,P0036,3,20,67.46,184.85,554.55,110.91,443.64,202.38,241.26
O01698,P0033,4,15,78.25,183.75,735.0,110.25,624.75,313.0,311.75
O01699,P0006,1,0,51.06,129.72,129.72,0.0,129.72,51.06,78.66
O01700,P0076,5,0,60.51,128.39,641.9499999999999,0.0,641.9499999999999,302.55,339.3999999999999
O01701,P0071,5,5,75.31,197.04,985.1999999999999,49.26,935.9399999999999,376.55,559.3899999999999
O01702,P0045,1,0,61.54,101.61,101.61,0.0,101.61,61.54,40.07
O01703,P0092,5,10,72.98,133.56,667.8,66.78,601.02,364.90000000000003,236.11999999999995
O01704,P0007,2,25,49.51,86.65,173.3,43.325,129.97500000000002,99.02,30.955000000000027
O01705,P0065,1,10,52.43,144.51,144.51,14.450999999999999,130.059,52.43,77.62899999999999
O01706,P0024,4,15,68.96,150.71,602.84,90.426,512.414,275.84,236.574
O01707,P0045,3,10,61.54,101.61,304.83,30.482999999999997,274.347,184.62,89.72699999999998
O01708,P0061,3,15,19.72,33.21,99.63,14.944499999999998,84.68549999999999,59.16,25.525499999999994
O01709,P0019,1,0,44.15,98.94,98.94,0.0,98.94,44.15,54.79
O01710,P0032,2,15,10.37,24.86,49.72,7.457999999999999,42.262,20.74,21.522000000000002
O01711,P0030,4,20,50.32,133.74,534.96,106.992,427.968,201.28,226.68800000000002
O01712,P0065,3,0,52.43,144.51,433.53,0.0,433.53,157.29,276.24
O01713,P0032,3,5,10.37,24.86,74.58,3.7289999999999996,70.851,31.11,39.741
O01714,P0057,2,25,48.42,78.25,156.5,39.125,117.375,96.84,20.534999999999997
O01715,P0020,5,15,69.56,183.08,915.4000000000001,137.31000000000003,778.09,347.8,430.29
O01716,P0085,1,5,54.36,101.78,101.78,5.0889999999999995,96.691,54.36,42.331
O01717,P0083,2,10,23.05,35.71,71.42,7.142,64.278,46.1,18.178000000000004
O01718,P0094,2,5,47.78,108.59,217.18,10.859000000000002,206.321,95.56,110.761
O01719,P0092,2,10,72.98,133.56,267.12,26.712,240.40800000000002,145.96,94.44800000000001
O01720,P0096,2,5,50.42,110.34,220.68,11.034,209.64600000000002,100.84,108.80600000000001
O01721,P0030,5,5,50.32,133.74,668.7,33.435,635.2650000000001,251.6,383.6650000000001
O01722,P0087,4,10,32.13,56.17,224.68,22.468000000000004,202.212,128.52,73.69199999999998
O01723,P0091,2,15,59.96,114.91,229.82,34.473,195.34699999999998,119.92,75.42699999999998
O01724,P0059,2,20,57.92,159.9,319.8,63.96,255.84,115.84,140.0
O01725,P0090,1,0,41.64,111.21,111.21,0.0,111.21,41.64,69.57
O01726,P0062,3,15,10.19,18.89,56.67,8.5005,48.1695,30.57,17.5995
O01727,P0067,5,5,17.47,34.37,171.85,8.5925,163.2575,87.35,75.9075
O01728,P0031,2,5,74.22,112.69,225.38,11.269,214.111,148.44,65.67099999999999
O01729,P0066,4,20,65.6,131.08,524.32,104.86400000000002,419.456,262.4,157.05600000000004
O01730,P0054,4,10,35.85,95.25,381.0,38.1,342.9,143.4,199.49999999999997
O01731,P0010,4,0,72.98,190.64,762.56,0.0,762.56,291.92,470.63999999999993
O01732,P0038,1,0,47.45,95.55,95.55,0.0,95.55,47.45,48.099999999999994
O01733,P0083,4,10,23.05,35.71,142.84,14.284,128.556,92.2,36.35600000000001
O01734,P0031,1,15,74.22,112.69,112.69,16.903499999999998,95.7865,74.22,21.566500000000005
O01735,P0029,5,25,72.76,153.77,768.85,192.2125,576.6375,363.8,212.83750000000003
O01736,P0025,4,15,13.61,32.74,130.96,19.644000000000002,111.316,54.44,56.876000000000005
O01737,P0032,3,20,10.37,24.86,74.58,14.915999999999999,59.664,31.11,28.554000000000002
O01738,P0017,2,15,25.77,46.56,93.12,13.968000000000002,79.152,51.54,27.612000000000002
O01739,P0045,5,20,61.54,101.61,508.05,101.61,406.44,307.7,98.74000000000001
O01740,P0049,3,0,16.11,26.63,79.89,0.0,79.89,48.33,31.560000000000002
O01741,P0087,5,20,32.13,56.17,280.85,56.17,224.68,160.65,64.03
O01742,P0018,4,5,35.57,91.45,365.8,18.29,347.51,142.28,205.23
O01743,P0075,5,20,74.85,125.1,625.5,125.1,500.4,374.25,126.14999999999998
O01744,P0052,5,0,32.44,49.78,248.9,0.0,248.9,162.2,86.70000000000002
O01745,P0020,5,15,69.56,183.08,915.4000000000001,137.31000000000003,778.09,347.8,430.29
O01746,P0062,1,15,10.19,18.89,18.89,2.8335000000000004,16.0565,10.19,5.8665
O01747,P0013,3,25,44.88,117.97,353.90999999999997,88.4775,265.43249999999995,134.64000000000001,130.79249999999993
O01748,P0088,4,15,51.18,79.37,317.48,47.62200000000001,269.858,204.72,65.138
O01749,P0043,2,5,59.77,171.41,342.82,17.141,325.679,119.54,206.13899999999995
O01750,P0084,4,10,26.5,76.03,304.12,30.412,273.708,106.0,167.70800000000003
O01751,P0092,4,5,72.98,133.56,534.24,26.712,507.528,291.92,215.608
O01752,P0099,1,0,47.23,108.75,108.75,0.0,108.75,47.23,61.52
O01753,P0021,1,0,16.15,26.72,26.72,0.0,26.72,16.15,10.57
O01754,P0006,5,0,51.06,129.72,648.6,0.0,648.6,255.3,393.3
O01755,P0071,4,10,75.31,197.04,788.16,78.81599999999999,709.3439999999999,301.24,408.1039999999999
O01756,P0093,3,20,53.69,97.66,292.98,58.596000000000004,234.38400000000001,161.07,73.31400000000002
O01757,P0053,1,20,51.57,127.74,127.74,25.548,102.192,51.57,50.62199999999999
O01758,P0087,1,0,32.13,56.17,56.17,0.0,56.17,32.13,24.04
O01759,P0052,3,0,32.44,49.78,149.34,0.0,149.34,97.32,52.02000000000001
O01760,P0069,1,0,62.22,150.06,150.06,0.0,150.06,62.22,87.84
O01761,P0086,3,5,73.55,174.05,522.1500000000001,26.107500000000005,496.0425000000001,220.64999999999998,275.3925000000001
O01762,P0009,2,0,33.62,75.41,150.82,0.0,150.82,67.24,83.58
O01763,P0096,3,5,50.42,110.34,331.02,16.551,314.469,151.26,163.209
O01764,P0074,2,10,36.55,87.92,175.84,17.584,158.256,73.1,85.156
O01765,P0046,5,10,47.09,88.72,443.6,44.36,399.24,235.45000000000002,163.79
O01766,P0092,5,10,72.98,133.56,667.8,66.78,601.02,364.90000000000003,236.11999999999995
O01767,P0075,1,5,74.85,125.1,125.1,6.255,118.845,74.85,43.995000000000005
O01768,P0071,3,15,75.31,197.04,591.12,88.66799999999999,502.452,225.93,276.522
O01769,P0030,1,15,50.32,133.74,133.74,20.061,113.679,50.32,63.359
O01770,P0043,3,5,59.77,171.41,514.23,25.7115,488.5185,179.31,309.2085
O01771,P0059,1,0,57.92,159.9,159.9,0.0,159.9,57.92,101.98
O01772,P0038,5,5,47.45,95.55,477.75,23.8875,453.8625,237.25,216.6125
O01773,P0034,5,0,44.35,114.17,570.85,0.0,570.85,221.75,349.1
O01774,P0046,1,10,47.09,88.72,88.72,8.872,79.848,47.09,32.757999999999996
O01775,P0092,3,0,72.98,133.56,400.68,0.0,400.68,218.94,181.74
O01776,P0032,4,10,10.37,24.86,99.44,9.943999999999999,89.496,41.48,48.016
O01777,P0016,3,0,10.53,18.06,54.17999999999999,0.0,54.17999999999999,31.589999999999996,22.589999999999996
O01778,P0039,1,15,43.36,79.83,79.83,11.9745,67.85549999999999,43.36,24.495499999999993
O01779,P0001,3,0,55.42,102.17,306.51,0.0,306.51,166.26,140.25
O01780,P0098,2,10,37.4,104.38,208.76,20.875999999999998,187.884,74.8,113.08399999999999
O01781,P0057,3,0,48.42,78.25,234.75,0.0,234.75,145.26,89.49000000000001
O01782,P0087,5,0,32.13,56.17,280.85,0.0,280.85,160.65,120.20000000000002
O01783,P0020,5,20,69.56,183.08,915.4000000000001,183.08,732.32,347.8,384.52000000000004
O01784,P0082,2,10,67.76,161.31,322.62,32.262,290.358,135.52,154.838
O01785,P0082,3,0,67.76,161.31,483.93,0.0,483.93,203.28000000000003,280.65
O01786,P0042,4,10,77.76,188.37,753.48,75.348,678.1320000000001,311.04,367.09200000000004
O01787,P0085,3,10,54.36,101.78,305.34000000000003,30.534000000000006,274.80600000000004,163.07999999999998,111.72600000000006
O01788,P0072,5,10,79.37,143.53,717.65,71.765,645.885,396.85,249.03499999999997
O01789,P0034,5,5,44.35,114.17,570.85,28.5425,542.3075,221.75,320.5575
O01790,P0050,1,20,45.43,130.75,130.75,26.15,104.6,45.43,59.169999999999995
O01791,P0011,5,0,52.53,123.96,619.8,0.0,619.8,262.65,357.15
O01792,P0043,1,5,59.77,171.41,171.41,8.5705,162.8395,59.77,103.06949999999998
O01793,P0010,5,5,72.98,190.64,953.1999999999999,47.66,905.54,364.90000000000003,540.6399999999999
O01794,P0008,5,15,36.51,102.88,514.4,77.16,437.24,182.54999999999998,254.69000000000003
O01795,P0072,4,20,79.37,143.53,574.12,114.824,459.296,317.48,141.81599999999997
O01796,P0019,1,15,44.15,98.94,98.94,14.841,84.099,44.15,39.949000000000005
O01797,P0065,1,15,52.43,144.51,144.51,21.676499999999997,122.83349999999999,52.43,70.40349999999998
O01798,P0055,5,25,41.8,86.18,430.90000000000003,107.725,323.17500000000007,209.0,114.17500000000007
O01799,P0052,1,10,32.44,49.78,49.78,4.978,44.802,32.44,12.362000000000002
O01800,P0003,5,15,50.89,109.28,546.4,81.96,464.44,254.45,209.99
O01801,P0053,5,25,51.57,127.74,638.6999999999999,159.67499999999998,479.025,257.85,221.17499999999995
O01802,P0044,3,0,23.97,40.96,122.88,0.0,122.88,71.91,50.97
O01803,P0096,1,10,50.42,110.34,110.34,11.034,99.306,50.42,48.885999999999996
O01804,P0048,2,15,63.74,152.3,304.6,45.69,258.91,127.48,131.43
O01805,P0054,1,20,35.85,95.25,95.25,19.05,76.2,35.85,40.35
O01806,P0016,1,20,10.53,18.06,18.06,3.612,14.447999999999999,10.53,3.9179999999999993
O01807,P0030,4,15,50.32,133.74,534.96,80.244,454.716,201.28,253.436
O01808,P0092,2,20,72.98,133.56,267.12,53.424,213.696,145.96,67.73599999999999
O01809,P0028,2,10,79.81,177.94,355.88,35.588,320.292,159.62,160.67199999999997
O01810,P0016,4,0,10.53,18.06,72.24,0.0,72.24,42.12,30.119999999999997
O01811,P0051,4,0,75.24,202.03,808.12,0.0,808.12,300.96,507.16
O01812,P0033,1,10,78.25,183.75,183.75,18.375,165.375,78.25,87.125
O01813,P0025,3,5,13.61,32.74,98.22,4.9110000000000005,93.309,40.83,52.479
O01814,P0018,4,10,35.57,91.45,365.8,36.58,329.22,142.28,186.94000000000003
O01815,P0026,2,5,11.28,25.42,50.84,2.5420000000000003,48.298,22.56,25.738000000000003
O01816,P0006,2,20,51.06,129.72,259.44,51.888000000000005,207.552,102.12,105.43199999999999
O01817,P0038,1,5,47.45,95.55,95.55,4.7775,90.7725,47.45,43.32249999999999
O01818,P0044,3,20,23.97,40.96,122.88,24.576,98.304,71.91,26.394000000000005
O01819,P0067,5,20,17.47,34.37,171.85,34.37,137.48,87.35,50.129999999999995
O01820,P0043,4,10,59.77,171.41,685.64,68.564,617.076,239.08,377.996
O01821,P0006,4,5,51.06,129.72,518.88,25.944000000000003,492.936,204.24,288.69599999999997
O01822,P0078,1,15,64.71,186.65,186.65,27.9975,158.6525,64.71,93.94250000000001
O01823,P0064,3,15,43.12,76.73,230.19,34.5285,195.6615,129.35999999999999,66.3015
O01824,P0082,2,5,67.76,161.31,322.62,16.131,306.48900000000003,135.52,170.96900000000002
O01825,P0080,2,0,62.54,138.92,277.84,0.0,277.84,125.08,152.76
O01826,P0088,5,5,51.18,79.37,396.85,19.8425,377.00750000000005,255.9,121.10750000000004
O01827,P0013,2,0,44.88,117.97,235.94,0.0,235.94,89.76,146.18
O01828,P0065,4,5,52.43,144.51,578.04,28.901999999999997,549.1379999999999,209.72,339.4179999999999
O01829,P0038,5,5,47.45,95.55,477.75,23.8875,453.8625,237.25,216.6125
O01830,P0064,3,10,43.12,76.73,230.19,23.019000000000002,207.171,129.35999999999999,77.811
O01831,P0014,5,25,33.12,84.8,424.0,106.0,318.0,165.6,152.4
O01832,P0017,3,10,25.77,46.56,139.68,13.968000000000002,125.712,77.31,48.402
O01833,P0077,2,20,13.37,37.37,74.74,14.948,59.791999999999994,26.74,33.05199999999999
O01834,P0013,1,15,44.88,117.97,117.97,17.6955,100.2745,44.88,55.3945
O01835,P0073,5,15,24.35,65.3,326.5,48.975,277.525,121.75,155.77499999999998
O01836,P0006,5,5,51.06,129.72,648.6,32.43,616.1700000000001,255.3,360.87000000000006
O01837,P0006,4,5,51.06,129.72,518.88,25.944000000000003,492.936,204.24,288.69599999999997
O01838,P0094,4,15,47.78,108.59,434.36,65.15400000000001,369.206,191.12,178.086
O01839,P0037,3,20,60.29,177.17,531.51,106.302,425.20799999999997,180.87,244.33799999999997
O01840,P0057,1,10,48.42,78.25,78.25,7.825,70.425,48.42,22.004999999999995
O01841,P0053,4,0,51.57,127.74,510.96,0.0,510.96,206.28,304.67999999999995
O01842,P0046,4,15,47.09,88.72,354.88,53.232,301.648,188.36,113.28800000000001
O01843,P0078,2,5,64.71,186.65,373.3,18.665,354.635,129.42,225.215
O01844,P0004,2,0,61.58,123.11,246.22,0.0,246.22,123.16,123.06
O01845,P0034,4,15,44.35,114.17,456.68,68.502,388.178,177.4,210.778
O01846,P0066,3,10,65.6,131.08,393.24,39.324,353.916,196.79999999999998,157.116
O01847,P0063,1,10,18.17,31.77,31.77,3.177,28.593,18.17,10.422999999999998
O01848,P0061,4,20,19.72,33.21,132.84,26.568,106.272,78.88,27.39200000000001
O01849,P0081,3,10,65.97,189.84,569.52,56.952,512.568,197.91,314.658
O01850,P0042,3,10,77.76,188.37,565.11,56.511,508.599,233.28000000000003,275.31899999999996
O01851,P0078,4,5,64.71,186.65,746.6,37.33,709.27,258.84,450.43
O01852,P0064,3,5,43.12,76.73,230.19,11.509500000000001,218.6805,129.35999999999999,89.32050000000001
O01853,P0017,5,15,25.77,46.56,232.8,34.92,197.88,128.85,69.03
O01854,P0061,3,5,19.72,33.21,99.63,4.9815,94.6485,59.16,35.4885
O01855,P0030,4,0,50.32,133.74,534.96,0.0,534.96,201.28,333.68000000000006
O01856,P0043,3,0,59.77,171.41,514.23,0.0,514.23,179.31,334.92
O01857,P0093,4,10,53.69,97.66,390.64,39.06399999999999,351.576,214.76,136.81600000000003
O01858,P0007,2,10,49.51,86.65,173.3,17.33,155.97000000000003,99.02,56.95000000000003
O01859,P0073,4,10,24.35,65.3,261.2,26.12,235.07999999999998,97.4,137.67999999999998
O01860,P0046,3,10,47.09,88.72,266.15999999999997,26.615999999999996,239.54399999999998,141.27,98.27399999999997
O01861,P0023,4,0,13.9,28.75,115.0,0.0,115.0,55.6,59.4
O01862,P0036,1,10,67.46,184.85,184.85,18.485,166.365,67.46,98.90500000000002
O01863,P0014,4,20,33.12,84.8,339.2,67.84,271.36,132.48,138.88000000000002
O01864,P0020,4,0,69.56,183.08,732.32,0.0,732.32,278.24,454.08000000000004
O01865,P0056,1,10,48.4,77.6,77.6,7.76,69.83999999999999,48.4,21.43999999999999
O01866,P0081,1,10,65.97,189.84,189.84,18.984,170.856,65.97,104.886
O01867,P0032,1,15,10.37,24.86,24.86,3.7289999999999996,21.131,10.37,10.761000000000001
O01868,P0025,5,0,13.61,32.74,163.70000000000002,0.0,163.70000000000002,68.05,95.65000000000002
O01869,P0094,4,20,47.78,108.59,434.36,86.87200000000001,347.488,191.12,156.368
O01870,P0049,1,10,16.11,26.63,26.63,2.6630000000000003,23.967,16.11,7.856999999999999
O01871,P0057,1,15,48.42,78.25,78.25,11.7375,66.5125,48.42,18.0925
O01872,P0027,2,0,58.79,135.79,271.58,0.0,271.58,117.58,154.0
O01873,P0027,5,15,58.79,135.79,678.9499999999999,101.84249999999999,577.1075,293.95,283.15749999999997
O01874,P0046,4,15,47.09,88.72,354.88,53.232,301.648,188.36,113.28800000000001
O01875,P0095,3,5,40.71,120.64,361.92,18.096,343.824,122.13,221.69400000000002
O01876,P0045,5,5,61.54,101.61,508.05,25.4025,482.64750000000004,307.7,174.94750000000005
O01877,P0026,5,10,11.28,25.42,127.10000000000001,12.71,114.39000000000001,56.4,57.990000000000016
O01878,P0014,2,0,33.12,84.8,169.6,0.0,169.6,66.24,103.36
O01879,P0048,4,15,63.74,152.3,609.2,91.38,517.82,254.96,262.86
O01880,P0085,4,0,54.36,101.78,407.12,0.0,407.12,217.44,189.68
O01881,P0092,1,0,72.98,133.56,133.56,0.0,133.56,72.98,60.58
O01882,P0015,1,10,75.36,201.05,201.05,20.105,180.94500000000002,75.36,105.58500000000002
O01883,P0094,5,0,47.78,108.59,542.95,0.0,542.95,238.9,304.05000000000007
O01884,P0089,2,25,57.81,113.72,227.44,56.86,170.57999999999998,115.62,54.95999999999998
O01885,P0051,4,20,75.24,202.03,808.12,161.624,646.496,300.96,345.536
O01886,P0054,2,10,35.85,95.25,190.5,19.05,171.45,71.7,99.74999999999999
O01887,P0011,3,15,52.53,123.96,371.88,55.782,316.098,157.59,158.508
O01888,P0075,4,20,74.85,125.1,500.4,100.08,400.32,299.4,100.92000000000002
O01889,P0028,1,5,79.81,177.94,177.94,8.897,169.043,79.81,89.233
O01890,P0055,5,15,41.8,86.18,430.90000000000003,64.635,366.26500000000004,209.0,157.26500000000004
O01891,P0069,2,0,62.22,150.06,300.12,0.0,300.12,124.44,175.68
O01892,P0092,1,5,72.98,133.56,133.56,6.678,126.882,72.98,53.902
O01893,P0072,5,10,79.37,143.53,717.65,71.765,645.885,396.85,249.03499999999997
O01894,P0026,1,15,11.28,25.42,25.42,3.813,21.607000000000003,11.28,10.327000000000004
O01895,P0070,4,0,38.6,79.86,319.44,0.0,319.44,154.4,165.04
O01896,P0032,2,5,10.37,24.86,49.72,2.4859999999999998,47.234,20.74,26.494000000000003
O01897,P0048,3,10,63.74,152.3,456.90000000000003,45.69,411.21000000000004,191.22,219.99000000000004
O01898,P0096,1,5,50.42,110.34,110.34,5.517,104.82300000000001,50.42,54.403000000000006
O01899,P0012,2,15,27.1,81.21,162.42,24.362999999999996,138.057,54.2,83.85699999999999
O01900,P0070,4,10,38.6,79.86,319.44,31.944000000000003,287.496,154.4,133.09599999999998
O01901,P0077,1,0,13.37,37.37,37.37,0.0,37.37,13.37,24.0
O01902,P0061,4,0,19.72,33.21,132.84,0.0,132.84,78.88,53.96000000000001
O01903,P0034,3,10,44.35,114.17,342.51,34.251,308.259,133.05,175.209
O01904,P0087,3,10,32.13,56.17,168.51,16.851,151.659,96.39000000000001,55.26899999999998
O01905,P0081,5,0,65.97,189.84,949.2,0.0,949.2,329.85,619.35
O01906,P0045,5,5,61.54,101.61,508.05,25.4025,482.64750000000004,307.7,174.94750000000005
O01907,P0060,5,5,16.15,46.29,231.45,11.5725,219.8775,80.75,139.1275
O01908,P0065,4,0,52.43,144.51,578.04,0.0,578.04,209.72,368.31999999999994
O01909,P0071,5,10,75.31,197.04,985.1999999999999,98.52,886.68,376.55,510.12999999999994
O01910,P0013,2,15,44.88,117.97,235.94,35.391,200.549,89.76,110.789
O01911,P0078,4,10,64.71,186.65,746.6,74.66,671.94,258.84,413.1000000000001
O01912,P0081,4,15,65.97,189.84,759.36,113.904,645.456,263.88,381.576
O01913,P0094,5,0,47.78,108.59,542.95,0.0,542.95,238.9,304.05000000000007
O01914,P0048,5,5,63.74,152.3,761.5,38.075,723.425,318.7,404.72499999999997
O01915,P0049,4,10,16.11,26.63,106.52,10.652000000000001,95.868,64.44,31.427999999999997
O01916,P0098,3,10,37.4,104.38,313.14,31.313999999999997,281.82599999999996,112.19999999999999,169.62599999999998
O01917,P0091,3,10,59.96,114.91,344.73,34.473,310.257,179.88,130.377
O01918,P0058,5,15,24.12,39.95,199.75,29.9625,169.7875,120.60000000000001,49.187499999999986
O01919,P0089,3,10,57.81,113.72,341.15999999999997,34.11599999999999,307.044,173.43,133.61399999999998
O01920,P0099,2,0,47.23,108.75,217.5,0.0,217.5,94.46,123.04
O01921,P0073,2,10,24.35,65.3,130.6,13.06,117.53999999999999,48.7,68.83999999999999
O01922,P0070,2,15,38.6,79.86,159.72,23.958000000000002,135.762,77.2,58.562
O01923,P0061,4,25,19.72,33.21,132.84,33.21,99.63,78.88,20.75
O01924,P0026,4,10,11.28,25.42,101.68,10.168000000000001,91.512,45.12,46.392
O01925,P0039,4,10,43.36,79.83,319.32,31.932,287.388,173.44,113.94799999999998
O01926,P0058,4,10,24.12,39.95,159.8,15.98,143.82000000000002,96.48,47.34000000000002
O01927,P0027,4,20,58.79,135.79,543.16,108.63199999999999,434.52799999999996,235.16,199.36799999999997
O01928,P0040,5,25,68.7,146.7,733.5,183.375,550.125,343.5,206.625
O01929,P0031,3,15,74.22,112.69,338.07,50.7105,287.35949999999997,222.66,64.69949999999997
O01930,P0003,5,10,50.89,109.28,546.4,54.64,491.76,254.45,237.31
O01931,P0088,3,0,51.18,79.37,238.11,0.0,238.11,153.54,84.57000000000002
O01932,P0015,5,15,75.36,201.05,1005.25,150.7875,854.4625,376.8,477.66249999999997
O01933,P0054,2,15,35.85,95.25,190.5,28.575,161.925,71.7,90.22500000000001
O01934,P0070,1,15,38.6,79.86,79.86,11.979000000000001,67.881,38.6,29.281
O01935,P0011,4,0,52.53,123.96,495.84,0.0,495.84,210.12,285.71999999999997
O01936,P0030,1,10,50.32,133.74,133.74,13.374,120.36600000000001,50.32,70.04600000000002
O01937,P0035,1,5,60.6,145.35,145.35,7.2675,138.08249999999998,60.6,77.48249999999999
O01938,P0043,2,15,59.77,171.41,342.82,51.423,291.397,119.54,171.85699999999997
O01939,P0061,1,0,19.72,33.21,33.21,0.0,33.21,19.72,13.490000000000002
O01940,P0040,1,10,68.7,146.7,146.7,14.67,132.03,68.7,63.33
O01941,P0093,2,5,53.69,97.66,195.32,9.765999999999998,185.554,107.38,78.174
O01942,P0087,3,0,32.13,56.17,168.51,0.0,168.51,96.39000000000001,72.11999999999998
O01943,P0042,5,10,77.76,188.37,941.85,94.185,847.665,388.8,458.86499999999995
O01944,P0042,1,0,77.76,188.37,188.37,0.0,188.37,77.76,110.61
O01945,P0003,4,10,50.89,109.28,437.12,43.711999999999996,393.408,203.56,189.848
O01946,P0090,2,20,41.64,111.21,222.42,44.483999999999995,177.93599999999998,83.28,94.65599999999998
O01947,P0078,1,25,64.71,186.65,186.65,46.6625,139.9875,64.71,75.27750000000002
O01948,P0083,3,0,23.05,35.71,107.13,0.0,107.13,69.15,37.97999999999999
O01949,P0085,3,15,54.36,101.78,305.34000000000003,45.801,259.53900000000004,163.07999999999998,96.45900000000006
O01950,P0021,4,5,16.15,26.72,106.88,5.343999999999999,101.536,64.6,36.93600000000001
O01951,P0073,1,20,24.35,65.3,65.3,13.06,52.239999999999995,24.35,27.889999999999993
O01952,P0077,4,15,13.37,37.37,149.48,22.421999999999997,127.05799999999999,53.48,73.578
O01953,P0053,3,0,51.57,127.74,383.21999999999997,0.0,383.21999999999997,154.71,228.50999999999996
O01954,P0044,3,5,23.97,40.96,122.88,6.144,116.73599999999999,71.91,44.82599999999999
O01955,P0046,5,5,47.09,88.72,443.6,22.18,421.42,235.45000000000002,185.97
O01956,P0037,3,15,60.29,177.17,531.51,79.7265,451.7835,180.87,270.9135
O01957,P0038,2,5,47.45,95.55,191.1,9.555,181.545,94.9,86.64499999999998
O01958,P0088,5,10,51.18,79.37,396.85,39.685,357.165,255.9,101.26500000000001
O01959,P0038,4,10,47.45,95.55,382.2,38.22,343.98,189.8,154.18
O01960,P0011,3,25,52.53,123.96,371.88,92.97,278.90999999999997,157.59,121.31999999999996
O01961,P0093,2,20,53.69,97.66,195.32,39.06399999999999,156.256,107.38,48.876000000000005
O01962,P0045,5,5,61.54,101.61,508.05,25.4025,482.64750000000004,307.7,174.94750000000005
O01963,P0064,2,15,43.12,76.73,153.46,23.019000000000002,130.441,86.24,44.20100000000001
O01964,P0044,5,15,23.97,40.96,204.8,30.72,174.08,119.85,54.23000000000002
O01965,P0081,5,20,65.97,189.84,949.2,189.84,759.36,329.85,429.51
O01966,P0062,5,0,10.19,18.89,94.45,0.0,94.45,50.949999999999996,43.50000000000001
O01967,P0090,4,5,41.64,111.21,444.84,22.241999999999997,422.59799999999996,166.56,256.03799999999995
O01968,P0061,5,5,19.72,33.21,166.05,8.3025,157.7475,98.6,59.14750000000001
O01969,P0090,5,5,41.64,111.21,556.05,27.8025,528.2475,208.2,320.04749999999996
O01970,P0012,2,0,27.1,81.21,162.42,0.0,162.42,54.2,108.21999999999998
O01971,P0082,5,10,67.76,161.31,806.55,80.655,725.895,338.8,387.09499999999997
O01972,P0009,4,10,33.62,75.41,301.64,30.163999999999998,271.476,134.48,136.996
O01973,P0067,2,10,17.47,34.37,68.74,6.874,61.86599999999999,34.94,26.925999999999995
O01974,P0074,5,10,36.55,87.92,439.6,43.96,395.64000000000004,182.75,212.89000000000004
O01975,P0002,2,0,43.57,100.83,201.66,0.0,201.66,87.14,114.52
O01976,P0008,4,20,36.51,102.88,411.52,82.304,329.216,146.04,183.17600000000002
O01977,P0043,2,20,59.77,171.41,342.82,68.564,274.256,119.54,154.71599999999995
O01978,P0018,4,10,35.57,91.45,365.8,36.58,329.22,142.28,186.94000000000003
O01979,P0052,3,20,32.44,49.78,149.34,29.868000000000002,119.47200000000001,97.32,22.152000000000015
O01980,P0039,5,0,43.36,79.83,399.15,0.0,399.15,216.8,182.34999999999997
O01981,P0031,4,15,74.22,112.69,450.76,67.61399999999999,383.146,296.88,86.26600000000002
O01982,P0014,5,0,33.12,84.8,424.0,0.0,424.0,165.6,258.4
O01983,P0064,4,5,43.12,76.73,306.92,15.346000000000002,291.574,172.48,119.09400000000002
O01984,P0097,1,5,34.88,81.48,81.48,4.074000000000001,77.406,34.88,42.526
O01985,P0093,1,10,53.69,97.66,97.66,9.765999999999998,87.894,53.69,34.20400000000001
O01986,P0044,1,5,23.97,40.96,40.96,2.048,38.912,23.97,14.942
O01987,P0060,4,10,16.15,46.29,185.16,18.516,166.644,64.6,102.04400000000001
O01988,P0097,5,5,34.88,81.48,407.40000000000003,20.37,387.03000000000003,174.4,212.63000000000002
O01989,P0099,1,20,47.23,108.75,108.75,21.75,87.0,47.23,39.77
O01990,P0002,5,10,43.57,100.83,504.15,50.415,453.73499999999996,217.85,235.88499999999996
O01991,P0099,4,0,47.23,108.75,435.0,0.0,435.0,188.92,246.08
O01992,P0032,5,5,10.37,24.86,124.3,6.215,118.085,51.849999999999994,66.235
O01993,P0036,5,15,67.46,184.85,924.25,138.6375,785.6125,337.29999999999995,448.3125
O01994,P0055,1,5,41.8,86.18,86.18,4.309,81.87100000000001,41.8,40.07100000000001
O01995,P0087,2,10,32.13,56.17,112.34,11.234000000000002,101.106,64.26,36.84599999999999
O01996,P0063,3,10,18.17,31.77,95.31,9.531,85.779,54.510000000000005,31.26899999999999
O01997,P0069,4,5,62.22,150.06,600.24,30.011999999999997,570.2280000000001,248.88,321.34800000000007
O01998,P0080,4,5,62.54,138.92,555.68,27.783999999999995,527.896,250.16,277.736
O01999,P0040,4,10,68.7,146.7,586.8,58.68,528.12,274.8,253.32
O02000,P0024,3,0,68.96,150.71,452.13,0.0,452.13,206.88,245.25
O02001,P0058,2,5,24.12,39.95,79.9,3.995,75.905,48.24,27.665
O02002,P0028,5,0,79.81,177.94,889.7,0.0,889.7,399.05,490.65000000000003
O02003,P0062,4,5,10.19,18.89,75.56,3.778,71.782,40.76,31.022
O02004,P0025,5,5,13.61,32.74,163.70000000000002,8.185,155.51500000000001,68.05,87.46500000000002
O02005,P0007,1,25,49.51,86.65,86.65,21.6625,64.98750000000001,49.51,15.477500000000013
O02006,P0038,1,10,47.45,95.55,95.55,9.555,85.995,47.45,38.545
O02007,P0071,1,15,75.31,197.04,197.04,29.555999999999997,167.48399999999998,75.31,92.17399999999998
O02008,P0086,4,0,73.55,174.05,696.2,0.0,696.2,294.2,402.00000000000006
O02009,P0086,3,0,73.55,174.05,522.1500000000001,0.0,522.1500000000001,220.64999999999998,301.5000000000001
O02010,P0091,4,15,59.96,114.91,459.64,68.946,390.69399999999996,239.84,150.85399999999996
O02011,P0097,1,10,34.88,81.48,81.48,8.148000000000001,73.33200000000001,34.88,38.452000000000005
O02012,P0045,1,0,61.54,101.61,101.61,0.0,101.61,61.54,40.07
O02013,P0032,4,5,10.37,24.86,99.44,4.9719999999999995,94.468,41.48,52.98800000000001
O02014,P0032,3,10,10.37,24.86,74.58,7.457999999999999,67.122,31.11,36.012
O02015,P0001,3,15,55.42,102.17,306.51,45.976499999999994,260.5335,166.26,94.27350000000001
O02016,P0074,5,0,36.55,87.92,439.6,0.0,439.6,182.75,256.85
O02017,P0045,2,10,61.54,101.61,203.22,20.322,182.898,123.08,59.818
O02018,P0064,1,15,43.12,76.73,76.73,11.509500000000001,65.2205,43.12,22.100500000000004
O02019,P0068,3,25,69.55,128.05,384.15000000000003,96.0375,288.11250000000007,208.64999999999998,79.46250000000009
O02020,P0093,1,15,53.69,97.66,97.66,14.649,83.011,53.69,29.320999999999998
O02021,P0007,2,5,49.51,86.65,173.3,8.665,164.63500000000002,99.02,65.61500000000002
O02022,P0038,1,15,47.45,95.55,95.55,14.3325,81.2175,47.45,33.7675
O02023,P0070,3,15,38.6,79.86,239.57999999999998,35.937,203.64299999999997,115.80000000000001,87.84299999999996
O02024,P0053,5,15,51.57,127.74,638.6999999999999,95.80499999999998,542.895,257.85,285.04499999999996
O02025,P0075,4,15,74.85,125.1,500.4,75.06,425.34,299.4,125.94
O02026,P0073,4,20,24.35,65.3,261.2,52.24,208.95999999999998,97.4,111.55999999999997
O02027,P0030,3,0,50.32,133.74,401.22,0.0,401.22,150.96,250.26000000000002
O02028,P0022,3,0,66.41,153.06,459.18,0.0,459.18,199.23,259.95000000000005
O02029,P0058,2,15,24.12,39.95,79.9,11.985,67.915,48.24,19.675000000000004
O02030,P0073,1,5,24.35,65.3,65.3,3.265,62.035,24.35,37.684999999999995
O02031,P0055,2,0,41.8,86.18,172.36,0.0,172.36,83.6,88.76000000000002
O02032,P0046,4,5,47.09,88.72,354.88,17.744,337.13599999999997,188.36,148.77599999999995
O02033,P0097,1,15,34.88,81.48,81.48,12.222000000000001,69.25800000000001,34.88,34.37800000000001
O02034,P0026,2,0,11.28,25.42,50.84,0.0,50.84,22.56,28.280000000000005
O02035,P0064,4,10,43.12,76.73,306.92,30.692000000000004,276.228,172.48,103.74800000000002
O02036,P0080,1,0,62.54,138.92,138.92,0.0,138.92,62.54,76.38
O02037,P0009,5,0,33.62,75.41,377.04999999999995,0.0,377.04999999999995,168.1,208.94999999999996
O02038,P0087,5,5,32.13,56.17,280.85,14.0425,266.8075,160.65,106.1575
O02039,P0015,2,0,75.36,201.05,402.1,0.0,402.1,150.72,251.38000000000002
O02040,P0019,3,15,44.15,98.94,296.82,44.523,252.297,132.45,119.84700000000001
O02041,P0016,1,20,10.53,18.06,18.06,3.612,14.447999999999999,10.53,3.9179999999999993
O02042,P0025,2,15,13.61,32.74,65.48,9.822000000000001,55.658,27.22,28.438000000000002
O02043,P0099,3,0,47.23,108.75,326.25,0.0,326.25,141.69,184.56
O02044,P0051,3,10,75.24,202.03,606.09,60.60900000000001,545.481,225.71999999999997,319.761
O02045,P0077,1,0,13.37,37.37,37.37,0.0,37.37,13.37,24.0
O02046,P0046,1,5,47.09,88.72,88.72,4.436,84.28399999999999,47.09,37.19399999999999
O02047,P0007,3,10,49.51,86.65,259.95000000000005,25.995000000000005,233.95500000000004,148.53,85.42500000000004
O02048,P0034,4,15,44.35,114.17,456.68,68.502,388.178,177.4,210.778
O02049,P0058,2,0,24.12,39.95,79.9,0.0,79.9,48.24,31.660000000000004
O02050,P0078,1,5,64.71,186.65,186.65,9.3325,177.3175,64.71,112.6075
O02051,P0023,3,20,13.9,28.75,86.25,17.25,69.0,41.7,27.299999999999997
O02052,P0023,4,5,13.9,28.75,115.0,5.75,109.25,55.6,53.65
O02053,P0017,5,20,25.77,46.56,232.8,46.56,186.24,128.85,57.390000000000015
O02054,P0013,3,25,44.88,117.97,353.90999999999997,88.4775,265.43249999999995,134.64000000000001,130.79249999999993
O02055,P0027,4,10,58.79,135.79,543.16,54.315999999999995,488.844,235.16,253.684
O02056,P0066,5,5,65.6,131.08,655.4000000000001,32.77,622.6300000000001,328.0,294.6300000000001
O02057,P0030,4,15,50.32,133.74,534.96,80.244,454.716,201.28,253.436
O02058,P0004,1,0,61.58,123.11,123.11,0.0,123.11,61.58,61.53
O02059,P0094,3,5,47.78,108.59,325.77,16.2885,309.4815,143.34,166.14149999999998
O02060,P0067,5,15,17.47,34.37,171.85,25.7775,146.0725,87.35,58.7225
O02061,P0014,4,5,33.12,84.8,339.2,16.96,322.24,132.48,189.76000000000002
O02062,P0011,5,0,52.53,123.96,619.8,0.0,619.8,262.65,357.15
O02063,P0040,2,10,68.7,146.7,293.4,29.34,264.06,137.4,126.66
O02064,P0087,3,15,32.13,56.17,168.51,25.276499999999995,143.2335,96.39000000000001,46.84349999999998
O02065,P0096,1,0,50.42,110.34,110.34,0.0,110.34,50.42,59.92
O02066,P0003,5,5,50.89,109.28,546.4,27.32,519.0799999999999,254.45,264.62999999999994
O02067,P0001,4,0,55.42,102.17,408.68,0.0,408.68,221.68,187.0
O02068,P0009,5,5,33.62,75.41,377.04999999999995,18.8525,358.19749999999993,168.1,190.09749999999994
O02069,P0073,4,15,24.35,65.3,261.2,39.18,222.01999999999998,97.4,124.61999999999998
O02070,P0076,5,15,60.51,128.39,641.9499999999999,96.29249999999998,545.6574999999999,302.55,243.1074999999999
O02071,P0001,1,10,55.42,102.17,102.17,10.217,91.953,55.42,36.533
O02072,P0016,1,0,10.53,18.06,18.06,0.0,18.06,10.53,7.529999999999999
O02073,P0094,3,0,47.78,108.59,325.77,0.0,325.77,143.34,182.42999999999998
O02074,P0072,1,0,79.37,143.53,143.53,0.0,143.53,79.37,64.16
O02075,P0046,5,5,47.09,88.72,443.6,22.18,421.42,235.45000000000002,185.97
O02076,P0010,5,0,72.98,190.64,953.1999999999999,0.0,953.1999999999999,364.90000000000003,588.3
O02077,P0033,1,5,78.25,183.75,183.75,9.1875,174.5625,78.25,96.3125
O02078,P0041,2,0,24.36,47.06,94.12,0.0,94.12,48.72,45.400000000000006
O02079,P0051,5,15,75.24,202.03,1010.15,151.5225,858.6274999999999,376.2,482.42749999999995
O02080,P0022,3,15,66.41,153.06,459.18,68.877,390.303,199.23,191.073
O02081,P0016,2,10,10.53,18.06,36.12,3.612,32.507999999999996,21.06,11.447999999999997
O02082,P0083,1,0,23.05,35.71,35.71,0.0,35.71,23.05,12.66
O02083,P0075,4,20,74.85,125.1,500.4,100.08,400.32,299.4,100.92000000000002
O02084,P0062,5,25,10.19,18.89,94.45,23.6125,70.8375,50.949999999999996,19.88750000000001
O02085,P0053,4,0,51.57,127.74,510.96,0.0,510.96,206.28,304.67999999999995
O02086,P0075,3,15,74.85,125.1,375.29999999999995,56.29499999999999,319.005,224.54999999999998,94.45500000000001
O02087,P0014,2,15,33.12,84.8,169.6,25.44,144.16,66.24,77.92
O02088,P0059,4,10,57.92,159.9,639.6,63.96,575.64,231.68,343.96
O02089,P0026,3,5,11.28,25.42,76.26,3.813,72.447,33.839999999999996,38.607000000000006
O02090,P0044,4,10,23.97,40.96,163.84,16.384,147.45600000000002,95.88,51.57600000000002
O02091,P0020,4,10,69.56,183.08,732.32,73.23200000000001,659.0880000000001,278.24,380.84800000000007
O02092,P0084,3,5,26.5,76.03,228.09,11.4045,216.6855,79.5,137.1855
O02093,P0005,5,20,49.04,127.3,636.5,127.3,509.2,245.2,264.0
O02094,P0065,4,15,52.43,144.51,578.04,86.70599999999999,491.33399999999995,209.72,281.6139999999999
O02095,P0011,3,0,52.53,123.96,371.88,0.0,371.88,157.59,214.29
O02096,P0047,4,10,59.51,154.08,616.32,61.632000000000005,554.6880000000001,238.04,316.64800000000014
O02097,P0010,5,10,72.98,190.64,953.1999999999999,95.32,857.8799999999999,364.90000000000003,492.97999999999985
O02098,P0061,3,0,19.72,33.21,99.63,0.0,99.63,59.16,40.47
O02099,P0092,4,5,72.98,133.56,534.24,26.712,507.528,291.92,215.608
O02100,P0045,1,20,61.54,101.61,101.61,20.322,81.288,61.54,19.747999999999998
O02101,P0047,5,10,59.51,154.08,770.4000000000001,77.04,693.3600000000001,297.55,395.8100000000001
O02102,P0034,4,0,44.35,114.17,456.68,0.0,456.68,177.4,279.28
O02103,P0013,2,0,44.88,117.97,235.94,0.0,235.94,89.76,146.18
O02104,P0089,3,10,57.81,113.72,341.15999999999997,34.11599999999999,307.044,173.43,133.61399999999998
O02105,P0023,4,10,13.9,28.75,115.0,11.5,103.5,55.6,47.9
O02106,P0036,5,5,67.46,184.85,924.25,46.2125,878.0375,337.29999999999995,540.7375000000001
O02107,P0063,5,10,18.17,31.77,158.85,15.885,142.965,90.85000000000001,52.114999999999995
O02108,P0076,2,0,60.51,128.39,256.78,0.0,256.78,121.02,135.76
O02109,P0047,2,0,59.51,154.08,308.16,0.0,308.16,119.02,189.14000000000004
O02110,P0066,4,10,65.6,131.08,524.32,52.43200000000001,471.88800000000003,262.4,209.48800000000006
O02111,P0084,1,0,26.5,76.03,76.03,0.0,76.03,26.5,49.53
O02112,P0080,5,20,62.54,138.92,694.5999999999999,138.92,555.68,312.7,242.97999999999996
O02113,P0014,1,0,33.12,84.8,84.8,0.0,84.8,33.12,51.68
O02114,P0053,1,10,51.57,127.74,127.74,12.774,114.966,51.57,63.395999999999994
O02115,P0066,4,5,65.6,131.08,524.32,26.216000000000005,498.10400000000004,262.4,235.70400000000006
O02116,P0049,3,5,16.11,26.63,79.89,3.9945,75.8955,48.33,27.5655
O02117,P0016,3,15,10.53,18.06,54.17999999999999,8.126999999999999,46.053,31.589999999999996,14.463000000000001
O02118,P0068,3,10,69.55,128.05,384.15000000000003,38.415000000000006,345.735,208.64999999999998,137.08500000000004
O02119,P0043,2,15,59.77,171.41,342.82,51.423,291.397,119.54,171.85699999999997
O02120,P0077,5,10,13.37,37.37,186.85,18.685,168.165,66.85,101.315
O02121,P0065,2,10,52.43,144.51,289.02,28.901999999999997,260.118,104.86,155.25799999999998
O02122,P0009,5,15,33.62,75.41,377.04999999999995,56.55749999999999,320.49249999999995,168.1,152.39249999999996
O02123,P0021,5,10,16.15,26.72,133.6,13.36,120.24,80.75,39.489999999999995
O02124,P0082,5,10,67.76,161.31,806.55,80.655,725.895,338.8,387.09499999999997
O02125,P0096,4,15,50.42,110.34,441.36,66.20400000000001,375.156,201.68,173.476
O02126,P0098,3,20,37.4,104.38,313.14,62.62799999999999,250.512,112.19999999999999,138.312
O02127,P0084,2,5,26.5,76.03,152.06,7.603,144.457,53.0,91.457
O02128,P0043,2,10,59.77,171.41,342.82,34.282,308.538,119.54,188.998
O02129,P0066,4,0,65.6,131.08,524.32,0.0,524.32,262.4,261.9200000000001
O02130,P0004,5,5,61.58,123.11,615.55,30.7775,584.7724999999999,307.9,276.87249999999995
O02131,P0007,3,5,49.51,86.65,259.95000000000005,12.997500000000002,246.95250000000004,148.53,98.42250000000004
O02132,P0086,1,15,73.55,174.05,174.05,26.1075,147.9425,73.55,74.3925
O02133,P0084,1,10,26.5,76.03,76.03,7.603,68.427,26.5,41.92700000000001
O02134,P0058,4,15,24.12,39.95,159.8,23.97,135.83,96.48,39.35000000000001
O02135,P0099,3,0,47.23,108.75,326.25,0.0,326.25,141.69,184.56
O02136,P0004,1,10,61.58,123.11,123.11,12.311,110.799,61.58,49.21900000000001
O02137,P0020,1,20,69.56,183.08,183.08,36.61600000000001,146.464,69.56,76.904
O02138,P0035,2,0,60.6,145.35,290.7,0.0,290.7,121.2,169.5
O02139,P0097,3,0,34.88,81.48,244.44,0.0,244.44,104.64000000000001,139.79999999999998
O02140,P0059,1,5,57.92,159.9,159.9,7.995,151.905,57.92,93.985
O02141,P0085,2,15,54.36,101.78,203.56,30.534000000000002,173.026,108.72,64.30600000000001
O02142,P0045,3,10,61.54,101.61,304.83,30.482999999999997,274.347,184.62,89.72699999999998
O02143,P0014,5,10,33.12,84.8,424.0,42.4,381.6,165.6,216.00000000000003
O02144,P0095,3,10,40.71,120.64,361.92,36.192,325.728,122.13,203.598
O02145,P0022,4,5,66.41,153.06,612.24,30.612,581.628,265.64,315.98800000000006
O02146,P0048,2,15,63.74,152.3,304.6,45.69,258.91,127.48,131.43
O02147,P0030,5,0,50.32,133.74,668.7,0.0,668.7,251.6,417.1
O02148,P0029,2,5,72.76,153.77,307.54,15.377,292.163,145.52,146.643
O02149,P0036,2,10,67.46,184.85,369.7,36.97,332.73,134.92,197.81000000000003
O02150,P0042,1,15,77.76,188.37,188.37,28.2555,160.1145,77.76,82.35449999999999
O02151,P0029,3,15,72.76,153.77,461.31000000000006,69.1965,392.11350000000004,218.28000000000003,173.83350000000002
O02152,P0007,2,15,49.51,86.65,173.3,25.995,147.305,99.02,48.28500000000001
O02153,P0032,2,5,10.37,24.86,49.72,2.4859999999999998,47.234,20.74,26.494000000000003
O02154,P0013,4,0,44.88,117.97,471.88,0.0,471.88,179.52,292.36
O02155,P0013,4,0,44.88,117.97,471.88,0.0,471.88,179.52,292.36
O02156,P0054,4,20,35.85,95.25,381.0,76.2,304.8,143.4,161.4
O02157,P0014,2,20,33.12,84.8,169.6,33.92,135.68,66.24,69.44000000000001
O02158,P0006,5,25,51.06,129.72,648.6,162.15,486.45000000000005,255.3,231.15000000000003
O02159,P0016,3,0,10.53,18.06,54.17999999999999,0.0,54.17999999999999,31.589999999999996,22.589999999999996
O02160,P0041,2,10,24.36,47.06,94.12,9.412,84.708,48.72,35.988
O02161,P0052,1,10,32.44,49.78,49.78,4.978,44.802,32.44,12.362000000000002
O02162,P0085,5,15,54.36,101.78,508.9,76.335,432.565,271.8,160.765
O02163,P0016,5,10,10.53,18.06,90.3,9.03,81.27,52.65,28.619999999999997
O02164,P0005,3,15,49.04,127.3,381.9,57.285,324.615,147.12,177.495
O02165,P0024,5,5,68.96,150.71,753.5500000000001,37.6775,715.8725000000001,344.79999999999995,371.0725000000001
O02166,P0043,3,0,59.77,171.41,514.23,0.0,514.23,179.31,334.92
O02167,P0065,5,0,52.43,144.51,722.55,0.0,722.55,262.15,460.4
O02168,P0010,3,0,72.98,190.64,571.92,0.0,571.92,218.94,352.97999999999996
O02169,P0059,4,5,57.92,159.9,639.6,31.98,607.62,231.68,375.94
O02170,P0035,4,0,60.6,145.35,581.4,0.0,581.4,242.4,339.0
O02171,P0031,5,5,74.22,112.69,563.45,28.1725,535.2775,371.1,164.1775
O02172,P0079,5,10,67.96,149.41,747.05,74.705,672.3449999999999,339.79999999999995,332.54499999999996
O02173,P0011,3,20,52.53,123.96,371.88,74.376,297.504,157.59,139.91400000000002
O02174,P0009,3,15,33.62,75.41,226.23,33.9345,192.2955,100.85999999999999,91.43550000000002
O02175,P0066,2,5,65.6,131.08,262.16,13.108000000000002,249.05200000000002,131.2,117.85200000000003
O02176,P0044,4,0,23.97,40.96,163.84,0.0,163.84,95.88,67.96000000000001
O02177,P0094,2,0,47.78,108.59,217.18,0.0,217.18,95.56,121.62
O02178,P0016,2,25,10.53,18.06,36.12,9.03,27.089999999999996,21.06,6.029999999999998
O02179,P0048,1,10,63.74,152.3,152.3,15.23,137.07000000000002,63.74,73.33000000000001
O02180,P0053,3,0,51.57,127.74,383.21999999999997,0.0,383.21999999999997,154.71,228.50999999999996
O02181,P0065,1,15,52.43,144.51,144.51,21.676499999999997,122.83349999999999,52.43,70.40349999999998
O02182,P0048,1,5,63.74,152.3,152.3,7.615,144.685,63.74,80.945
O02183,P0070,2,20,38.6,79.86,159.72,31.944000000000003,127.776,77.2,50.57599999999999
O02184,P0046,1,5,47.09,88.72,88.72,4.436,84.28399999999999,47.09,37.19399999999999
O02185,P0075,3,5,74.85,125.1,375.29999999999995,18.764999999999997,356.53499999999997,224.54999999999998,131.98499999999999
O02186,P0033,2,10,78.25,183.75,367.5,36.75,330.75,156.5,174.25
O02187,P0052,3,20,32.44,49.78,149.34,29.868000000000002,119.47200000000001,97.32,22.152000000000015
O02188,P0081,5,20,65.97,189.84,949.2,189.84,759.36,329.85,429.51
O02189,P0055,1,10,41.8,86.18,86.18,8.618,77.56200000000001,41.8,35.762000000000015
O02190,P0051,2,0,75.24,202.03,404.06,0.0,404.06,150.48,253.58
O02191,P0098,4,5,37.4,104.38,417.52,20.875999999999998,396.644,149.6,247.044
O02192,P0040,3,25,68.7,146.7,440.09999999999997,110.025,330.07499999999993,206.10000000000002,123.97499999999991
O02193,P0025,1,10,13.61,32.74,32.74,3.2740000000000005,29.466,13.61,15.856000000000002
O02194,P0063,3,15,18.17,31.77,95.31,14.296500000000002,81.0135,54.510000000000005,26.50349999999999
O02195,P0022,3,5,66.41,153.06,459.18,22.959,436.221,199.23,236.991
O02196,P0090,5,10,41.64,111.21,556.05,55.605,500.44499999999994,208.2,292.24499999999995
O02197,P0091,3,5,59.96,114.91,344.73,17.2365,327.49350000000004,179.88,147.61350000000004
O02198,P0038,5,15,47.45,95.55,477.75,71.6625,406.0875,237.25,168.83749999999998
O02199,P0009,5,20,33.62,75.41,377.04999999999995,75.41,301.64,168.1,133.54
O02200,P0037,5,10,60.29,177.17,885.8499999999999,88.585,797.2649999999999,301.45,495.8149999999999
O02201,P0005,1,10,49.04,127.3,127.3,12.73,114.57,49.04,65.53
O02202,P0082,3,5,67.76,161.31,483.93,24.1965,459.7335,203.28000000000003,256.45349999999996
O02203,P0022,3,0,66.41,153.06,459.18,0.0,459.18,199.23,259.95000000000005
O02204,P0012,5,20,27.1,81.21,406.04999999999995,81.21,324.84,135.5,189.33999999999997
O02205,P0060,3,5,16.15,46.29,138.87,6.9435,131.9265,48.449999999999996,83.47650000000002
O02206,P0044,3,15,23.97,40.96,122.88,18.432,104.448,71.91,32.538
O02207,P0022,5,15,66.41,153.06,765.3,114.795,650.505,332.04999999999995,318.45500000000004
O02208,P0006,4,15,51.06,129.72,518.88,77.832,441.048,204.24,236.808
O02209,P0100,4,20,14.66,26.05,104.2,20.84,83.36,58.64,24.72
O02210,P0027,5,10,58.79,135.79,678.9499999999999,67.895,611.055,293.95,317.10499999999996
O02211,P0055,1,20,41.8,86.18,86.18,17.236,68.944,41.8,27.144000000000005
O02212,P0015,3,0,75.36,201.05,603.1500000000001,0.0,603.1500000000001,226.07999999999998,377.0700000000001
O02213,P0064,3,10,43.12,76.73,230.19,23.019000000000002,207.171,129.35999999999999,77.811
O02214,P0017,4,15,25.77,46.56,186.24,27.936000000000003,158.304,103.08,55.224000000000004
O02215,P0003,5,5,50.89,109.28,546.4,27.32,519.0799999999999,254.45,264.62999999999994
O02216,P0010,1,15,72.98,190.64,190.64,28.596,162.04399999999998,72.98,89.06399999999998
O02217,P0063,5,15,18.17,31.77,158.85,23.8275,135.02249999999998,90.85000000000001,44.17249999999997
O02218,P0063,4,15,18.17,31.77,127.08,19.062,108.018,72.68,35.337999999999994
O02219,P0089,4,5,57.81,113.72,454.88,22.744,432.13599999999997,231.24,200.89599999999996
O02220,P0062,3,10,10.19,18.89,56.67,5.667000000000001,51.003,30.57,20.433
O02221,P0085,2,5,54.36,101.78,203.56,10.177999999999999,193.382,108.72,84.662
O02222,P0009,1,15,33.62,75.41,75.41,11.311499999999999,64.0985,33.62,30.478500000000004
O02223,P0024,1,10,68.96,150.71,150.71,15.071000000000002,135.639,68.96,66.67900000000002
O02224,P0032,2,10,10.37,24.86,49.72,4.9719999999999995,44.748,20.74,24.008
O02225,P0003,4,5,50.89,109.28,437.12,21.855999999999998,415.264,203.56,211.704
O02226,P0033,5,0,78.25,183.75,918.75,0.0,918.75,391.25,527.5
O02227,P0043,1,0,59.77,171.41,171.41,0.0,171.41,59.77,111.63999999999999
O02228,P0012,2,0,27.1,81.21,162.42,0.0,162.42,54.2,108.21999999999998
O02229,P0093,3,10,53.69,97.66,292.98,29.298000000000002,263.682,161.07,102.61200000000002
O02230,P0085,3,15,54.36,101.78,305.34000000000003,45.801,259.53900000000004,163.07999999999998,96.45900000000006
O02231,P0098,4,0,37.4,104.38,417.52,0.0,417.52,149.6,267.91999999999996
O02232,P0097,1,0,34.88,81.48,81.48,0.0,81.48,34.88,46.6
O02233,P0032,5,10,10.37,24.86,124.3,12.43,111.87,51.849999999999994,60.02000000000001
O02234,P0020,1,15,69.56,183.08,183.08,27.462000000000003,155.618,69.56,86.05799999999999
O02235,P0067,3,0,17.47,34.37,103.10999999999999,0.0,103.10999999999999,52.41,50.69999999999999
O02236,P0068,1,5,69.55,128.05,128.05,6.4025,121.64750000000001,69.55,52.09750000000001
O02237,P0017,3,0,25.77,46.56,139.68,0.0,139.68,77.31,62.370000000000005
O02238,P0081,2,5,65.97,189.84,379.68,18.984,360.696,131.94,228.75600000000003
O02239,P0019,2,0,44.15,98.94,197.88,0.0,197.88,88.3,109.58
O02240,P0004,3,5,61.58,123.11,369.33,18.4665,350.8635,184.74,166.12349999999998
O02241,P0093,5,15,53.69,97.66,488.29999999999995,73.24499999999999,415.05499999999995,268.45,146.60499999999996
O02242,P0017,5,10,25.77,46.56,232.8,23.28,209.52,128.85,80.67000000000002
O02243,P0064,1,0,43.12,76.73,76.73,0.0,76.73,43.12,33.61000000000001
O02244,P0022,3,10,66.41,153.06,459.18,45.918,413.262,199.23,214.032
O02245,P0066,4,10,65.6,131.08,524.32,52.43200000000001,471.88800000000003,262.4,209.48800000000006
O02246,P0042,5,20,77.76,188.37,941.85,188.37,753.48,388.8,364.68
O02247,P0076,5,5,60.51,128.39,641.9499999999999,32.0975,609.8525,302.55,307.30249999999995
O02248,P0045,2,15,61.54,101.61,203.22,30.483,172.737,123.08,49.657
O02249,P0011,5,15,52.53,123.96,619.8,92.97,526.8299999999999,262.65,264.17999999999995
O02250,P0053,5,0,51.57,127.74,638.6999999999999,0.0,638.6999999999999,257.85,380.8499999999999
O02251,P0060,5,20,16.15,46.29,231.45,46.29,185.16,80.75,104.41
O02252,P0029,3,10,72.76,153.77,461.31000000000006,46.131,415.1790000000001,218.28000000000003,196.89900000000006
O02253,P0020,3,10,69.56,183.08,549.24,54.924,494.31600000000003,208.68,285.636
O02254,P0005,2,0,49.04,127.3,254.6,0.0,254.6,98.08,156.51999999999998
O02255,P0025,1,5,13.61,32.74,32.74,1.6370000000000002,31.103,13.61,17.493000000000002
O02256,P0034,5,10,44.35,114.17,570.85,57.085,513.765,221.75,292.015
O02257,P0012,1,5,27.1,81.21,81.21,4.060499999999999,77.14949999999999,27.1,50.04949999999999
O02258,P0028,3,10,79.81,177.94,533.8199999999999,53.38199999999999,480.43799999999993,239.43,241.00799999999992
O02259,P0098,5,5,37.4,104.38,521.9,26.095,495.80499999999995,187.0,308.80499999999995
O02260,P0006,1,10,51.06,129.72,129.72,12.972000000000001,116.74799999999999,51.06,65.68799999999999
O02261,P0019,1,10,44.15,98.94,98.94,9.894,89.04599999999999,44.15,44.895999999999994
O02262,P0012,4,0,27.1,81.21,324.84,0.0,324.84,108.4,216.43999999999997
O02263,P0025,3,10,13.61,32.74,98.22,9.822000000000001,88.398,40.83,47.568
O02264,P0013,2,5,44.88,117.97,235.94,11.797,224.143,89.76,134.38299999999998
O02265,P0081,2,5,65.97,189.84,379.68,18.984,360.696,131.94,228.75600000000003
O02266,P0076,4,0,60.51,128.39,513.56,0.0,513.56,242.04,271.52
O02267,P0003,1,0,50.89,109.28,109.28,0.0,109.28,50.89,58.39
O02268,P0024,4,0,68.96,150.71,602.84,0.0,602.84,275.84,327.00000000000006
O02269,P0008,4,20,36.51,102.88,411.52,82.304,329.216,146.04,183.17600000000002
O02270,P0100,3,5,14.66,26.05,78.15,3.9075,74.2425,43.980000000000004,30.262500000000003
O02271,P0090,5,0,41.64,111.21,556.05,0.0,556.05,208.2,347.84999999999997
O02272,P0045,1,0,61.54,101.61,101.61,0.0,101.61,61.54,40.07
O02273,P0072,2,0,79.37,143.53,287.06,0.0,287.06,158.74,128.32
O02274,P0096,2,10,50.42,110.34,220.68,22.068,198.612,100.84,97.77199999999999
O02275,P0096,4,0,50.42,110.34,441.36,0.0,441.36,201.68,239.68
O02276,P0001,4,10,55.42,102.17,408.68,40.868,367.812,221.68,146.132
O02277,P0003,4,5,50.89,109.28,437.12,21.855999999999998,415.264,203.56,211.704
O02278,P0065,1,15,52.43,144.51,144.51,21.676499999999997,122.83349999999999,52.43,70.40349999999998
O02279,P0015,4,5,75.36,201.05,804.2,40.21,763.99,301.44,462.55
O02280,P0050,4,10,45.43,130.75,523.0,52.3,470.7,181.72,288.98
O02281,P0020,5,15,69.56,183.08,915.4000000000001,137.31000000000003,778.09,347.8,430.29
O02282,P0003,1,5,50.89,109.28,109.28,5.4639999999999995,103.816,50.89,52.926
O02283,P0061,3,15,19.72,33.21,99.63,14.944499999999998,84.68549999999999,59.16,25.525499999999994
O02284,P0015,3,10,75.36,201.05,603.1500000000001,60.31500000000001,542.835,226.07999999999998,316.75500000000005
O02285,P0059,5,5,57.92,159.9,799.5,39.975,759.525,289.6,469.92499999999995
O02286,P0054,2,10,35.85,95.25,190.5,19.05,171.45,71.7,99.74999999999999
O02287,P0060,3,25,16.15,46.29,138.87,34.7175,104.1525,48.449999999999996,55.70250000000001
O02288,P0037,1,10,60.29,177.17,177.17,17.717,159.45299999999997,60.29,99.16299999999998
O02289,P0021,2,20,16.15,26.72,53.44,10.687999999999999,42.751999999999995,32.3,10.451999999999998
O02290,P0023,4,0,13.9,28.75,115.0,0.0,115.0,55.6,59.4
O02291,P0099,1,10,47.23,108.75,108.75,10.875,97.875,47.23,50.645
O02292,P0018,2,20,35.57,91.45,182.9,36.58,146.32,71.14,75.17999999999999
O02293,P0017,3,5,25.77,46.56,139.68,6.984000000000001,132.696,77.31,55.385999999999996
O02294,P0031,4,25,74.22,112.69,450.76,112.69,338.07,296.88,41.19
O02295,P0064,4,0,43.12,76.73,306.92,0.0,306.92,172.48,134.44000000000003
O02296,P0048,1,20,63.74,152.3,152.3,30.46,121.84,63.74,58.1
O02297,P0026,4,5,11.28,25.42,101.68,5.0840000000000005,96.596,45.12,51.476000000000006
O02298,P0022,2,0,66.41,153.06,306.12,0.0,306.12,132.82,173.3
O02299,P0045,5,20,61.54,101.61,508.05,101.61,406.44,307.7,98.74000000000001
O02300,P0036,3,5,67.46,184.85,554.55,27.7275,526.8225,202.38,324.4425
O02301,P0064,1,0,43.12,76.73,76.73,0.0,76.73,43.12,33.61000000000001
O02302,P0035,5,0,60.6,145.35,726.75,0.0,726.75,303.0,423.75
O02303,P0075,5,10,74.85,125.1,625.5,62.55,562.95,374.25,188.70000000000005
O02304,P0091,1,25,59.96,114.91,114.91,28.7275,86.1825,59.96,26.222500000000004
O02305,P0098,2,0,37.4,104.38,208.76,0.0,208.76,74.8,133.95999999999998
O02306,P0082,3,10,67.76,161.31,483.93,48.393,435.53700000000003,203.28000000000003,232.257
O02307,P0027,1,0,58.79,135.79,135.79,0.0,135.79,58.79,77.0
O02308,P0068,5,15,69.55,128.05,640.25,96.0375,544.2125,347.75,196.46249999999998
O02309,P0017,5,0,25.77,46.56,232.8,0.0,232.8,128.85,103.95000000000002
O02310,P0070,1,0,38.6,79.86,79.86,0.0,79.86,38.6,41.26
O02311,P0011,5,0,52.53,123.96,619.8,0.0,619.8,262.65,357.15
O02312,P0005,1,10,49.04,127.3,127.3,12.73,114.57,49.04,65.53
O02313,P0058,1,20,24.12,39.95,39.95,7.99,31.96,24.12,7.84
O02314,P0082,3,10,67.76,161.31,483.93,48.393,435.53700000000003,203.28000000000003,232.257
O02315,P0057,1,0,48.42,78.25,78.25,0.0,78.25,48.42,29.83
O02316,P0089,5,10,57.81,113.72,568.6,56.86,511.74,289.05,222.69
O02317,P0074,4,15,36.55,87.92,351.68,52.751999999999995,298.928,146.2,152.728
O02318,P0080,3,0,62.54,138.92,416.76,0.0,416.76,187.62,229.14
O02319,P0074,5,0,36.55,87.92,439.6,0.0,439.6,182.75,256.85
O02320,P0074,5,0,36.55,87.92,439.6,0.0,439.6,182.75,256.85
O02321,P0100,3,15,14.66,26.05,78.15,11.7225,66.42750000000001,43.980000000000004,22.447500000000005
O02322,P0085,3,10,54.36,101.78,305.34000000000003,30.534000000000006,274.80600000000004,163.07999999999998,111.72600000000006
O02323,P0014,5,10,33.12,84.8,424.0,42.4,381.6,165.6,216.00000000000003
O02324,P0072,4,0,79.37,143.53,574.12,0.0,574.12,317.48,256.64
O02325,P0001,2,5,55.42,102.17,204.34,10.217,194.123,110.84,83.28299999999999
O02326,P0016,5,25,10.53,18.06,90.3,22.575,67.725,52.65,15.074999999999996
O02327,P0026,3,0,11.28,25.42,76.26,0.0,76.26,33.839999999999996,42.42000000000001
O02328,P0049,1,20,16.11,26.63,26.63,5.3260000000000005,21.304,16.11,5.193999999999999
O02329,P0042,1,10,77.76,188.37,188.37,18.837,169.53300000000002,77.76,91.77300000000001
O02330,P0070,3,0,38.6,79.86,239.57999999999998,0.0,239.57999999999998,115.80000000000001,123.77999999999997
O02331,P0066,3,10,65.6,131.08,393.24,39.324,353.916,196.79999999999998,157.116
O02332,P0053,2,20,51.57,127.74,255.48,51.096,204.384,103.14,101.24399999999999
O02333,P0009,3,5,33.62,75.41,226.23,11.311499999999999,214.9185,100.85999999999999,114.05850000000001
O02334,P0069,1,20,62.22,150.06,150.06,30.011999999999997,120.048,62.22,57.828
O02335,P0040,4,5,68.7,146.7,586.8,29.34,557.4599999999999,274.8,282.6599999999999
O02336,P0056,3,10,48.4,77.6,232.79999999999998,23.28,209.51999999999998,145.2,64.32
O02337,P0005,2,15,49.04,127.3,254.6,38.19,216.41,98.08,118.33
O02338,P0056,4,20,48.4,77.6,310.4,62.08,248.32,193.6,54.72
O02339,P0072,2,10,79.37,143.53,287.06,28.706,258.354,158.74,99.61399999999998
O02340,P0005,4,10,49.04,127.3,509.2,50.92,458.28,196.16,262.12
O02341,P0069,3,0,62.22,150.06,450.18,0.0,450.18,186.66,263.52
O02342,P0052,1,5,32.44,49.78,49.78,2.489,47.291000000000004,32.44,14.851000000000006
O02343,P0081,4,5,65.97,189.84,759.36,37.968,721.392,263.88,457.51200000000006
O02344,P0073,5,0,24.35,65.3,326.5,0.0,326.5,121.75,204.75
O02345,P0098,2,5,37.4,104.38,208.76,10.437999999999999,198.322,74.8,123.522
O02346,P0033,4,5,78.25,183.75,735.0,36.75,698.25,313.0,385.25
O02347,P0022,2,25,66.41,153.06,306.12,76.53,229.59,132.82,96.77000000000001
O02348,P0085,1,10,54.36,101.78,101.78,10.177999999999999,91.602,54.36,37.242000000000004
O02349,P0015,2,5,75.36,201.05,402.1,20.105,381.995,150.72,231.275
O02350,P0065,2,25,52.43,144.51,289.02,72.255,216.765,104.86,111.90499999999999
O02351,P0071,5,0,75.31,197.04,985.1999999999999,0.0,985.1999999999999,376.55,608.6499999999999
O02352,P0023,2,10,13.9,28.75,57.5,5.75,51.75,27.8,23.95
O02353,P0006,4,10,51.06,129.72,518.88,51.888000000000005,466.99199999999996,204.24,262.75199999999995
O02354,P0084,2,0,26.5,76.03,152.06,0.0,152.06,53.0,99.06
O02355,P0058,3,15,24.12,39.95,119.85000000000001,17.977500000000003,101.8725,72.36,29.512500000000003
O02356,P0026,2,0,11.28,25.42,50.84,0.0,50.84,22.56,28.280000000000005
O02357,P0012,3,0,27.1,81.21,243.63,0.0,243.63,81.30000000000001,162.32999999999998
O02358,P0077,2,0,13.37,37.37,74.74,0.0,74.74,26.74,48.0
O02359,P0077,2,20,13.37,37.37,74.74,14.948,59.791999999999994,26.74,33.05199999999999
O02360,P0002,4,10,43.57,100.83,403.32,40.332,362.988,174.28,188.708
O02361,P0032,3,10,10.37,24.86,74.58,7.457999999999999,67.122,31.11,36.012
O02362,P0050,3,10,45.43,130.75,392.25,39.225,353.025,136.29,216.73499999999999
O02363,P0095,5,5,40.71,120.64,603.2,30.16,573.0400000000001,203.55,369.49000000000007
O02364,P0061,2,10,19.72,33.21,66.42,6.642,59.778,39.44,20.338
O02365,P0011,2,5,52.53,123.96,247.92,12.395999999999999,235.524,105.06,130.464
O02366,P0068,4,0,69.55,128.05,512.2,0.0,512.2,278.2,234.00000000000006
O02367,P0034,5,10,44.35,114.17,570.85,57.085,513.765,221.75,292.015
O02368,P0080,5,0,62.54,138.92,694.5999999999999,0.0,694.5999999999999,312.7,381.8999999999999
O02369,P0095,4,0,40.71,120.64,482.56,0.0,482.56,162.84,319.72
O02370,P0089,3,15,57.81,113.72,341.15999999999997,51.174,289.986,173.43,116.55599999999998
O02371,P0008,1,10,36.51,102.88,102.88,10.288,92.592,36.51,56.082
O02372,P0008,4,10,36.51,102.88,411.52,41.152,370.368,146.04,224.328
O02373,P0098,3,5,37.4,104.38,313.14,15.656999999999998,297.483,112.19999999999999,185.28300000000002
O02374,P0015,5,5,75.36,201.05,1005.25,50.2625,954.9875,376.8,578.1875
O02375,P0005,4,10,49.04,127.3,509.2,50.92,458.28,196.16,262.12
O02376,P0019,1,15,44.15,98.94,98.94,14.841,84.099,44.15,39.949000000000005
O02377,P0074,2,10,36.55,87.92,175.84,17.584,158.256,73.1,85.156
O02378,P0009,4,25,33.62,75.41,301.64,75.41,226.23,134.48,91.75
O02379,P0057,1,25,48.42,78.25,78.25,19.5625,58.6875,48.42,10.267499999999998
O02380,P0054,1,5,35.85,95.25,95.25,4.7625,90.4875,35.85,54.637499999999996
O02381,P0029,4,15,72.76,153.77,615.08,92.262,522.818,291.04,231.77799999999996
O02382,P0019,3,10,44.15,98.94,296.82,29.682,267.138,132.45,134.688
O02383,P0077,4,10,13.37,37.37,149.48,14.948,134.53199999999998,53.48,81.05199999999999
O02384,P0046,5,0,47.09,88.72,443.6,0.0,443.6,235.45000000000002,208.15
O02385,P0080,1,10,62.54,138.92,138.92,13.891999999999998,125.02799999999999,62.54,62.48799999999999
O02386,P0062,1,20,10.19,18.89,18.89,3.778,15.112,10.19,4.922000000000001
O02387,P0094,2,15,47.78,108.59,217.18,32.577000000000005,184.603,95.56,89.043
O02388,P0060,1,15,16.15,46.29,46.29,6.9435,39.3465,16.15,23.1965
O02389,P0005,2,0,49.04,127.3,254.6,0.0,254.6,98.08,156.51999999999998
O02390,P0033,1,5,78.25,183.75,183.75,9.1875,174.5625,78.25,96.3125
O02391,P0083,1,0,23.05,35.71,35.71,0.0,35.71,23.05,12.66
O02392,P0055,4,5,41.8,86.18,344.72,17.236,327.48400000000004,167.2,160.28400000000005
O02393,P0019,4,10,44.15,98.94,395.76,39.576,356.18399999999997,176.6,179.58399999999997
O02394,P0017,5,5,25.77,46.56,232.8,11.64,221.16000000000003,128.85,92.31000000000003
O02395,P0088,3,10,51.18,79.37,238.11,23.811000000000003,214.299,153.54,60.759000000000015
O02396,P0092,5,5,72.98,133.56,667.8,33.39,634.41,364.90000000000003,269.50999999999993
O02397,P0042,1,5,77.76,188.37,188.37,9.4185,178.9515,77.76,101.1915
O02398,P0022,5,0,66.41,153.06,765.3,0.0,765.3,332.04999999999995,433.25
O02399,P0039,4,20,43.36,79.83,319.32,63.864,255.456,173.44,82.01599999999999
O02400,P0080,1,0,62.54,138.92,138.92,0.0,138.92,62.54,76.38
O02401,P0099,1,0,47.23,108.75,108.75,0.0,108.75,47.23,61.52
O02402,P0027,5,15,58.79,135.79,678.9499999999999,101.84249999999999,577.1075,293.95,283.15749999999997
O02403,P0076,2,25,60.51,128.39,256.78,64.195,192.58499999999998,121.02,71.56499999999998
O02404,P0046,3,15,47.09,88.72,266.15999999999997,39.924,226.23599999999996,141.27,84.96599999999995
O02405,P0028,5,0,79.81,177.94,889.7,0.0,889.7,399.05,490.65000000000003
O02406,P0052,5,0,32.44,49.78,248.9,0.0,248.9,162.2,86.70000000000002
O02407,P0065,3,25,52.43,144.51,433.53,108.3825,325.1475,157.29,167.8575
O02408,P0039,1,15,43.36,79.83,79.83,11.9745,67.85549999999999,43.36,24.495499999999993
O02409,P0018,1,10,35.57,91.45,91.45,9.145,82.305,35.57,46.73500000000001
O02410,P0087,2,0,32.13,56.17,112.34,0.0,112.34,64.26,48.08
O02411,P0022,5,0,66.41,153.06,765.3,0.0,765.3,332.04999999999995,433.25
O02412,P0068,3,0,69.55,128.05,384.15000000000003,0.0,384.15000000000003,208.64999999999998,175.50000000000006
O02413,P0011,5,10,52.53,123.96,619.8,61.98,557.8199999999999,262.65,295.16999999999996
O02414,P0082,4,0,67.76,161.31,645.24,0.0,645.24,271.04,374.2
O02415,P0064,5,25,43.12,76.73,383.65000000000003,95.9125,287.73750000000007,215.6,72.13750000000007
O02416,P0071,5,0,75.31,197.04,985.1999999999999,0.0,985.1999999999999,376.55,608.6499999999999
O02417,P0085,4,15,54.36,101.78,407.12,61.068000000000005,346.052,217.44,128.61200000000002
O02418,P0057,4,0,48.42,78.25,313.0,0.0,313.0,193.68,119.32
O02419,P0035,3,10,60.6,145.35,436.04999999999995,43.605,392.44499999999994,181.8,210.64499999999992
O02420,P0037,1,0,60.29,177.17,177.17,0.0,177.17,60.29,116.88
O02421,P0050,2,15,45.43,130.75,261.5,39.225,222.275,90.86,131.41500000000002
O02422,P0030,4,10,50.32,133.74,534.96,53.496,481.46400000000006,201.28,280.1840000000001
O02423,P0017,1,0,25.77,46.56,46.56,0.0,46.56,25.77,20.790000000000003
O02424,P0033,3,15,78.25,183.75,551.25,82.6875,468.5625,234.75,233.8125
O02425,P0016,5,10,10.53,18.06,90.3,9.03,81.27,52.65,28.619999999999997
O02426,P0015,3,20,75.36,201.05,603.1500000000001,120.63000000000002,482.5200000000001,226.07999999999998,256.4400000000001
O02427,P0013,3,20,44.88,117.97,353.90999999999997,70.78199999999998,283.128,134.64000000000001,148.48799999999997
O02428,P0003,4,20,50.89,109.28,437.12,87.42399999999999,349.696,203.56,146.13600000000002
O02429,P0024,2,0,68.96,150.71,301.42,0.0,301.42,137.92,163.50000000000003
O02430,P0023,4,0,13.9,28.75,115.0,0.0,115.0,55.6,59.4
O02431,P0059,5,25,57.92,159.9,799.5,199.875,599.625,289.6,310.025
O02432,P0055,4,10,41.8,86.18,344.72,34.472,310.24800000000005,167.2,143.04800000000006
O02433,P0065,5,0,52.43,144.51,722.55,0.0,722.55,262.15,460.4
O02434,P0032,4,15,10.37,24.86,99.44,14.915999999999999,84.524,41.48,43.044000000000004
O02435,P0097,2,5,34.88,81.48,162.96,8.148000000000001,154.812,69.76,85.052
O02436,P0060,1,15,16.15,46.29,46.29,6.9435,39.3465,16.15,23.1965
O02437,P0030,2,15,50.32,133.74,267.48,40.122,227.358,100.64,126.718
O02438,P0066,4,15,65.6,131.08,524.32,78.64800000000001,445.672,262.4,183.27200000000005
O02439,P0018,3,5,35.57,91.45,274.35,13.7175,260.63250000000005,106.71000000000001,153.92250000000004
O02440,P0059,1,5,57.92,159.9,159.9,7.995,151.905,57.92,93.985
O02441,P0053,3,5,51.57,127.74,383.21999999999997,19.160999999999998,364.05899999999997,154.71,209.34899999999996
O02442,P0064,2,10,43.12,76.73,153.46,15.346000000000002,138.114,86.24,51.87400000000001
O02443,P0030,1,0,50.32,133.74,133.74,0.0,133.74,50.32,83.42000000000002
O02444,P0018,4,10,35.57,91.45,365.8,36.58,329.22,142.28,186.94000000000003
O02445,P0005,3,10,49.04,127.3,381.9,38.19,343.71,147.12,196.58999999999997
O02446,P0069,4,10,62.22,150.06,600.24,60.023999999999994,540.216,248.88,291.336
O02447,P0008,5,15,36.51,102.88,514.4,77.16,437.24,182.54999999999998,254.69000000000003
O02448,P0009,1,10,33.62,75.41,75.41,7.5409999999999995,67.869,33.62,34.249
O02449,P0032,3,0,10.37,24.86,74.58,0.0,74.58,31.11,43.47
O02450,P0014,2,10,33.12,84.8,169.6,16.96,152.64,66.24,86.39999999999999
O02451,P0013,2,15,44.88,117.97,235.94,35.391,200.549,89.76,110.789
O02452,P0018,2,5,35.57,91.45,182.9,9.145,173.755,71.14,102.615
O02453,P0068,2,10,69.55,128.05,256.1,25.61,230.49,139.1,91.39000000000001
O02454,P0022,3,0,66.41,153.06,459.18,0.0,459.18,199.23,259.95000000000005
O02455,P0020,5,5,69.56,183.08,915.4000000000001,45.77,869.6300000000001,347.8,521.8300000000002
O02456,P0015,2,20,75.36,201.05,402.1,80.42,321.68,150.72,170.96
O02457,P0007,2,20,49.51,86.65,173.3,34.66,138.64000000000001,99.02,39.62000000000002
O02458,P0077,2,10,13.37,37.37,74.74,7.474,67.26599999999999,26.74,40.525999999999996
O02459,P0098,5,15,37.4,104.38,521.9,78.285,443.615,187.0,256.615
O02460,P0030,1,20,50.32,133.74,133.74,26.748,106.992,50.32,56.672000000000004
O02461,P0005,2,25,49.04,127.3,254.6,63.65,190.95,98.08,92.86999999999999
O02462,P0001,2,10,55.42,102.17,204.34,20.434,183.906,110.84,73.066
O02463,P0060,2,10,16.15,46.29,92.58,9.258,83.322,32.3,51.022000000000006
O02464,P0031,1,5,74.22,112.69,112.69,5.6345,107.0555,74.22,32.835499999999996
O02465,P0020,2,0,69.56,183.08,366.16,0.0,366.16,139.12,227.04000000000002
O02466,P0083,1,5,23.05,35.71,35.71,1.7855,33.9245,23.05,10.874500000000001
O02467,P0064,1,15,43.12,76.73,76.73,11.509500000000001,65.2205,43.12,22.100500000000004
O02468,P0064,4,15,43.12,76.73,306.92,46.038000000000004,260.882,172.48,88.40200000000002
O02469,P0029,4,20,72.76,153.77,615.08,123.016,492.064,291.04,201.024
O02470,P0010,2,0,72.98,190.64,381.28,0.0,381.28,145.96,235.31999999999996
O02471,P0029,3,10,72.76,153.77,461.31000000000006,46.131,415.1790000000001,218.28000000000003,196.89900000000006
O02472,P0031,4,0,74.22,112.69,450.76,0.0,450.76,296.88,153.88
O02473,P0075,4,0,74.85,125.1,500.4,0.0,500.4,299.4,201.0
O02474,P0087,3,20,32.13,56.17,168.51,33.702,134.808,96.39000000000001,38.41799999999998
O02475,P0030,5,10,50.32,133.74,668.7,66.87,601.83,251.6,350.23
O02476,P0025,2,15,13.61,32.74,65.48,9.822000000000001,55.658,27.22,28.438000000000002
O02477,P0080,5,0,62.54,138.92,694.5999999999999,0.0,694.5999999999999,312.7,381.8999999999999
O02478,P0058,5,5,24.12,39.95,199.75,9.9875,189.7625,120.60000000000001,69.16249999999998
O02479,P0057,1,10,48.42,78.25,78.25,7.825,70.425,48.42,22.004999999999995
O02480,P0087,1,0,32.13,56.17,56.17,0.0,56.17,32.13,24.04
O02481,P0063,2,5,18.17,31.77,63.54,3.177,60.363,36.34,24.022999999999996
O02482,P0097,3,0,34.88,81.48,244.44,0.0,244.44,104.64000000000001,139.79999999999998
O02483,P0037,1,10,60.29,177.17,177.17,17.717,159.45299999999997,60.29,99.16299999999998
O02484,P0058,4,25,24.12,39.95,159.8,39.95,119.85000000000001,96.48,23.370000000000005
O02485,P0028,2,15,79.81,177.94,355.88,53.382,302.498,159.62,142.878
O02486,P0027,5,25,58.79,135.79,678.9499999999999,169.7375,509.2124999999999,293.95,215.26249999999993
O02487,P0070,2,15,38.6,79.86,159.72,23.958000000000002,135.762,77.2,58.562
O02488,P0037,1,20,60.29,177.17,177.17,35.434,141.736,60.29,81.446
O02489,P0006,3,10,51.06,129.72,389.15999999999997,38.916,350.24399999999997,153.18,197.06399999999996
O02490,P0089,5,10,57.81,113.72,568.6,56.86,511.74,289.05,222.69
O02491,P0077,3,5,13.37,37.37,112.10999999999999,5.605499999999999,106.50449999999998,40.11,66.39449999999998
O02492,P0062,2,15,10.19,18.89,37.78,5.667000000000001,32.113,20.38,11.733
O02493,P0097,3,0,34.88,81.48,244.44,0.0,244.44,104.64000000000001,139.79999999999998
O02494,P0033,3,0,78.25,183.75,551.25,0.0,551.25,234.75,316.5
O02495,P0089,2,20,57.81,113.72,227.44,45.488,181.952,115.62,66.332
O02496,P0078,5,0,64.71,186.65,933.25,0.0,933.25,323.54999999999995,609.7
O02497,P0040,3,25,68.7,146.7,440.09999999999997,110.025,330.07499999999993,206.10000000000002,123.97499999999991
O02498,P0041,3,15,24.36,47.06,141.18,21.177000000000003,120.003,73.08,46.923
O02499,P0042,2,5,77.76,188.37,376.74,18.837,357.903,155.52,202.383
O02500,P0009,4,10,33.62,75.41,301.64,30.163999999999998,271.476,134.48,136.996
O02501,P0018,3,15,35.57,91.45,274.35,41.1525,233.19750000000002,106.71000000000001,126.48750000000001
O02502,P0015,1,0,75.36,201.05,201.05,0.0,201.05,75.36,125.69000000000001
O02503,P0004,5,15,61.58,123.11,615.55,92.3325,523.2175,307.9,215.3175
O02504,P0034,3,15,44.35,114.17,342.51,51.37649999999999,291.1335,133.05,158.08350000000002
O02505,P0062,2,0,10.19,18.89,37.78,0.0,37.78,20.38,17.400000000000002
O02506,P0038,1,0,47.45,95.55,95.55,0.0,95.55,47.45,48.099999999999994
O02507,P0081,2,0,65.97,189.84,379.68,0.0,379.68,131.94,247.74
O02508,P0071,3,0,75.31,197.04,591.12,0.0,591.12,225.93,365.19
O02509,P0096,1,0,50.42,110.34,110.34,0.0,110.34,50.42,59.92
O02510,P0023,5,15,13.9,28.75,143.75,21.5625,122.1875,69.5,52.6875
O02511,P0020,5,5,69.56,183.08,915.4000000000001,45.77,869.6300000000001,347.8,521.8300000000002
O02512,P0056,5,20,48.4,77.6,388.0,77.6,310.4,242.0,68.39999999999998
O02513,P0053,4,5,51.57,127.74,510.96,25.548,485.412,206.28,279.13199999999995
O02514,P0002,2,10,43.57,100.83,201.66,20.166,181.494,87.14,94.354
O02515,P0021,3,10,16.15,26.72,80.16,8.015999999999998,72.144,48.449999999999996,23.69400000000001
O02516,P0076,1,20,60.51,128.39,128.39,25.677999999999997,102.71199999999999,60.51,42.20199999999999
O02517,P0042,2,10,77.76,188.37,376.74,37.674,339.06600000000003,155.52,183.54600000000002
O02518,P0057,3,5,48.42,78.25,234.75,11.7375,223.0125,145.26,77.7525
O02519,P0049,4,20,16.11,26.63,106.52,21.304000000000002,85.216,64.44,20.775999999999996
O02520,P0091,3,5,59.96,114.91,344.73,17.2365,327.49350000000004,179.88,147.61350000000004
O02521,P0010,2,0,72.98,190.64,381.28,0.0,381.28,145.96,235.31999999999996
O02522,P0072,3,5,79.37,143.53,430.59000000000003,21.529500000000002,409.06050000000005,238.11,170.95050000000003
O02523,P0061,1,15,19.72,33.21,33.21,4.9815000000000005,28.2285,19.72,8.508500000000002
O02524,P0021,4,0,16.15,26.72,106.88,0.0,106.88,64.6,42.28
O02525,P0060,1,10,16.15,46.29,46.29,4.629,41.661,16.15,25.511000000000003
O02526,P0086,4,10,73.55,174.05,696.2,69.62,626.58,294.2,332.38000000000005
O02527,P0013,4,20,44.88,117.97,471.88,94.376,377.504,179.52,197.984
O02528,P0048,3,5,63.74,152.3,456.90000000000003,22.845,434.05500000000006,191.22,242.83500000000006
O02529,P0040,1,5,68.7,146.7,146.7,7.335,139.36499999999998,68.7,70.66499999999998
O02530,P0063,4,5,18.17,31.77,127.08,6.354,120.726,72.68,48.04599999999999
O02531,P0076,4,5,60.51,128.39,513.56,25.677999999999997,487.88199999999995,242.04,245.84199999999996
O02532,P0081,3,15,65.97,189.84,569.52,85.428,484.092,197.91,286.182
O02533,P0009,2,10,33.62,75.41,150.82,15.081999999999999,135.738,67.24,68.498
O02534,P0057,2,15,48.42,78.25,156.5,23.475,133.025,96.84,36.185
O02535,P0051,5,15,75.24,202.03,1010.15,151.5225,858.6274999999999,376.2,482.42749999999995
O02536,P0040,5,20,68.7,146.7,733.5,146.7,586.8,343.5,243.29999999999995
O02537,P0076,4,5,60.51,128.39,513.56,25.677999999999997,487.88199999999995,242.04,245.84199999999996
O02538,P0073,2,25,24.35,65.3,130.6,32.65,97.94999999999999,48.7,49.249999999999986
O02539,P0064,4,0,43.12,76.73,306.92,0.0,306.92,172.48,134.44000000000003
O02540,P0094,1,15,47.78,108.59,108.59,16.288500000000003,92.3015,47.78,44.5215
O02541,P0070,2,10,38.6,79.86,159.72,15.972000000000001,143.748,77.2,66.54799999999999
O02542,P0064,2,15,43.12,76.73,153.46,23.019000000000002,130.441,86.24,44.20100000000001
O02543,P0025,2,10,13.61,32.74,65.48,6.548000000000001,58.932,27.22,31.712000000000003
O02544,P0028,5,15,79.81,177.94,889.7,133.455,756.245,399.05,357.195
O02545,P0010,3,20,72.98,190.64,571.92,114.384,457.53599999999994,218.94,238.59599999999995
O02546,P0028,3,15,79.81,177.94,533.8199999999999,80.073,453.74699999999996,239.43,214.31699999999995
O02547,P0093,5,15,53.69,97.66,488.29999999999995,73.24499999999999,415.05499999999995,268.45,146.60499999999996
O02548,P0036,5,0,67.46,184.85,924.25,0.0,924.25,337.29999999999995,586.95
O02549,P0011,5,0,52.53,123.96,619.8,0.0,619.8,262.65,357.15
O02550,P0021,3,25,16.15,26.72,80.16,20.04,60.12,48.449999999999996,11.670000000000002
O02551,P0026,4,10,11.28,25.42,101.68,10.168000000000001,91.512,45.12,46.392
O02552,P0018,5,10,35.57,91.45,457.25,45.725,411.525,177.85,233.67499999999998
O02553,P0068,4,5,69.55,128.05,512.2,25.61,486.59000000000003,278.2,208.39000000000004
O02554,P0041,4,0,24.36,47.06,188.24,0.0,188.24,97.44,90.80000000000001
O02555,P0015,1,5,75.36,201.05,201.05,10.0525,190.9975,75.36,115.6375
O02556,P0023,3,10,13.9,28.75,86.25,8.625,77.625,41.7,35.925
O02557,P0041,4,0,24.36,47.06,188.24,0.0,188.24,97.44,90.80000000000001
O02558,P0006,3,0,51.06,129.72,389.15999999999997,0.0,389.15999999999997,153.18,235.97999999999996
O02559,P0071,3,10,75.31,197.04,591.12,59.111999999999995,532.008,225.93,306.07800000000003
O02560,P0060,1,10,16.15,46.29,46.29,4.629,41.661,16.15,25.511000000000003
O02561,P0079,3,0,67.96,149.41,448.23,0.0,448.23,203.88,244.35000000000002
O02562,P0052,4,10,32.44,49.78,199.12,19.912,179.208,129.76,49.44800000000001
O02563,P0009,2,20,33.62,75.41,150.82,30.163999999999998,120.65599999999999,67.24,53.416
O02564,P0030,4,10,50.32,133.74,534.96,53.496,481.46400000000006,201.28,280.1840000000001
O02565,P0044,4,20,23.97,40.96,163.84,32.768,131.072,95.88,35.19200000000001
O02566,P0062,3,20,10.19,18.89,56.67,11.334000000000001,45.336,30.57,14.765999999999998
O02567,P0043,4,0,59.77,171.41,685.64,0.0,685.64,239.08,446.55999999999995
O02568,P0028,2,0,79.81,177.94,355.88,0.0,355.88,159.62,196.26
O02569,P0094,3,10,47.78,108.59,325.77,32.577,293.193,143.34,149.85299999999998
O02570,P0008,5,10,36.51,102.88,514.4,51.44,462.96,182.54999999999998,280.40999999999997
O02571,P0099,4,5,47.23,108.75,435.0,21.75,413.25,188.92,224.33
O02572,P0051,4,5,75.24,202.03,808.12,40.406,767.714,300.96,466.7540000000001
O02573,P0099,1,10,47.23,108.75,108.75,10.875,97.875,47.23,50.645
O02574,P0090,5,0,41.64,111.21,556.05,0.0,556.05,208.2,347.84999999999997
O02575,P0030,5,25,50.32,133.74,668.7,167.175,501.52500000000003,251.6,249.92500000000004
O02576,P0099,2,0,47.23,108.75,217.5,0.0,217.5,94.46,123.04
O02577,P0011,5,20,52.53,123.96,619.8,123.96,495.84,262.65,233.19
O02578,P0020,1,0,69.56,183.08,183.08,0.0,183.08,69.56,113.52000000000001
O02579,P0031,2,0,74.22,112.69,225.38,0.0,225.38,148.44,76.94
O02580,P0034,5,0,44.35,114.17,570.85,0.0,570.85,221.75,349.1
O02581,P0012,2,25,27.1,81.21,162.42,40.605,121.815,54.2,67.615
O02582,P0048,5,0,63.74,152.3,761.5,0.0,761.5,318.7,442.8
O02583,P0028,5,10,79.81,177.94,889.7,88.97,800.73,399.05,401.68
O02584,P0067,5,20,17.47,34.37,171.85,34.37,137.48,87.35,50.129999999999995
O02585,P0063,4,10,18.17,31.77,127.08,12.708,114.372,72.68,41.69199999999999
O02586,P0048,5,5,63.74,152.3,761.5,38.075,723.425,318.7,404.72499999999997
O02587,P0042,4,25,77.76,188.37,753.48,188.37,565.11,311.04,254.07
O02588,P0052,3,20,32.44,49.78,149.34,29.868000000000002,119.47200000000001,97.32,22.152000000000015
O02589,P0005,1,5,49.04,127.3,127.3,6.365,120.935,49.04,71.89500000000001
O02590,P0077,2,10,13.37,37.37,74.74,7.474,67.26599999999999,26.74,40.525999999999996
O02591,P0012,2,25,27.1,81.21,162.42,40.605,121.815,54.2,67.615
O02592,P0059,3,25,57.92,159.9,479.70000000000005,119.92500000000001,359.77500000000003,173.76,186.01500000000004
O02593,P0065,5,5,52.43,144.51,722.55,36.1275,686.4224999999999,262.15,424.2724999999999
O02594,P0052,1,15,32.44,49.78,49.78,7.4670000000000005,42.313,32.44,9.873000000000005
O02595,P0043,3,5,59.77,171.41,514.23,25.7115,488.5185,179.31,309.2085
O02596,P0083,3,5,23.05,35.71,107.13,5.3565,101.7735,69.15,32.62349999999999
O02597,P0093,2,0,53.69,97.66,195.32,0.0,195.32,107.38,87.94
O02598,P0063,4,0,18.17,31.77,127.08,0.0,127.08,72.68,54.39999999999999
O02599,P0050,4,10,45.43,130.75,523.0,52.3,470.7,181.72,288.98
O02600,P0039,5,10,43.36,79.83,399.15,39.915,359.23499999999996,216.8,142.43499999999995
O02601,P0042,5,0,77.76,188.37,941.85,0.0,941.85,388.8,553.05
O02602,P0089,3,5,57.81,113.72,341.15999999999997,17.057999999999996,324.102,173.43,150.67199999999997
O02603,P0080,5,5,62.54,138.92,694.5999999999999,34.73,659.8699999999999,312.7,347.1699999999999
O02604,P0017,4,25,25.77,46.56,186.24,46.56,139.68,103.08,36.60000000000001
O02605,P0092,1,20,72.98,133.56,133.56,26.712,106.848,72.98,33.867999999999995
O02606,P0043,2,5,59.77,171.41,342.82,17.141,325.679,119.54,206.13899999999995
O02607,P0049,4,20,16.11,26.63,106.52,21.304000000000002,85.216,64.44,20.775999999999996
O02608,P0005,5,5,49.04,127.3,636.5,31.825,604.675,245.2,359.47499999999997
O02609,P0001,2,10,55.42,102.17,204.34,20.434,183.906,110.84,73.066
O02610,P0067,2,25,17.47,34.37,68.74,17.185,51.55499999999999,34.94,16.614999999999995
O02611,P0024,3,5,68.96,150.71,452.13,22.6065,429.5235,206.88,222.64350000000002
O02612,P0029,5,10,72.76,153.77,768.85,76.885,691.965,363.8,328.165
O02613,P0015,3,5,75.36,201.05,603.1500000000001,30.157500000000006,572.9925000000001,226.07999999999998,346.9125000000001
O02614,P0004,2,5,61.58,123.11,246.22,12.311,233.909,123.16,110.749
O02615,P0044,3,10,23.97,40.96,122.88,12.288,110.592,71.91,38.682
O02616,P0065,5,25,52.43,144.51,722.55,180.6375,541.9124999999999,262.15,279.76249999999993
O02617,P0079,4,10,67.96,149.41,597.64,59.763999999999996,537.876,271.84,266.036
O02618,P0088,1,20,51.18,79.37,79.37,15.874,63.496,51.18,12.316000000000003
O02619,P0031,4,20,74.22,112.69,450.76,90.152,360.608,296.88,63.72800000000001
O02620,P0020,2,5,69.56,183.08,366.16,18.308000000000003,347.85200000000003,139.12,208.73200000000003
O02621,P0010,4,5,72.98,190.64,762.56,38.128,724.4319999999999,291.92,432.5119999999999
O02622,P0011,3,10,52.53,123.96,371.88,37.188,334.692,157.59,177.102
O02623,P0082,5,10,67.76,161.31,806.55,80.655,725.895,338.8,387.09499999999997
O02624,P0098,4,0,37.4,104.38,417.52,0.0,417.52,149.6,267.91999999999996
O02625,P0028,4,25,79.81,177.94,711.76,177.94,533.8199999999999,319.24,214.57999999999993
O02626,P0038,5,15,47.45,95.55,477.75,71.6625,406.0875,237.25,168.83749999999998
O02627,P0080,3,5,62.54,138.92,416.76,20.838,395.92199999999997,187.62,208.30199999999996
O02628,P0024,1,10,68.96,150.71,150.71,15.071000000000002,135.639,68.96,66.67900000000002
O02629,P0039,4,0,43.36,79.83,319.32,0.0,319.32,173.44,145.88
O02630,P0051,2,10,75.24,202.03,404.06,40.406,363.654,150.48,213.174
O02631,P0076,3,20,60.51,128.39,385.16999999999996,77.03399999999999,308.13599999999997,181.53,126.60599999999997
O02632,P0050,3,20,45.43,130.75,392.25,78.45,313.8,136.29,177.51000000000002
O02633,P0007,4,5,49.51,86.65,346.6,17.33,329.27000000000004,198.04,131.23000000000005
O02634,P0100,5,10,14.66,26.05,130.25,13.025,117.225,73.3,43.925
O02635,P0081,4,10,65.97,189.84,759.36,75.936,683.424,263.88,419.544
O02636,P0068,4,5,69.55,128.05,512.2,25.61,486.59000000000003,278.2,208.39000000000004
O02637,P0053,5,0,51.57,127.74,638.6999999999999,0.0,638.6999999999999,257.85,380.8499999999999
O02638,P0037,2,10,60.29,177.17,354.34,35.434,318.90599999999995,120.58,198.32599999999996
O02639,P0097,5,10,34.88,81.48,407.40000000000003,40.74,366.66,174.4,192.26000000000002
O02640,P0083,4,0,23.05,35.71,142.84,0.0,142.84,92.2,50.64
O02641,P0054,1,0,35.85,95.25,95.25,0.0,95.25,35.85,59.4
O02642,P0090,5,0,41.64,111.21,556.05,0.0,556.05,208.2,347.84999999999997
O02643,P0055,2,5,41.8,86.18,172.36,8.618,163.74200000000002,83.6,80.14200000000002
O02644,P0075,5,10,74.85,125.1,625.5,62.55,562.95,374.25,188.70000000000005
O02645,P0031,5,5,74.22,112.69,563.45,28.1725,535.2775,371.1,164.1775
O02646,P0065,3,5,52.43,144.51,433.53,21.676499999999997,411.8535,157.29,254.5635
O02647,P0100,3,20,14.66,26.05,78.15,15.63,62.52,43.980000000000004,18.54
O02648,P0093,4,0,53.69,97.66,390.64,0.0,390.64,214.76,175.88
O02649,P0089,4,10,57.81,113.72,454.88,45.488,409.392,231.24,178.152
O02650,P0059,5,25,57.92,159.9,799.5,199.875,599.625,289.6,310.025
O02651,P0047,1,10,59.51,154.08,154.08,15.408000000000001,138.67200000000003,59.51,79.16200000000003
O02652,P0049,4,15,16.11,26.63,106.52,15.978,90.542,64.44,26.102000000000004
O02653,P0018,5,5,35.57,91.45,457.25,22.8625,434.3875,177.85,256.5375
O02654,P0003,5,0,50.89,109.28,546.4,0.0,546.4,254.45,291.95
O02655,P0018,5,10,35.57,91.45,457.25,45.725,411.525,177.85,233.67499999999998
O02656,P0058,5,10,24.12,39.95,199.75,19.975,179.775,120.60000000000001,59.175
O02657,P0071,5,0,75.31,197.04,985.1999999999999,0.0,985.1999999999999,376.55,608.6499999999999
O02658,P0092,3,10,72.98,133.56,400.68,40.068000000000005,360.612,218.94,141.67200000000003
O02659,P0081,2,20,65.97,189.84,379.68,75.936,303.744,131.94,171.80400000000003
O02660,P0025,2,0,13.61,32.74,65.48,0.0,65.48,27.22,38.260000000000005
O02661,P0018,5,10,35.57,91.45,457.25,45.725,411.525,177.85,233.67499999999998
O02662,P0052,4,10,32.44,49.78,199.12,19.912,179.208,129.76,49.44800000000001
O02663,P0043,1,15,59.77,171.41,171.41,25.7115,145.6985,59.77,85.92849999999999
O02664,P0067,5,15,17.47,34.37,171.85,25.7775,146.0725,87.35,58.7225
O02665,P0089,1,15,57.81,113.72,113.72,17.058,96.662,57.81,38.852000000000004
O02666,P0007,3,5,49.51,86.65,259.95000000000005,12.997500000000002,246.95250000000004,148.53,98.42250000000004
O02667,P0074,2,0,36.55,87.92,175.84,0.0,175.84,73.1,102.74000000000001
O02668,P0044,3,5,23.97,40.96,122.88,6.144,116.73599999999999,71.91,44.82599999999999
O02669,P0044,4,10,23.97,40.96,163.84,16.384,147.45600000000002,95.88,51.57600000000002
O02670,P0051,4,15,75.24,202.03,808.12,121.21799999999999,686.902,300.96,385.94200000000006
O02671,P0083,5,25,23.05,35.71,178.55,44.6375,133.91250000000002,115.25,18.662500000000023
O02672,P0079,4,10,67.96,149.41,597.64,59.763999999999996,537.876,271.84,266.036
O02673,P0085,4,10,54.36,101.78,407.12,40.711999999999996,366.408,217.44,148.96800000000002
O02674,P0021,3,10,16.15,26.72,80.16,8.015999999999998,72.144,48.449999999999996,23.69400000000001
O02675,P0037,1,0,60.29,177.17,177.17,0.0,177.17,60.29,116.88
O02676,P0028,2,10,79.81,177.94,355.88,35.588,320.292,159.62,160.67199999999997
O02677,P0032,4,10,10.37,24.86,99.44,9.943999999999999,89.496,41.48,48.016
O02678,P0057,4,25,48.42,78.25,313.0,78.25,234.75,193.68,41.06999999999999
O02679,P0041,3,5,24.36,47.06,141.18,7.059000000000001,134.121,73.08,61.04100000000001
O02680,P0054,2,25,35.85,95.25,190.5,47.625,142.875,71.7,71.175
O02681,P0027,3,10,58.79,135.79,407.37,40.736999999999995,366.63300000000004,176.37,190.26300000000003
O02682,P0087,1,0,32.13,56.17,56.17,0.0,56.17,32.13,24.04
O02683,P0074,3,0,36.55,87.92,263.76,0.0,263.76,109.64999999999999,154.11
O02684,P0040,2,0,68.7,146.7,293.4,0.0,293.4,137.4,155.99999999999997
O02685,P0041,2,10,24.36,47.06,94.12,9.412,84.708,48.72,35.988
O02686,P0070,4,0,38.6,79.86,319.44,0.0,319.44,154.4,165.04
O02687,P0024,1,5,68.96,150.71,150.71,7.535500000000001,143.1745,68.96,74.2145
O02688,P0018,5,25,35.57,91.45,457.25,114.3125,342.9375,177.85,165.0875
O02689,P0074,4,10,36.55,87.92,351.68,35.168,316.512,146.2,170.312
O02690,P0056,3,15,48.4,77.6,232.79999999999998,34.919999999999995,197.88,145.2,52.68000000000001
O02691,P0015,3,0,75.36,201.05,603.1500000000001,0.0,603.1500000000001,226.07999999999998,377.0700000000001
O02692,P0098,2,10,37.4,104.38,208.76,20.875999999999998,187.884,74.8,113.08399999999999
O02693,P0072,2,5,79.37,143.53,287.06,14.353,272.707,158.74,113.96699999999998
O02694,P0035,2,20,60.6,145.35,290.7,58.14,232.56,121.2,111.36
O02695,P0027,5,0,58.79,135.79,678.9499999999999,0.0,678.9499999999999,293.95,384.99999999999994
O02696,P0089,5,10,57.81,113.72,568.6,56.86,511.74,289.05,222.69
O02697,P0003,4,10,50.89,109.28,437.12,43.711999999999996,393.408,203.56,189.848
O02698,P0021,5,10,16.15,26.72,133.6,13.36,120.24,80.75,39.489999999999995
O02699,P0039,2,15,43.36,79.83,159.66,23.949,135.71099999999998,86.72,48.990999999999985
O02700,P0032,4,0,10.37,24.86,99.44,0.0,99.44,41.48,57.96
O02701,P0050,4,5,45.43,130.75,523.0,26.15,496.85,181.72,315.13
O02702,P0085,1,15,54.36,101.78,101.78,15.267000000000001,86.513,54.36,32.153000000000006
O02703,P0009,5,10,33.62,75.41,377.04999999999995,37.705,339.34499999999997,168.1,171.24499999999998
O02704,P0050,3,5,45.43,130.75,392.25,19.6125,372.6375,136.29,236.3475
O02705,P0001,3,0,55.42,102.17,306.51,0.0,306.51,166.26,140.25
O02706,P0004,1,15,61.58,123.11,123.11,18.4665,104.6435,61.58,43.063500000000005
O02707,P0004,2,25,61.58,123.11,246.22,61.555,184.665,123.16,61.504999999999995
O02708,P0090,1,10,41.64,111.21,111.21,11.120999999999999,100.089,41.64,58.449
O02709,P0034,2,20,44.35,114.17,228.34,45.668,182.672,88.7,93.972
O02710,P0027,5,10,58.79,135.79,678.9499999999999,67.895,611.055,293.95,317.10499999999996
O02711,P0015,5,0,75.36,201.05,1005.25,0.0,1005.25,376.8,628.45
O02712,P0032,4,0,10.37,24.86,99.44,0.0,99.44,41.48,57.96
O02713,P0041,4,10,24.36,47.06,188.24,18.824,169.416,97.44,71.976
O02714,P0071,4,10,75.31,197.04,788.16,78.81599999999999,709.3439999999999,301.24,408.1039999999999
O02715,P0061,4,15,19.72,33.21,132.84,19.926000000000002,112.914,78.88,34.034000000000006
O02716,P0063,3,10,18.17,31.77,95.31,9.531,85.779,54.510000000000005,31.26899999999999
O02717,P0061,4,25,19.72,33.21,132.84,33.21,99.63,78.88,20.75
O02718,P0014,4,10,33.12,84.8,339.2,33.92,305.28,132.48,172.79999999999998
O02719,P0023,4,5,13.9,28.75,115.0,5.75,109.25,55.6,53.65
O02720,P0065,2,5,52.43,144.51,289.02,14.450999999999999,274.56899999999996,104.86,169.70899999999995
O02721,P0032,4,10,10.37,24.86,99.44,9.943999999999999,89.496,41.48,48.016
O02722,P0041,1,20,24.36,47.06,47.06,9.412,37.648,24.36,13.288000000000004
O02723,P0026,4,0,11.28,25.42,101.68,0.0,101.68,45.12,56.56000000000001
O02724,P0048,4,25,63.74,152.3,609.2,152.3,456.90000000000003,254.96,201.94000000000003
O02725,P0073,3,25,24.35,65.3,195.89999999999998,48.974999999999994,146.92499999999998,73.05000000000001,73.87499999999997
O02726,P0016,4,10,10.53,18.06,72.24,7.224,65.01599999999999,42.12,22.895999999999994
O02727,P0031,2,5,74.22,112.69,225.38,11.269,214.111,148.44,65.67099999999999
O02728,P0066,5,0,65.6,131.08,655.4000000000001,0.0,655.4000000000001,328.0,327.4000000000001
O02729,P0032,4,5,10.37,24.86,99.44,4.9719999999999995,94.468,41.48,52.98800000000001
O02730,P0010,4,0,72.98,190.64,762.56,0.0,762.56,291.92,470.63999999999993
O02731,P0025,4,10,13.61,32.74,130.96,13.096000000000002,117.864,54.44,63.42400000000001
O02732,P0082,3,0,67.76,161.31,483.93,0.0,483.93,203.28000000000003,280.65
O02733,P0098,5,15,37.4,104.38,521.9,78.285,443.615,187.0,256.615
O02734,P0093,3,5,53.69,97.66,292.98,14.649000000000001,278.331,161.07,117.26100000000002
O02735,P0045,3,0,61.54,101.61,304.83,0.0,304.83,184.62,120.20999999999998
O02736,P0024,3,10,68.96,150.71,452.13,45.213,406.917,206.88,200.03699999999998
O02737,P0003,2,25,50.89,109.28,218.56,54.64,163.92000000000002,101.78,62.140000000000015
O02738,P0062,5,10,10.19,18.89,94.45,9.445,85.005,50.949999999999996,34.055
O02739,P0079,2,10,67.96,149.41,298.82,29.881999999999998,268.938,135.92,133.018
O02740,P0067,2,15,17.47,34.37,68.74,10.311,58.428999999999995,34.94,23.488999999999997
O02741,P0055,5,15,41.8,86.18,430.90000000000003,64.635,366.26500000000004,209.0,157.26500000000004
O02742,P0095,2,20,40.71,120.64,241.28,48.256,193.024,81.42,111.604
O02743,P0010,5,0,72.98,190.64,953.1999999999999,0.0,953.1999999999999,364.90000000000003,588.3
O02744,P0055,4,20,41.8,86.18,344.72,68.944,275.776,167.2,108.57600000000002
O02745,P0022,3,5,66.41,153.06,459.18,22.959,436.221,199.23,236.991
O02746,P0014,2,20,33.12,84.8,169.6,33.92,135.68,66.24,69.44000000000001
O02747,P0073,5,5,24.35,65.3,326.5,16.325,310.175,121.75,188.425
O02748,P0082,1,20,67.76,161.31,161.31,32.262,129.048,67.76,61.288
O02749,P0008,2,25,36.51,102.88,205.76,51.44,154.32,73.02,81.3
O02750,P0015,2,0,75.36,201.05,402.1,0.0,402.1,150.72,251.38000000000002
O02751,P0015,5,25,75.36,201.05,1005.25,251.3125,753.9375,376.8,377.1375
O02752,P0052,1,0,32.44,49.78,49.78,0.0,49.78,32.44,17.340000000000003
O02753,P0070,1,0,38.6,79.86,79.86,0.0,79.86,38.6,41.26
O02754,P0054,4,5,35.85,95.25,381.0,19.05,361.95,143.4,218.54999999999998
O02755,P0076,2,25,60.51,128.39,256.78,64.195,192.58499999999998,121.02,71.56499999999998
O02756,P0042,3,10,77.76,188.37,565.11,56.511,508.599,233.28000000000003,275.31899999999996
O02757,P0019,2,10,44.15,98.94,197.88,19.788,178.09199999999998,88.3,89.79199999999999
O02758,P0040,3,10,68.7,146.7,440.09999999999997,44.01,396.09,206.10000000000002,189.98999999999995
O02759,P0069,3,25,62.22,150.06,450.18,112.545,337.635,186.66,150.975
O02760,P0027,5,15,58.79,135.79,678.9499999999999,101.84249999999999,577.1075,293.95,283.15749999999997
O02761,P0074,2,0,36.55,87.92,175.84,0.0,175.84,73.1,102.74000000000001
O02762,P0043,5,5,59.77,171.41,857.05,42.8525,814.1975,298.85,515.3475
O02763,P0052,4,0,32.44,49.78,199.12,0.0,199.12,129.76,69.36000000000001
O02764,P0046,3,10,47.09,88.72,266.15999999999997,26.615999999999996,239.54399999999998,141.27,98.27399999999997
O02765,P0014,1,0,33.12,84.8,84.8,0.0,84.8,33.12,51.68
O02766,P0064,3,5,43.12,76.73,230.19,11.509500000000001,218.6805,129.35999999999999,89.32050000000001
O02767,P0061,4,20,19.72,33.21,132.84,26.568,106.272,78.88,27.39200000000001
O02768,P0098,3,5,37.4,104.38,313.14,15.656999999999998,297.483,112.19999999999999,185.28300000000002
O02769,P0058,5,10,24.12,39.95,199.75,19.975,179.775,120.60000000000001,59.175
O02770,P0049,2,5,16.11,26.63,53.26,2.6630000000000003,50.596999999999994,32.22,18.376999999999995
O02771,P0079,1,0,67.96,149.41,149.41,0.0,149.41,67.96,81.45
O02772,P0029,5,5,72.76,153.77,768.85,38.4425,730.4075,363.8,366.6075
O02773,P0026,2,5,11.28,25.42,50.84,2.5420000000000003,48.298,22.56,25.738000000000003
O02774,P0027,1,20,58.79,135.79,135.79,27.157999999999998,108.63199999999999,58.79,49.84199999999999
O02775,P0067,4,5,17.47,34.37,137.48,6.874,130.606,69.88,60.726
O02776,P0067,3,5,17.47,34.37,103.10999999999999,5.1555,97.95449999999998,52.41,45.544499999999985
O02777,P0035,1,15,60.6,145.35,145.35,21.8025,123.5475,60.6,62.9475
O02778,P0060,4,15,16.15,46.29,185.16,27.774,157.386,64.6,92.786
O02779,P0061,2,15,19.72,33.21,66.42,9.963000000000001,56.457,39.44,17.017000000000003
O02780,P0099,1,25,47.23,108.75,108.75,27.1875,81.5625,47.23,34.3325
O02781,P0070,4,15,38.6,79.86,319.44,47.916000000000004,271.524,154.4,117.124
O02782,P0078,2,5,64.71,186.65,373.3,18.665,354.635,129.42,225.215
O02783,P0090,5,15,41.64,111.21,556.05,83.4075,472.6424999999999,208.2,264.44249999999994
O02784,P0003,3,10,50.89,109.28,327.84000000000003,32.784000000000006,295.05600000000004,152.67000000000002,142.38600000000002
O02785,P0033,4,5,78.25,183.75,735.0,36.75,698.25,313.0,385.25
O02786,P0042,5,5,77.76,188.37,941.85,47.0925,894.7575,388.8,505.95750000000004
O02787,P0013,2,0,44.88,117.97,235.94,0.0,235.94,89.76,146.18
O02788,P0029,1,0,72.76,153.77,153.77,0.0,153.77,72.76,81.01
O02789,P0009,3,0,33.62,75.41,226.23,0.0,226.23,100.85999999999999,125.37
O02790,P0032,2,0,10.37,24.86,49.72,0.0,49.72,20.74,28.98
O02791,P0022,4,20,66.41,153.06,612.24,122.448,489.79200000000003,265.64,224.15200000000004
O02792,P0086,3,20,73.55,174.05,522.1500000000001,104.43000000000002,417.7200000000001,220.64999999999998,197.0700000000001
O02793,P0058,5,10,24.12,39.95,199.75,19.975,179.775,120.60000000000001,59.175
O02794,P0057,3,15,48.42,78.25,234.75,35.2125,199.5375,145.26,54.2775
O02795,P0098,5,0,37.4,104.38,521.9,0.0,521.9,187.0,334.9
O02796,P0010,2,20,72.98,190.64,381.28,76.256,305.024,145.96,159.064
O02797,P0025,1,10,13.61,32.74,32.74,3.2740000000000005,29.466,13.61,15.856000000000002
O02798,P0062,3,0,10.19,18.89,56.67,0.0,56.67,30.57,26.1
O02799,P0063,1,0,18.17,31.77,31.77,0.0,31.77,18.17,13.599999999999998
O02800,P0076,1,5,60.51,128.39,128.39,6.419499999999999,121.97049999999999,60.51,61.46049999999999
O02801,P0003,3,0,50.89,109.28,327.84000000000003,0.0,327.84000000000003,152.67000000000002,175.17000000000002
O02802,P0083,3,5,23.05,35.71,107.13,5.3565,101.7735,69.15,32.62349999999999
O02803,P0097,1,0,34.88,81.48,81.48,0.0,81.48,34.88,46.6
O02804,P0047,4,0,59.51,154.08,616.32,0.0,616.32,238.04,378.2800000000001
O02805,P0055,4,5,41.8,86.18,344.72,17.236,327.48400000000004,167.2,160.28400000000005
O02806,P0026,3,25,11.28,25.42,76.26,19.065,57.19500000000001,33.839999999999996,23.35500000000001
O02807,P0013,1,0,44.88,117.97,117.97,0.0,117.97,44.88,73.09
O02808,P0007,1,0,49.51,86.65,86.65,0.0,86.65,49.51,37.14000000000001
O02809,P0034,2,10,44.35,114.17,228.34,22.834,205.506,88.7,116.806
O02810,P0022,1,20,66.41,153.06,153.06,30.612,122.44800000000001,66.41,56.03800000000001
O02811,P0084,4,5,26.5,76.03,304.12,15.206,288.914,106.0,182.914
O02812,P0023,2,20,13.9,28.75,57.5,11.5,46.0,27.8,18.2
O02813,P0048,4,5,63.74,152.3,609.2,30.46,578.74,254.96,323.78
O02814,P0014,5,0,33.12,84.8,424.0,0.0,424.0,165.6,258.4
O02815,P0094,3,5,47.78,108.59,325.77,16.2885,309.4815,143.34,166.14149999999998
O02816,P0087,5,10,32.13,56.17,280.85,28.085,252.76500000000001,160.65,92.11500000000001
O02817,P0052,3,5,32.44,49.78,149.34,7.4670000000000005,141.873,97.32,44.553
O02818,P0083,4,10,23.05,35.71,142.84,14.284,128.556,92.2,36.35600000000001
O02819,P0039,4,0,43.36,79.83,319.32,0.0,319.32,173.44,145.88
O02820,P0041,5,15,24.36,47.06,235.3,35.295,200.005,121.8,78.205
O02821,P0036,3,5,67.46,184.85,554.55,27.7275,526.8225,202.38,324.4425
O02822,P0006,3,10,51.06,129.72,389.15999999999997,38.916,350.24399999999997,153.18,197.06399999999996
O02823,P0023,2,10,13.9,28.75,57.5,5.75,51.75,27.8,23.95
O02824,P0010,1,10,72.98,190.64,190.64,19.064,171.576,72.98,98.59599999999999
O02825,P0099,2,0,47.23,108.75,217.5,0.0,217.5,94.46,123.04
O02826,P0085,4,15,54.36,101.78,407.12,61.068000000000005,346.052,217.44,128.61200000000002
O02827,P0096,5,15,50.42,110.34,551.7,82.755,468.94500000000005,252.10000000000002,216.84500000000003
O02828,P0060,3,0,16.15,46.29,138.87,0.0,138.87,48.449999999999996,90.42000000000002
O02829,P0030,2,25,50.32,133.74,267.48,66.87,200.61,100.64,99.97000000000001
O02830,P0097,5,10,34.88,81.48,407.40000000000003,40.74,366.66,174.4,192.26000000000002
O02831,P0070,5,10,38.6,79.86,399.3,39.93,359.37,193.0,166.37
O02832,P0005,1,0,49.04,127.3,127.3,0.0,127.3,49.04,78.25999999999999
O02833,P0079,3,10,67.96,149.41,448.23,44.823,403.40700000000004,203.88,199.52700000000004
O02834,P0057,5,0,48.42,78.25,391.25,0.0,391.25,242.10000000000002,149.14999999999998
O02835,P0043,3,5,59.77,171.41,514.23,25.7115,488.5185,179.31,309.2085
O02836,P0052,2,5,32.44,49.78,99.56,4.978,94.58200000000001,64.88,29.702000000000012
O02837,P0089,5,15,57.81,113.72,568.6,85.29,483.31,289.05,194.26
O02838,P0077,5,0,13.37,37.37,186.85,0.0,186.85,66.85,120.0
O02839,P0006,2,15,51.06,129.72,259.44,38.916,220.524,102.12,118.404
O02840,P0002,3,5,43.57,100.83,302.49,15.124500000000001,287.3655,130.71,156.6555
O02841,P0017,3,5,25.77,46.56,139.68,6.984000000000001,132.696,77.31,55.385999999999996
O02842,P0088,5,15,51.18,79.37,396.85,59.5275,337.3225,255.9,81.42249999999999
O02843,P0012,2,10,27.1,81.21,162.42,16.241999999999997,146.178,54.2,91.978
O02844,P0044,4,5,23.97,40.96,163.84,8.192,155.648,95.88,59.768
O02845,P0054,3,5,35.85,95.25,285.75,14.2875,271.4625,107.55000000000001,163.91249999999997
O02846,P0078,4,5,64.71,186.65,746.6,37.33,709.27,258.84,450.43
O02847,P0007,5,10,49.51,86.65,433.25,43.325,389.925,247.54999999999998,142.37500000000003
O02848,P0090,4,5,41.64,111.21,444.84,22.241999999999997,422.59799999999996,166.56,256.03799999999995
O02849,P0032,4,15,10.37,24.86,99.44,14.915999999999999,84.524,41.48,43.044000000000004
O02850,P0029,3,10,72.76,153.77,461.31000000000006,46.131,415.1790000000001,218.28000000000003,196.89900000000006
O02851,P0046,5,0,47.09,88.72,443.6,0.0,443.6,235.45000000000002,208.15
O02852,P0073,4,5,24.35,65.3,261.2,13.06,248.14,97.4,150.73999999999998
O02853,P0078,3,0,64.71,186.65,559.95,0.0,559.95,194.13,365.82000000000005
O02854,P0053,4,5,51.57,127.74,510.96,25.548,485.412,206.28,279.13199999999995
O02855,P0081,3,10,65.97,189.84,569.52,56.952,512.568,197.91,314.658
O02856,P0025,5,10,13.61,32.74,163.70000000000002,16.37,147.33,68.05,79.28000000000002
O02857,P0053,2,15,51.57,127.74,255.48,38.321999999999996,217.158,103.14,114.01799999999999
O02858,P0094,3,0,47.78,108.59,325.77,0.0,325.77,143.34,182.42999999999998
O02859,P0029,3,20,72.76,153.77,461.31000000000006,92.262,369.04800000000006,218.28000000000003,150.76800000000003
O02860,P0093,4,5,53.69,97.66,390.64,19.531999999999996,371.108,214.76,156.348
O02861,P0082,5,5,67.76,161.31,806.55,40.3275,766.2225,338.8,427.42249999999996
O02862,P0095,1,10,40.71,120.64,120.64,12.064,108.576,40.71,67.86599999999999
O02863,P0083,1,15,23.05,35.71,35.71,5.3565,30.3535,23.05,7.3035
O02864,P0081,2,5,65.97,189.84,379.68,18.984,360.696,131.94,228.75600000000003
O02865,P0006,5,15,51.06,129.72,648.6,97.29,551.3100000000001,255.3,296.01000000000005
O02866,P0076,3,20,60.51,128.39,385.16999999999996,77.03399999999999,308.13599999999997,181.53,126.60599999999997
O02867,P0038,1,15,47.45,95.55,95.55,14.3325,81.2175,47.45,33.7675
O02868,P0003,2,0,50.89,109.28,218.56,0.0,218.56,101.78,116.78
O02869,P0035,5,15,60.6,145.35,726.75,109.0125,617.7375,303.0,314.73749999999995
O02870,P0055,2,15,41.8,86.18,172.36,25.854,146.50600000000003,83.6,62.906000000000034
O02871,P0047,1,10,59.51,154.08,154.08,15.408000000000001,138.67200000000003,59.51,79.16200000000003
O02872,P0033,4,15,78.25,183.75,735.0,110.25,624.75,313.0,311.75
O02873,P0093,4,25,53.69,97.66,390.64,97.66,292.98,214.76,78.22000000000003
O02874,P0003,5,5,50.89,109.28,546.4,27.32,519.0799999999999,254.45,264.62999999999994
O02875,P0069,2,0,62.22,150.06,300.12,0.0,300.12,124.44,175.68
O02876,P0059,3,10,57.92,159.9,479.70000000000005,47.97,431.73,173.76,257.97
O02877,P0078,1,0,64.71,186.65,186.65,0.0,186.65,64.71,121.94000000000001
O02878,P0100,4,5,14.66,26.05,104.2,5.21,98.99000000000001,58.64,40.35000000000001
O02879,P0092,4,10,72.98,133.56,534.24,53.424,480.81600000000003,291.92,188.89600000000002
O02880,P0096,2,5,50.42,110.34,220.68,11.034,209.64600000000002,100.84,108.80600000000001
O02881,P0018,4,10,35.57,91.45,365.8,36.58,329.22,142.28,186.94000000000003
O02882,P0077,2,15,13.37,37.37,74.74,11.210999999999999,63.528999999999996,26.74,36.789
O02883,P0066,1,5,65.6,131.08,131.08,6.554000000000001,124.52600000000001,65.6,58.926000000000016
O02884,P0025,2,20,13.61,32.74,65.48,13.096000000000002,52.384,27.22,25.164
O02885,P0020,4,0,69.56,183.08,732.32,0.0,732.32,278.24,454.08000000000004
O02886,P0071,2,15,75.31,197.04,394.08,59.111999999999995,334.96799999999996,150.62,184.34799999999996
O02887,P0075,4,15,74.85,125.1,500.4,75.06,425.34,299.4,125.94
O02888,P0069,5,5,62.22,150.06,750.3,37.515,712.785,311.1,401.68499999999995
O02889,P0029,4,5,72.76,153.77,615.08,30.754,584.326,291.04,293.286
O02890,P0018,4,5,35.57,91.45,365.8,18.29,347.51,142.28,205.23
O02891,P0072,4,15,79.37,143.53,574.12,86.118,488.002,317.48,170.522
O02892,P0027,5,15,58.79,135.79,678.9499999999999,101.84249999999999,577.1075,293.95,283.15749999999997
O02893,P0042,3,5,77.76,188.37,565.11,28.2555,536.8545,233.28000000000003,303.5745
O02894,P0066,4,10,65.6,131.08,524.32,52.43200000000001,471.88800000000003,262.4,209.48800000000006
O02895,P0099,3,0,47.23,108.75,326.25,0.0,326.25,141.69,184.56
O02896,P0026,1,10,11.28,25.42,25.42,2.5420000000000003,22.878,11.28,11.598
O02897,P0023,2,25,13.9,28.75,57.5,14.375,43.125,27.8,15.325
O02898,P0005,3,0,49.04,127.3,381.9,0.0,381.9,147.12,234.77999999999997
O02899,P0080,1,20,62.54,138.92,138.92,27.783999999999995,111.136,62.54,48.596
O02900,P0011,2,15,52.53,123.96,247.92,37.187999999999995,210.732,105.06,105.672
O02901,P0019,4,25,44.15,98.94,395.76,98.94,296.82,176.6,120.22
O02902,P0080,4,0,62.54,138.92,555.68,0.0,555.68,250.16,305.52
O02903,P0096,4,0,50.42,110.34,441.36,0.0,441.36,201.68,239.68
O02904,P0012,5,0,27.1,81.21,406.04999999999995,0.0,406.04999999999995,135.5,270.54999999999995
O02905,P0002,5,15,43.57,100.83,504.15,75.6225,428.5275,217.85,210.67749999999998
O02906,P0043,5,10,59.77,171.41,857.05,85.705,771.3449999999999,298.85,472.4949999999999
O02907,P0022,5,0,66.41,153.06,765.3,0.0,765.3,332.04999999999995,433.25
O02908,P0026,1,15,11.28,25.42,25.42,3.813,21.607000000000003,11.28,10.327000000000004
O02909,P0033,1,5,78.25,183.75,183.75,9.1875,174.5625,78.25,96.3125
O02910,P0024,4,0,68.96,150.71,602.84,0.0,602.84,275.84,327.00000000000006
O02911,P0069,2,5,62.22,150.06,300.12,15.005999999999998,285.11400000000003,124.44,160.67400000000004
O02912,P0021,5,0,16.15,26.72,133.6,0.0,133.6,80.75,52.849999999999994
O02913,P0046,2,5,47.09,88.72,177.44,8.872,168.56799999999998,94.18,74.38799999999998
O02914,P0018,1,5,35.57,91.45,91.45,4.5725,86.8775,35.57,51.3075
O02915,P0005,5,20,49.04,127.3,636.5,127.3,509.2,245.2,264.0
O02916,P0008,1,15,36.51,102.88,102.88,15.431999999999999,87.448,36.51,50.937999999999995
O02917,P0085,1,5,54.36,101.78,101.78,5.0889999999999995,96.691,54.36,42.331
O02918,P0057,3,15,48.42,78.25,234.75,35.2125,199.5375,145.26,54.2775
O02919,P0005,1,10,49.04,127.3,127.3,12.73,114.57,49.04,65.53
O02920,P0013,4,5,44.88,117.97,471.88,23.594,448.286,179.52,268.76599999999996
O02921,P0083,1,15,23.05,35.71,35.71,5.3565,30.3535,23.05,7.3035
O02922,P0093,5,10,53.69,97.66,488.29999999999995,48.83,439.46999999999997,268.45,171.01999999999998
O02923,P0066,4,10,65.6,131.08,524.32,52.43200000000001,471.88800000000003,262.4,209.48800000000006
O02924,P0037,1,10,60.29,177.17,177.17,17.717,159.45299999999997,60.29,99.16299999999998
O02925,P0090,4,10,41.64,111.21,444.84,44.483999999999995,400.356,166.56,233.796
O02926,P0029,1,5,72.76,153.77,153.77,7.6885,146.0815,72.76,73.3215
O02927,P0069,4,20,62.22,150.06,600.24,120.04799999999999,480.192,248.88,231.312
O02928,P0032,2,0,10.37,24.86,49.72,0.0,49.72,20.74,28.98
O02929,P0048,3,20,63.74,152.3,456.90000000000003,91.38,365.52000000000004,191.22,174.30000000000004
O02930,P0002,4,5,43.57,100.83,403.32,20.166,383.154,174.28,208.874
O02931,P0069,5,0,62.22,150.06,750.3,0.0,750.3,311.1,439.19999999999993
O02932,P0097,3,10,34.88,81.48,244.44,24.444000000000003,219.99599999999998,104.64000000000001,115.35599999999997
O02933,P0051,3,5,75.24,202.03,606.09,30.304500000000004,575.7855000000001,225.71999999999997,350.0655000000001
O02934,P0035,1,15,60.6,145.35,145.35,21.8025,123.5475,60.6,62.9475
O02935,P0083,4,5,23.05,35.71,142.84,7.142,135.698,92.2,43.498000000000005
O02936,P0015,3,10,75.36,201.05,603.1500000000001,60.31500000000001,542.835,226.07999999999998,316.75500000000005
O02937,P0099,5,5,47.23,108.75,543.75,27.1875,516.5625,236.14999999999998,280.4125
O02938,P0072,5,0,79.37,143.53,717.65,0.0,717.65,396.85,320.79999999999995
O02939,P0065,5,5,52.43,144.51,722.55,36.1275,686.4224999999999,262.15,424.2724999999999
O02940,P0038,1,10,47.45,95.55,95.55,9.555,85.995,47.45,38.545
O02941,P0086,2,10,73.55,174.05,348.1,34.81,313.29,147.1,166.19000000000003
O02942,P0017,4,10,25.77,46.56,186.24,18.624000000000002,167.616,103.08,64.53600000000002
O02943,P0080,3,25,62.54,138.92,416.76,104.19,312.57,187.62,124.94999999999999
O02944,P0045,4,10,61.54,101.61,406.44,40.644,365.796,246.16,119.636
O02945,P0001,3,20,55.42,102.17,306.51,61.302,245.208,166.26,78.94800000000001
O02946,P0003,1,0,50.89,109.28,109.28,0.0,109.28,50.89,58.39
O02947,P0070,4,0,38.6,79.86,319.44,0.0,319.44,154.4,165.04
O02948,P0052,1,5,32.44,49.78,49.78,2.489,47.291000000000004,32.44,14.851000000000006
O02949,P0053,1,0,51.57,127.74,127.74,0.0,127.74,51.57,76.16999999999999
O02950,P0003,4,10,50.89,109.28,437.12,43.711999999999996,393.408,203.56,189.848
O02951,P0094,4,10,47.78,108.59,434.36,43.43600000000001,390.924,191.12,199.80399999999997
O02952,P0047,3,10,59.51,154.08,462.24,46.224,416.016,178.53,237.48600000000002
O02953,P0075,5,15,74.85,125.1,625.5,93.825,531.675,374.25,157.42499999999995
O02954,P0091,1,25,59.96,114.91,114.91,28.7275,86.1825,59.96,26.222500000000004
O02955,P0086,2,20,73.55,174.05,348.1,69.62,278.48,147.1,131.38000000000002
O02956,P0006,3,0,51.06,129.72,389.15999999999997,0.0,389.15999999999997,153.18,235.97999999999996
O02957,P0046,3,5,47.09,88.72,266.15999999999997,13.307999999999998,252.85199999999998,141.27,111.58199999999997
O02958,P0095,5,5,40.71,120.64,603.2,30.16,573.0400000000001,203.55,369.49000000000007
O02959,P0061,5,0,19.72,33.21,166.05,0.0,166.05,98.6,67.45000000000002
O02960,P0043,1,10,59.77,171.41,171.41,17.141,154.269,59.77,94.499
O02961,P0056,3,10,48.4,77.6,232.79999999999998,23.28,209.51999999999998,145.2,64.32
O02962,P0070,3,0,38.6,79.86,239.57999999999998,0.0,239.57999999999998,115.80000000000001,123.77999999999997
O02963,P0020,2,15,69.56,183.08,366.16,54.92400000000001,311.236,139.12,172.11599999999999
O02964,P0047,1,15,59.51,154.08,154.08,23.112000000000002,130.96800000000002,59.51,71.45800000000003
O02965,P0054,1,0,35.85,95.25,95.25,0.0,95.25,35.85,59.4
O02966,P0041,5,5,24.36,47.06,235.3,11.765,223.53500000000003,121.8,101.73500000000003
O02967,P0075,1,20,74.85,125.1,125.1,25.02,100.08,74.85,25.230000000000004
O02968,P0066,2,10,65.6,131.08,262.16,26.216000000000005,235.94400000000002,131.2,104.74400000000003
O02969,P0031,1,5,74.22,112.69,112.69,5.6345,107.0555,74.22,32.835499999999996
O02970,P0064,4,5,43.12,76.73,306.92,15.346000000000002,291.574,172.48,119.09400000000002
O02971,P0090,4,0,41.64,111.21,444.84,0.0,444.84,166.56,278.28
O02972,P0091,2,0,59.96,114.91,229.82,0.0,229.82,119.92,109.89999999999999
O02973,P0058,5,15,24.12,39.95,199.75,29.9625,169.7875,120.60000000000001,49.187499999999986
O02974,P0055,3,0,41.8,86.18,258.54,0.0,258.54,125.39999999999999,133.14000000000004
O02975,P0046,1,5,47.09,88.72,88.72,4.436,84.28399999999999,47.09,37.19399999999999
O02976,P0095,5,0,40.71,120.64,603.2,0.0,603.2,203.55,399.65000000000003
O02977,P0024,5,15,68.96,150.71,753.5500000000001,113.03250000000001,640.5175,344.79999999999995,295.7175000000001
O02978,P0077,1,0,13.37,37.37,37.37,0.0,37.37,13.37,24.0
O02979,P0089,3,5,57.81,113.72,341.15999999999997,17.057999999999996,324.102,173.43,150.67199999999997
O02980,P0037,1,10,60.29,177.17,177.17,17.717,159.45299999999997,60.29,99.16299999999998
O02981,P0041,3,5,24.36,47.06,141.18,7.059000000000001,134.121,73.08,61.04100000000001
O02982,P0025,2,5,13.61,32.74,65.48,3.2740000000000005,62.206,27.22,34.986000000000004
O02983,P0029,3,5,72.76,153.77,461.31000000000006,23.0655,438.2445000000001,218.28000000000003,219.96450000000004
O02984,P0031,5,15,74.22,112.69,563.45,84.5175,478.93250000000006,371.1,107.83250000000004
O02985,P0002,2,25,43.57,100.83,201.66,50.415,151.245,87.14,64.105
O02986,P0012,4,5,27.1,81.21,324.84,16.241999999999997,308.59799999999996,108.4,200.19799999999995
O02987,P0005,2,0,49.04,127.3,254.6,0.0,254.6,98.08,156.51999999999998
O02988,P0061,3,0,19.72,33.21,99.63,0.0,99.63,59.16,40.47
O02989,P0091,2,15,59.96,114.91,229.82,34.473,195.34699999999998,119.92,75.42699999999998
O02990,P0056,2,10,48.4,77.6,155.2,15.52,139.67999999999998,96.8,42.87999999999998
O02991,P0098,4,15,37.4,104.38,417.52,62.62799999999999,354.892,149.6,205.292
O02992,P0078,3,10,64.71,186.65,559.95,55.995,503.95500000000004,194.13,309.82500000000005
O02993,P0071,5,20,75.31,197.04,985.1999999999999,197.04,788.16,376.55,411.60999999999996
O02994,P0037,2,20,60.29,177.17,354.34,70.868,283.472,120.58,162.892
O02995,P0036,1,15,67.46,184.85,184.85,27.7275,157.1225,67.46,89.66250000000001
O02996,P0074,5,10,36.55,87.92,439.6,43.96,395.64000000000004,182.75,212.89000000000004
O02997,P0029,2,5,72.76,153.77,307.54,15.377,292.163,145.52,146.643
O02998,P0080,5,10,62.54,138.92,694.5999999999999,69.46,625.1399999999999,312.7,312.4399999999999
O02999,P0038,1,10,47.45,95.55,95.55,9.555,85.995,47.45,38.545
O03000,P0085,5,10,54.36,101.78,508.9,50.89,458.01,271.8,186.20999999999998
O03001,P0041,5,0,24.36,47.06,235.3,0.0,235.3,121.8,113.50000000000001
O03002,P0033,1,10,78.25,183.75,183.75,18.375,165.375,78.25,87.125
O03003,P0093,1,10,53.69,97.66,97.66,9.765999999999998,87.894,53.69,34.20400000000001
O03004,P0081,1,10,65.97,189.84,189.84,18.984,170.856,65.97,104.886
O03005,P0013,4,0,44.88,117.97,471.88,0.0,471.88,179.52,292.36
O03006,P0006,1,5,51.06,129.72,129.72,6.486000000000001,123.234,51.06,72.17399999999999
O03007,P0066,5,0,65.6,131.08,655.4000000000001,0.0,655.4000000000001,328.0,327.4000000000001
O03008,P0008,1,20,36.51,102.88,102.88,20.576,82.304,36.51,45.794000000000004
O03009,P0064,2,10,43.12,76.73,153.46,15.346000000000002,138.114,86.24,51.87400000000001
O03010,P0096,1,0,50.42,110.34,110.34,0.0,110.34,50.42,59.92
O03011,P0100,1,0,14.66,26.05,26.05,0.0,26.05,14.66,11.39
O03012,P0009,3,10,33.62,75.41,226.23,22.622999999999998,203.607,100.85999999999999,102.74700000000001
O03013,P0023,5,0,13.9,28.75,143.75,0.0,143.75,69.5,74.25
O03014,P0071,5,25,75.31,197.04,985.1999999999999,246.3,738.8999999999999,376.55,362.34999999999985
O03015,P0095,2,10,40.71,120.64,241.28,24.128,217.152,81.42,135.73199999999997
O03016,P0021,4,5,16.15,26.72,106.88,5.343999999999999,101.536,64.6,36.93600000000001
O03017,P0001,3,10,55.42,102.17,306.51,30.651,275.859,166.26,109.59899999999999
O03018,P0046,2,5,47.09,88.72,177.44,8.872,168.56799999999998,94.18,74.38799999999998
O03019,P0062,2,15,10.19,18.89,37.78,5.667000000000001,32.113,20.38,11.733
O03020,P0002,5,5,43.57,100.83,504.15,25.2075,478.9425,217.85,261.0925
O03021,P0075,3,25,74.85,125.1,375.29999999999995,93.82499999999999,281.47499999999997,224.54999999999998,56.92499999999998
O03022,P0082,5,10,67.76,161.31,806.55,80.655,725.895,338.8,387.09499999999997
O03023,P0044,4,15,23.97,40.96,163.84,24.576,139.264,95.88,43.384000000000015
O03024,P0088,5,0,51.18,79.37,396.85,0.0,396.85,255.9,140.95000000000002
O03025,P0083,1,5,23.05,35.71,35.71,1.7855,33.9245,23.05,10.874500000000001
O03026,P0005,5,15,49.04,127.3,636.5,95.475,541.025,245.2,295.825
O03027,P0093,1,10,53.69,97.66,97.66,9.765999999999998,87.894,53.69,34.20400000000001
O03028,P0039,2,0,43.36,79.83,159.66,0.0,159.66,86.72,72.94
O03029,P0066,4,5,65.6,131.08,524.32,26.216000000000005,498.10400000000004,262.4,235.70400000000006
O03030,P0081,1,5,65.97,189.84,189.84,9.492,180.348,65.97,114.37800000000001
O03031,P0045,4,10,61.54,101.61,406.44,40.644,365.796,246.16,119.636
O03032,P0075,5,5,74.85,125.1,625.5,31.275,594.225,374.25,219.97500000000002
O03033,P0013,5,5,44.88,117.97,589.85,29.4925,560.3575000000001,224.4,335.9575000000001
O03034,P0093,2,0,53.69,97.66,195.32,0.0,195.32,107.38,87.94
O03035,P0032,5,5,10.37,24.86,124.3,6.215,118.085,51.849999999999994,66.235
O03036,P0043,1,0,59.77,171.41,171.41,0.0,171.41,59.77,111.63999999999999
O03037,P0008,2,25,36.51,102.88,205.76,51.44,154.32,73.02,81.3
O03038,P0074,4,0,36.55,87.92,351.68,0.0,351.68,146.2,205.48000000000002
O03039,P0089,2,20,57.81,113.72,227.44,45.488,181.952,115.62,66.332
O03040,P0059,4,5,57.92,159.9,639.6,31.98,607.62,231.68,375.94
O03041,P0011,3,5,52.53,123.96,371.88,18.594,353.286,157.59,195.696
O03042,P0028,1,0,79.81,177.94,177.94,0.0,177.94,79.81,98.13
O03043,P0097,1,10,34.88,81.48,81.48,8.148000000000001,73.33200000000001,34.88,38.452000000000005
O03044,P0039,4,10,43.36,79.83,319.32,31.932,287.388,173.44,113.94799999999998
O03045,P0026,5,10,11.28,25.42,127.10000000000001,12.71,114.39000000000001,56.4,57.990000000000016
O03046,P0072,5,0,79.37,143.53,717.65,0.0,717.65,396.85,320.79999999999995
O03047,P0026,3,20,11.28,25.42,76.26,15.252,61.008,33.839999999999996,27.168000000000006
O03048,P0032,4,25,10.37,24.86,99.44,24.86,74.58,41.48,33.1
O03049,P0046,3,5,47.09,88.72,266.15999999999997,13.307999999999998,252.85199999999998,141.27,111.58199999999997
O03050,P0028,4,10,79.81,177.94,711.76,71.176,640.584,319.24,321.34399999999994
O03051,P0007,3,10,49.51,86.65,259.95000000000005,25.995000000000005,233.95500000000004,148.53,85.42500000000004
O03052,P0035,4,5,60.6,145.35,581.4,29.07,552.3299999999999,242.4,309.92999999999995
O03053,P0066,1,0,65.6,131.08,131.08,0.0,131.08,65.6,65.48000000000002
O03054,P0022,3,10,66.41,153.06,459.18,45.918,413.262,199.23,214.032
O03055,P0022,3,15,66.41,153.06,459.18,68.877,390.303,199.23,191.073
O03056,P0003,4,0,50.89,109.28,437.12,0.0,437.12,203.56,233.56
O03057,P0046,2,10,47.09,88.72,177.44,17.744,159.696,94.18,65.51599999999999
O03058,P0050,2,20,45.43,130.75,261.5,52.3,209.2,90.86,118.33999999999999
O03059,P0008,1,0,36.51,102.88,102.88,0.0,102.88,36.51,66.37
O03060,P0004,5,0,61.58,123.11,615.55,0.0,615.55,307.9,307.65
O03061,P0015,5,15,75.36,201.05,1005.25,150.7875,854.4625,376.8,477.66249999999997
O03062,P0044,1,5,23.97,40.96,40.96,2.048,38.912,23.97,14.942
O03063,P0039,5,0,43.36,79.83,399.15,0.0,399.15,216.8,182.34999999999997
O03064,P0076,4,5,60.51,128.39,513.56,25.677999999999997,487.88199999999995,242.04,245.84199999999996
O03065,P0029,2,5,72.76,153.77,307.54,15.377,292.163,145.52,146.643
O03066,P0073,1,20,24.35,65.3,65.3,13.06,52.239999999999995,24.35,27.889999999999993
O03067,P0062,4,10,10.19,18.89,75.56,7.556,68.004,40.76,27.244000000000007
O03068,P0084,1,5,26.5,76.03,76.03,3.8015,72.2285,26.5,45.7285
O03069,P0034,2,10,44.35,114.17,228.34,22.834,205.506,88.7,116.806
O03070,P0026,5,25,11.28,25.42,127.10000000000001,31.775,95.32500000000002,56.4,38.92500000000002
O03071,P0085,4,0,54.36,101.78,407.12,0.0,407.12,217.44,189.68
O03072,P0087,2,0,32.13,56.17,112.34,0.0,112.34,64.26,48.08
O03073,P0018,1,25,35.57,91.45,91.45,22.8625,68.5875,35.57,33.017500000000005
O03074,P0063,3,25,18.17,31.77,95.31,23.8275,71.4825,54.510000000000005,16.972499999999997
O03075,P0052,4,0,32.44,49.78,199.12,0.0,199.12,129.76,69.36000000000001
O03076,P0054,1,0,35.85,95.25,95.25,0.0,95.25,35.85,59.4
O03077,P0088,1,5,51.18,79.37,79.37,3.9685,75.4015,51.18,24.2215
O03078,P0042,2,0,77.76,188.37,376.74,0.0,376.74,155.52,221.22
O03079,P0093,1,10,53.69,97.66,97.66,9.765999999999998,87.894,53.69,34.20400000000001
O03080,P0054,4,0,35.85,95.25,381.0,0.0,381.0,143.4,237.6
O03081,P0052,4,0,32.44,49.78,199.12,0.0,199.12,129.76,69.36000000000001
O03082,P0013,1,10,44.88,117.97,117.97,11.797,106.173,44.88,61.293
O03083,P0032,2,25,10.37,24.86,49.72,12.43,37.29,20.74,16.55
O03084,P0083,4,5,23.05,35.71,142.84,7.142,135.698,92.2,43.498000000000005
O03085,P0081,3,5,65.97,189.84,569.52,28.476,541.044,197.91,343.134
O03086,P0066,5,25,65.6,131.08,655.4000000000001,163.85000000000002,491.55000000000007,328.0,163.55000000000007
O03087,P0082,2,10,67.76,161.31,322.62,32.262,290.358,135.52,154.838
O03088,P0058,2,5,24.12,39.95,79.9,3.995,75.905,48.24,27.665
O03089,P0039,5,5,43.36,79.83,399.15,19.9575,379.1925,216.8,162.39249999999998
O03090,P0027,5,0,58.79,135.79,678.9499999999999,0.0,678.9499999999999,293.95,384.99999999999994
O03091,P0078,4,10,64.71,186.65,746.6,74.66,671.94,258.84,413.1000000000001
O03092,P0054,1,5,35.85,95.25,95.25,4.7625,90.4875,35.85,54.637499999999996
O03093,P0079,1,5,67.96,149.41,149.41,7.4704999999999995,141.9395,67.96,73.97950000000002
O03094,P0072,3,0,79.37,143.53,430.59000000000003,0.0,430.59000000000003,238.11,192.48000000000002
O03095,P0073,1,5,24.35,65.3,65.3,3.265,62.035,24.35,37.684999999999995
O03096,P0085,3,10,54.36,101.78,305.34000000000003,30.534000000000006,274.80600000000004,163.07999999999998,111.72600000000006
O03097,P0043,3,0,59.77,171.41,514.23,0.0,514.23,179.31,334.92
O03098,P0099,2,0,47.23,108.75,217.5,0.0,217.5,94.46,123.04
O03099,P0052,2,20,32.44,49.78,99.56,19.912,79.648,64.88,14.768
O03100,P0014,4,10,33.12,84.8,339.2,33.92,305.28,132.48,172.79999999999998
O03101,P0091,5,0,59.96,114.91,574.55,0.0,574.55,299.8,274.74999999999994
O03102,P0008,5,10,36.51,102.88,514.4,51.44,462.96,182.54999999999998,280.40999999999997
O03103,P0035,3,0,60.6,145.35,436.04999999999995,0.0,436.04999999999995,181.8,254.24999999999994
O03104,P0018,5,15,35.57,91.45,457.25,68.5875,388.6625,177.85,210.81250000000003
O03105,P0055,3,15,41.8,86.18,258.54,38.781000000000006,219.75900000000001,125.39999999999999,94.35900000000002
O03106,P0078,5,10,64.71,186.65,933.25,93.325,839.925,323.54999999999995,516.375
O03107,P0052,4,15,32.44,49.78,199.12,29.868000000000002,169.252,129.76,39.49200000000002
O03108,P0072,2,0,79.37,143.53,287.06,0.0,287.06,158.74,128.32
O03109,P0049,2,15,16.11,26.63,53.26,7.989,45.271,32.22,13.051000000000002
O03110,P0008,3,0,36.51,102.88,308.64,0.0,308.64,109.53,199.10999999999999
O03111,P0037,5,5,60.29,177.17,885.8499999999999,44.2925,841.5574999999999,301.45,540.1074999999998
O03112,P0066,1,20,65.6,131.08,131.08,26.216000000000005,104.864,65.6,39.26400000000001
O03113,P0081,4,10,65.97,189.84,759.36,75.936,683.424,263.88,419.544
O03114,P0077,5,25,13.37,37.37,186.85,46.7125,140.1375,66.85,73.2875
O03115,P0078,1,0,64.71,186.65,186.65,0.0,186.65,64.71,121.94000000000001
O03116,P0041,4,10,24.36,47.06,188.24,18.824,169.416,97.44,71.976
O03117,P0073,4,0,24.35,65.3,261.2,0.0,261.2,97.4,163.79999999999998
O03118,P0027,2,10,58.79,135.79,271.58,27.157999999999998,244.422,117.58,126.842
O03119,P0020,3,0,69.56,183.08,549.24,0.0,549.24,208.68,340.56
O03120,P0038,5,0,47.45,95.55,477.75,0.0,477.75,237.25,240.5
O03121,P0012,4,5,27.1,81.21,324.84,16.241999999999997,308.59799999999996,108.4,200.19799999999995
O03122,P0042,5,15,77.76,188.37,941.85,141.2775,800.5725,388.8,411.7725
O03123,P0086,4,0,73.55,174.05,696.2,0.0,696.2,294.2,402.00000000000006
O03124,P0050,2,15,45.43,130.75,261.5,39.225,222.275,90.86,131.41500000000002
O03125,P0031,3,0,74.22,112.69,338.07,0.0,338.07,222.66,115.41
O03126,P0077,1,0,13.37,37.37,37.37,0.0,37.37,13.37,24.0
O03127,P0065,1,5,52.43,144.51,144.51,7.225499999999999,137.28449999999998,52.43,84.85449999999997
O03128,P0053,2,25,51.57,127.74,255.48,63.87,191.60999999999999,103.14,88.46999999999998
O03129,P0040,4,0,68.7,146.7,586.8,0.0,586.8,274.8,311.99999999999994
O03130,P0073,2,0,24.35,65.3,130.6,0.0,130.6,48.7,81.89999999999999
O03131,P0039,3,15,43.36,79.83,239.49,35.923500000000004,203.56650000000002,130.07999999999998,73.48650000000004
O03132,P0010,1,5,72.98,190.64,190.64,9.532,181.10799999999998,72.98,108.12799999999997
O03133,P0029,5,15,72.76,153.77,768.85,115.3275,653.5225,363.8,289.7225
O03134,P0040,1,0,68.7,146.7,146.7,0.0,146.7,68.7,77.99999999999999
O03135,P0030,3,10,50.32,133.74,401.22,40.122,361.098,150.96,210.138
O03136,P0002,4,5,43.57,100.83,403.32,20.166,383.154,174.28,208.874
O03137,P0082,2,10,67.76,161.31,322.62,32.262,290.358,135.52,154.838
O03138,P0028,1,15,79.81,177.94,177.94,26.691,151.249,79.81,71.439
O03139,P0047,1,15,59.51,154.08,154.08,23.112000000000002,130.96800000000002,59.51,71.45800000000003
O03140,P0032,5,10,10.37,24.86,124.3,12.43,111.87,51.849999999999994,60.02000000000001
O03141,P0088,2,20,51.18,79.37,158.74,31.748,126.992,102.36,24.632000000000005
O03142,P0078,5,5,64.71,186.65,933.25,46.6625,886.5875,323.54999999999995,563.0375
O03143,P0089,5,0,57.81,113.72,568.6,0.0,568.6,289.05,279.55
O03144,P0089,4,10,57.81,113.72,454.88,45.488,409.392,231.24,178.152
O03145,P0032,1,10,10.37,24.86,24.86,2.4859999999999998,22.374,10.37,12.004
O03146,P0027,2,0,58.79,135.79,271.58,0.0,271.58,117.58,154.0
O03147,P0054,4,10,35.85,95.25,381.0,38.1,342.9,143.4,199.49999999999997
O03148,P0096,4,5,50.42,110.34,441.36,22.068,419.29200000000003,201.68,217.61200000000002
O03149,P0056,4,15,48.4,77.6,310.4,46.56,263.84,193.6,70.23999999999998
O03150,P0031,3,15,74.22,112.69,338.07,50.7105,287.35949999999997,222.66,64.69949999999997
O03151,P0024,3,10,68.96,150.71,452.13,45.213,406.917,206.88,200.03699999999998
O03152,P0035,4,0,60.6,145.35,581.4,0.0,581.4,242.4,339.0
O03153,P0030,3,10,50.32,133.74,401.22,40.122,361.098,150.96,210.138
O03154,P0097,2,15,34.88,81.48,162.96,24.444000000000003,138.51600000000002,69.76,68.75600000000001
O03155,P0055,1,0,41.8,86.18,86.18,0.0,86.18,41.8,44.38000000000001
O03156,P0064,2,10,43.12,76.73,153.46,15.346000000000002,138.114,86.24,51.87400000000001
O03157,P0033,1,25,78.25,183.75,183.75,45.9375,137.8125,78.25,59.5625
O03158,P0046,3,5,47.09,88.72,266.15999999999997,13.307999999999998,252.85199999999998,141.27,111.58199999999997
O03159,P0091,2,0,59.96,114.91,229.82,0.0,229.82,119.92,109.89999999999999
O03160,P0097,5,0,34.88,81.48,407.40000000000003,0.0,407.40000000000003,174.4,233.00000000000003
O03161,P0033,4,10,78.25,183.75,735.0,73.5,661.5,313.0,348.5
O03162,P0068,1,20,69.55,128.05,128.05,25.61,102.44000000000001,69.55,32.890000000000015
O03163,P0064,1,10,43.12,76.73,76.73,7.673000000000001,69.057,43.12,25.937000000000005
O03164,P0030,5,5,50.32,133.74,668.7,33.435,635.2650000000001,251.6,383.6650000000001
O03165,P0079,5,10,67.96,149.41,747.05,74.705,672.3449999999999,339.79999999999995,332.54499999999996
O03166,P0029,4,10,72.76,153.77,615.08,61.508,553.572,291.04,262.532
O03167,P0062,3,10,10.19,18.89,56.67,5.667000000000001,51.003,30.57,20.433
O03168,P0092,2,0,72.98,133.56,267.12,0.0,267.12,145.96,121.16
O03169,P0096,2,10,50.42,110.34,220.68,22.068,198.612,100.84,97.77199999999999
O03170,P0100,2,5,14.66,26.05,52.1,2.605,49.495000000000005,29.32,20.175000000000004
O03171,P0030,3,0,50.32,133.74,401.22,0.0,401.22,150.96,250.26000000000002
O03172,P0012,4,10,27.1,81.21,324.84,32.483999999999995,292.356,108.4,183.956
O03173,P0067,2,25,17.47,34.37,68.74,17.185,51.55499999999999,34.94,16.614999999999995
O03174,P0015,1,5,75.36,201.05,201.05,10.0525,190.9975,75.36,115.6375
O03175,P0010,1,25,72.98,190.64,190.64,47.66,142.98,72.98,69.99999999999999
O03176,P0086,1,0,73.55,174.05,174.05,0.0,174.05,73.55,100.50000000000001
O03177,P0061,5,15,19.72,33.21,166.05,24.9075,141.1425,98.6,42.54250000000002
O03178,P0023,5,0,13.9,28.75,143.75,0.0,143.75,69.5,74.25
O03179,P0011,3,5,52.53,123.96,371.88,18.594,353.286,157.59,195.696
O03180,P0016,2,10,10.53,18.06,36.12,3.612,32.507999999999996,21.06,11.447999999999997
O03181,P0049,5,10,16.11,26.63,133.15,13.315,119.83500000000001,80.55,39.28500000000001
O03182,P0080,1,15,62.54,138.92,138.92,20.837999999999997,118.082,62.54,55.541999999999994
O03183,P0014,5,10,33.12,84.8,424.0,42.4,381.6,165.6,216.00000000000003
O03184,P0006,1,10,51.06,129.72,129.72,12.972000000000001,116.74799999999999,51.06,65.68799999999999
O03185,P0042,2,20,77.76,188.37,376.74,75.348,301.392,155.52,145.87199999999999
O03186,P0017,3,10,25.77,46.56,139.68,13.968000000000002,125.712,77.31,48.402
O03187,P0095,4,0,40.71,120.64,482.56,0.0,482.56,162.84,319.72
O03188,P0042,4,0,77.76,188.37,753.48,0.0,753.48,311.04,442.44
O03189,P0010,1,5,72.98,190.64,190.64,9.532,181.10799999999998,72.98,108.12799999999997
O03190,P0046,5,15,47.09,88.72,443.6,66.54,377.06,235.45000000000002,141.60999999999999
O03191,P0084,5,0,26.5,76.03,380.15,0.0,380.15,132.5,247.64999999999998
O03192,P0049,1,0,16.11,26.63,26.63,0.0,26.63,16.11,10.52
O03193,P0009,2,0,33.62,75.41,150.82,0.0,150.82,67.24,83.58
O03194,P0079,1,10,67.96,149.41,149.41,14.940999999999999,134.469,67.96,66.509
O03195,P0039,2,0,43.36,79.83,159.66,0.0,159.66,86.72,72.94
O03196,P0002,3,0,43.57,100.83,302.49,0.0,302.49,130.71,171.78
O03197,P0068,3,10,69.55,128.05,384.15000000000003,38.415000000000006,345.735,208.64999999999998,137.08500000000004
O03198,P0052,1,15,32.44,49.78,49.78,7.4670000000000005,42.313,32.44,9.873000000000005
O03199,P0088,3,5,51.18,79.37,238.11,11.905500000000002,226.20450000000002,153.54,72.66450000000003
O03200,P0082,5,10,67.76,161.31,806.55,80.655,725.895,338.8,387.09499999999997
O03201,P0011,2,0,52.53,123.96,247.92,0.0,247.92,105.06,142.85999999999999
O03202,P0037,4,20,60.29,177.17,708.68,141.736,566.944,241.16,325.784
O03203,P0090,4,5,41.64,111.21,444.84,22.241999999999997,422.59799999999996,166.56,256.03799999999995
O03204,P0072,3,25,79.37,143.53,430.59000000000003,107.6475,322.94250000000005,238.11,84.83250000000004
O03205,P0022,2,25,66.41,153.06,306.12,76.53,229.59,132.82,96.77000000000001
O03206,P0052,5,15,32.44,49.78,248.9,37.335,211.565,162.2,49.36500000000001
O03207,P0005,4,0,49.04,127.3,509.2,0.0,509.2,196.16,313.03999999999996
O03208,P0002,5,10,43.57,100.83,504.15,50.415,453.73499999999996,217.85,235.88499999999996
O03209,P0005,5,0,49.04,127.3,636.5,0.0,636.5,245.2,391.3
O03210,P0099,4,20,47.23,108.75,435.0,87.0,348.0,188.92,159.08
O03211,P0032,4,15,10.37,24.86,99.44,14.915999999999999,84.524,41.48,43.044000000000004
O03212,P0019,3,25,44.15,98.94,296.82,74.205,222.615,132.45,90.16500000000002
O03213,P0004,2,10,61.58,123.11,246.22,24.622,221.598,123.16,98.43800000000002
O03214,P0087,1,10,32.13,56.17,56.17,5.617000000000001,50.553,32.13,18.422999999999995
O03215,P0046,2,10,47.09,88.72,177.44,17.744,159.696,94.18,65.51599999999999
O03216,P0083,1,5,23.05,35.71,35.71,1.7855,33.9245,23.05,10.874500000000001
O03217,P0026,4,10,11.28,25.42,101.68,10.168000000000001,91.512,45.12,46.392
O03218,P0050,5,10,45.43,130.75,653.75,65.375,588.375,227.15,361.225
O03219,P0026,2,20,11.28,25.42,50.84,10.168000000000001,40.672000000000004,22.56,18.112000000000005
O03220,P0071,5,10,75.31,197.04,985.1999999999999,98.52,886.68,376.55,510.12999999999994
O03221,P0032,2,20,10.37,24.86,49.72,9.943999999999999,39.775999999999996,20.74,19.035999999999998
O03222,P0097,2,20,34.88,81.48,162.96,32.592000000000006,130.368,69.76,60.60799999999999
O03223,P0044,5,10,23.97,40.96,204.8,20.48,184.32000000000002,119.85,64.47000000000003
O03224,P0026,3,5,11.28,25.42,76.26,3.813,72.447,33.839999999999996,38.607000000000006
O03225,P0061,4,10,19.72,33.21,132.84,13.284,119.556,78.88,40.676
O03226,P0088,3,5,51.18,79.37,238.11,11.905500000000002,226.20450000000002,153.54,72.66450000000003
O03227,P0051,3,0,75.24,202.03,606.09,0.0,606.09,225.71999999999997,380.37000000000006
O03228,P0059,2,5,57.92,159.9,319.8,15.99,303.81,115.84,187.97
O03229,P0087,4,25,32.13,56.17,224.68,56.17,168.51,128.52,39.98999999999998
O03230,P0038,2,0,47.45,95.55,191.1,0.0,191.1,94.9,96.19999999999999
O03231,P0026,1,10,11.28,25.42,25.42,2.5420000000000003,22.878,11.28,11.598
O03232,P0045,2,15,61.54,101.61,203.22,30.483,172.737,123.08,49.657
O03233,P0031,5,10,74.22,112.69,563.45,56.345,507.105,371.1,136.005
O03234,P0070,2,10,38.6,79.86,159.72,15.972000000000001,143.748,77.2,66.54799999999999
O03235,P0045,1,15,61.54,101.61,101.61,15.2415,86.3685,61.54,24.8285
O03236,P0031,2,5,74.22,112.69,225.38,11.269,214.111,148.44,65.67099999999999
O03237,P0061,1,0,19.72,33.21,33.21,0.0,33.21,19.72,13.490000000000002
O03238,P0048,4,25,63.74,152.3,609.2,152.3,456.90000000000003,254.96,201.94000000000003
O03239,P0045,2,5,61.54,101.61,203.22,10.161,193.059,123.08,69.979
O03240,P0060,1,10,16.15,46.29,46.29,4.629,41.661,16.15,25.511000000000003
O03241,P0061,4,10,19.72,33.21,132.84,13.284,119.556,78.88,40.676
O03242,P0052,5,0,32.44,49.78,248.9,0.0,248.9,162.2,86.70000000000002
O03243,P0052,3,25,32.44,49.78,149.34,37.335,112.005,97.32,14.685000000000002
O03244,P0076,1,15,60.51,128.39,128.39,19.258499999999998,109.13149999999999,60.51,48.62149999999999
O03245,P0081,5,0,65.97,189.84,949.2,0.0,949.2,329.85,619.35
O03246,P0062,4,25,10.19,18.89,75.56,18.89,56.67,40.76,15.910000000000004
O03247,P0026,5,15,11.28,25.42,127.10000000000001,19.065,108.03500000000001,56.4,51.63500000000001
O03248,P0067,2,10,17.47,34.37,68.74,6.874,61.86599999999999,34.94,26.925999999999995
O03249,P0079,3,10,67.96,149.41,448.23,44.823,403.40700000000004,203.88,199.52700000000004
O03250,P0049,1,0,16.11,26.63,26.63,0.0,26.63,16.11,10.52
O03251,P0088,4,10,51.18,79.37,317.48,31.748,285.732,204.72,81.01200000000003
O03252,P0094,3,0,47.78,108.59,325.77,0.0,325.77,143.34,182.42999999999998
O03253,P0044,4,10,23.97,40.96,163.84,16.384,147.45600000000002,95.88,51.57600000000002
O03254,P0036,5,10,67.46,184.85,924.25,92.425,831.825,337.29999999999995,494.5250000000001
O03255,P0053,4,20,51.57,127.74,510.96,102.192,408.768,206.28,202.48799999999997
O03256,P0044,4,15,23.97,40.96,163.84,24.576,139.264,95.88,43.384000000000015
O03257,P0091,5,0,59.96,114.91,574.55,0.0,574.55,299.8,274.74999999999994
O03258,P0022,5,20,66.41,153.06,765.3,153.06,612.24,332.04999999999995,280.19000000000005
O03259,P0002,3,10,43.57,100.83,302.49,30.249000000000002,272.241,130.71,141.53099999999998
O03260,P0007,1,10,49.51,86.65,86.65,8.665,77.98500000000001,49.51,28.475000000000016
O03261,P0016,5,0,10.53,18.06,90.3,0.0,90.3,52.65,37.65
O03262,P0088,3,20,51.18,79.37,238.11,47.62200000000001,190.488,153.54,36.94800000000001
O03263,P0094,4,20,47.78,108.59,434.36,86.87200000000001,347.488,191.12,156.368
O03264,P0044,4,15,23.97,40.96,163.84,24.576,139.264,95.88,43.384000000000015
O03265,P0065,2,20,52.43,144.51,289.02,57.803999999999995,231.21599999999998,104.86,126.35599999999998
O03266,P0091,5,5,59.96,114.91,574.55,28.7275,545.8225,299.8,246.02249999999998
O03267,P0073,3,20,24.35,65.3,195.89999999999998,39.17999999999999,156.71999999999997,73.05000000000001,83.66999999999996
O03268,P0071,3,10,75.31,197.04,591.12,59.111999999999995,532.008,225.93,306.07800000000003
O03269,P0069,1,0,62.22,150.06,150.06,0.0,150.06,62.22,87.84
O03270,P0061,3,10,19.72,33.21,99.63,9.963,89.667,59.16,30.507000000000005
O03271,P0030,5,10,50.32,133.74,668.7,66.87,601.83,251.6,350.23
O03272,P0042,3,5,77.76,188.37,565.11,28.2555,536.8545,233.28000000000003,303.5745
O03273,P0091,2,0,59.96,114.91,229.82,0.0,229.82,119.92,109.89999999999999
O03274,P0074,4,0,36.55,87.92,351.68,0.0,351.68,146.2,205.48000000000002
O03275,P0025,4,5,13.61,32.74,130.96,6.548000000000001,124.412,54.44,69.97200000000001
O03276,P0082,3,0,67.76,161.31,483.93,0.0,483.93,203.28000000000003,280.65
O03277,P0071,3,0,75.31,197.04,591.12,0.0,591.12,225.93,365.19
O03278,P0057,3,5,48.42,78.25,234.75,11.7375,223.0125,145.26,77.7525
O03279,P0095,3,25,40.71,120.64,361.92,90.48,271.44,122.13,149.31
O03280,P0032,2,15,10.37,24.86,49.72,7.457999999999999,42.262,20.74,21.522000000000002
O03281,P0050,5,5,45.43,130.75,653.75,32.6875,621.0625,227.15,393.9125
O03282,P0075,2,25,74.85,125.1,250.2,62.55,187.64999999999998,149.7,37.94999999999999
O03283,P0010,2,10,72.98,190.64,381.28,38.128,343.152,145.96,197.19199999999998
O03284,P0022,2,10,66.41,153.06,306.12,30.612,275.508,132.82,142.688
O03285,P0095,4,10,40.71,120.64,482.56,48.256,434.304,162.84,271.46399999999994
O03286,P0041,2,5,24.36,47.06,94.12,4.706,89.414,48.72,40.694
O03287,P0047,3,0,59.51,154.08,462.24,0.0,462.24,178.53,283.71000000000004
O03288,P0014,2,5,33.12,84.8,169.6,8.48,161.12,66.24,94.88000000000001
O03289,P0003,3,10,50.89,109.28,327.84000000000003,32.784000000000006,295.05600000000004,152.67000000000002,142.38600000000002
O03290,P0088,5,10,51.18,79.37,396.85,39.685,357.165,255.9,101.26500000000001
O03291,P0078,4,15,64.71,186.65,746.6,111.99,634.61,258.84,375.77000000000004
O03292,P0053,5,5,51.57,127.74,638.6999999999999,31.934999999999995,606.765,257.85,348.91499999999996
O03293,P0016,5,15,10.53,18.06,90.3,13.545,76.755,52.65,24.104999999999997
O03294,P0061,4,10,19.72,33.21,132.84,13.284,119.556,78.88,40.676
O03295,P0028,3,25,79.81,177.94,533.8199999999999,133.45499999999998,400.36499999999995,239.43,160.93499999999995
O03296,P0035,3,5,60.6,145.35,436.04999999999995,21.8025,414.24749999999995,181.8,232.44749999999993
O03297,P0002,3,20,43.57,100.83,302.49,60.498000000000005,241.99200000000002,130.71,111.28200000000001
O03298,P0061,4,15,19.72,33.21,132.84,19.926000000000002,112.914,78.88,34.034000000000006
O03299,P0056,2,10,48.4,77.6,155.2,15.52,139.67999999999998,96.8,42.87999999999998
O03300,P0098,1,10,37.4,104.38,104.38,10.437999999999999,93.942,37.4,56.541999999999994
O03301,P0055,2,0,41.8,86.18,172.36,0.0,172.36,83.6,88.76000000000002
O03302,P0018,2,25,35.57,91.45,182.9,45.725,137.175,71.14,66.03500000000001
O03303,P0071,5,0,75.31,197.04,985.1999999999999,0.0,985.1999999999999,376.55,608.6499999999999
O03304,P0049,1,10,16.11,26.63,26.63,2.6630000000000003,23.967,16.11,7.856999999999999
O03305,P0042,3,5,77.76,188.37,565.11,28.2555,536.8545,233.28000000000003,303.5745
O03306,P0007,2,5,49.51,86.65,173.3,8.665,164.63500000000002,99.02,65.61500000000002
O03307,P0004,4,10,61.58,123.11,492.44,49.244,443.196,246.32,196.87600000000003
O03308,P0043,2,20,59.77,171.41,342.82,68.564,274.256,119.54,154.71599999999995
O03309,P0080,3,10,62.54,138.92,416.76,41.676,375.084,187.62,187.464
O03310,P0059,2,25,57.92,159.9,319.8,79.95,239.85000000000002,115.84,124.01000000000002
O03311,P0049,5,10,16.11,26.63,133.15,13.315,119.83500000000001,80.55,39.28500000000001
O03312,P0060,5,0,16.15,46.29,231.45,0.0,231.45,80.75,150.7
O03313,P0006,2,0,51.06,129.72,259.44,0.0,259.44,102.12,157.32
O03314,P0020,5,15,69.56,183.08,915.4000000000001,137.31000000000003,778.09,347.8,430.29
O03315,P0031,4,0,74.22,112.69,450.76,0.0,450.76,296.88,153.88
O03316,P0083,1,10,23.05,35.71,35.71,3.571,32.139,23.05,9.089000000000002
O03317,P0022,2,0,66.41,153.06,306.12,0.0,306.12,132.82,173.3
O03318,P0085,4,5,54.36,101.78,407.12,20.355999999999998,386.764,217.44,169.324
O03319,P0082,4,15,67.76,161.31,645.24,96.786,548.454,271.04,277.41399999999993
O03320,P0032,4,10,10.37,24.86,99.44,9.943999999999999,89.496,41.48,48.016
O03321,P0047,3,0,59.51,154.08,462.24,0.0,462.24,178.53,283.71000000000004
O03322,P0034,2,5,44.35,114.17,228.34,11.417,216.923,88.7,128.223
O03323,P0027,2,5,58.79,135.79,271.58,13.578999999999999,258.001,117.58,140.421
O03324,P0044,2,0,23.97,40.96,81.92,0.0,81.92,47.94,33.980000000000004
O03325,P0030,1,10,50.32,133.74,133.74,13.374,120.36600000000001,50.32,70.04600000000002
O03326,P0033,4,10,78.25,183.75,735.0,73.5,661.5,313.0,348.5
O03327,P0027,2,0,58.79,135.79,271.58,0.0,271.58,117.58,154.0
O03328,P0056,5,5,48.4,77.6,388.0,19.4,368.6,242.0,126.60000000000002
O03329,P0023,3,5,13.9,28.75,86.25,4.3125,81.9375,41.7,40.2375
O03330,P0043,1,5,59.77,171.41,171.41,8.5705,162.8395,59.77,103.06949999999998
O03331,P0083,3,10,23.05,35.71,107.13,10.713,96.417,69.15,27.266999999999996
O03332,P0054,4,5,35.85,95.25,381.0,19.05,361.95,143.4,218.54999999999998
O03333,P0095,5,5,40.71,120.64,603.2,30.16,573.0400000000001,203.55,369.49000000000007
O03334,P0068,4,15,69.55,128.05,512.2,76.83000000000001,435.37,278.2,157.17000000000002
O03335,P0053,2,0,51.57,127.74,255.48,0.0,255.48,103.14,152.33999999999997
O03336,P0083,3,10,23.05,35.71,107.13,10.713,96.417,69.15,27.266999999999996
O03337,P0040,5,10,68.7,146.7,733.5,73.35,660.15,343.5,316.65
O03338,P0060,3,5,16.15,46.29,138.87,6.9435,131.9265,48.449999999999996,83.47650000000002
O03339,P0086,1,15,73.55,174.05,174.05,26.1075,147.9425,73.55,74.3925
O03340,P0009,5,10,33.62,75.41,377.04999999999995,37.705,339.34499999999997,168.1,171.24499999999998
O03341,P0095,1,10,40.71,120.64,120.64,12.064,108.576,40.71,67.86599999999999
O03342,P0010,5,10,72.98,190.64,953.1999999999999,95.32,857.8799999999999,364.90000000000003,492.97999999999985
O03343,P0010,2,15,72.98,190.64,381.28,57.192,324.08799999999997,145.96,178.12799999999996
O03344,P0030,3,25,50.32,133.74,401.22,100.305,300.915,150.96,149.955
O03345,P0010,3,10,72.98,190.64,571.92,57.192,514.728,218.94,295.78799999999995
O03346,P0058,4,20,24.12,39.95,159.8,31.96,127.84,96.48,31.36
O03347,P0036,5,0,67.46,184.85,924.25,0.0,924.25,337.29999999999995,586.95
O03348,P0082,5,10,67.76,161.31,806.55,80.655,725.895,338.8,387.09499999999997
O03349,P0044,1,0,23.97,40.96,40.96,0.0,40.96,23.97,16.990000000000002
O03350,P0057,5,0,48.42,78.25,391.25,0.0,391.25,242.10000000000002,149.14999999999998
O03351,P0043,3,10,59.77,171.41,514.23,51.423,462.807,179.31,283.497
O03352,P0083,5,15,23.05,35.71,178.55,26.7825,151.7675,115.25,36.51750000000001
O03353,P0023,4,5,13.9,28.75,115.0,5.75,109.25,55.6,53.65
O03354,P0004,4,10,61.58,123.11,492.44,49.244,443.196,246.32,196.87600000000003
O03355,P0012,3,10,27.1,81.21,243.63,24.363000000000003,219.267,81.30000000000001,137.96699999999998
O03356,P0049,3,5,16.11,26.63,79.89,3.9945,75.8955,48.33,27.5655
O03357,P0024,3,5,68.96,150.71,452.13,22.6065,429.5235,206.88,222.64350000000002
O03358,P0013,5,5,44.88,117.97,589.85,29.4925,560.3575000000001,224.4,335.9575000000001
O03359,P0068,5,5,69.55,128.05,640.25,32.0125,608.2375,347.75,260.48749999999995
O03360,P0091,2,10,59.96,114.91,229.82,22.982,206.838,119.92,86.91799999999999
O03361,P0072,1,0,79.37,143.53,143.53,0.0,143.53,79.37,64.16
O03362,P0090,5,0,41.64,111.21,556.05,0.0,556.05,208.2,347.84999999999997
O03363,P0034,2,10,44.35,114.17,228.34,22.834,205.506,88.7,116.806
O03364,P0009,2,10,33.62,75.41,150.82,15.081999999999999,135.738,67.24,68.498
O03365,P0010,4,5,72.98,190.64,762.56,38.128,724.4319999999999,291.92,432.5119999999999
O03366,P0065,5,0,52.43,144.51,722.55,0.0,722.55,262.15,460.4
O03367,P0072,2,5,79.37,143.53,287.06,14.353,272.707,158.74,113.96699999999998
O03368,P0074,4,15,36.55,87.92,351.68,52.751999999999995,298.928,146.2,152.728
O03369,P0054,1,20,35.85,95.25,95.25,19.05,76.2,35.85,40.35
O03370,P0043,4,15,59.77,171.41,685.64,102.846,582.794,239.08,343.71399999999994
O03371,P0059,1,0,57.92,159.9,159.9,0.0,159.9,57.92,101.98
O03372,P0089,3,10,57.81,113.72,341.15999999999997,34.11599999999999,307.044,173.43,133.61399999999998
O03373,P0095,3,0,40.71,120.64,361.92,0.0,361.92,122.13,239.79000000000002
O03374,P0059,4,5,57.92,159.9,639.6,31.98,607.62,231.68,375.94
O03375,P0067,3,0,17.47,34.37,103.10999999999999,0.0,103.10999999999999,52.41,50.69999999999999
O03376,P0061,5,15,19.72,33.21,166.05,24.9075,141.1425,98.6,42.54250000000002
O03377,P0038,4,10,47.45,95.55,382.2,38.22,343.98,189.8,154.18
O03378,P0099,2,10,47.23,108.75,217.5,21.75,195.75,94.46,101.29
O03379,P0008,5,10,36.51,102.88,514.4,51.44,462.96,182.54999999999998,280.40999999999997
O03380,P0065,4,0,52.43,144.51,578.04,0.0,578.04,209.72,368.31999999999994
O03381,P0005,1,5,49.04,127.3,127.3,6.365,120.935,49.04,71.89500000000001
O03382,P0091,3,10,59.96,114.91,344.73,34.473,310.257,179.88,130.377
O03383,P0090,3,10,41.64,111.21,333.63,33.363,300.267,124.92,175.34699999999998
O03384,P0043,3,15,59.77,171.41,514.23,77.1345,437.0955,179.31,257.7855
O03385,P0060,4,5,16.15,46.29,185.16,9.258,175.902,64.6,111.30199999999999
O03386,P0026,5,15,11.28,25.42,127.10000000000001,19.065,108.03500000000001,56.4,51.63500000000001
O03387,P0011,1,5,52.53,123.96,123.96,6.1979999999999995,117.762,52.53,65.232
O03388,P0034,3,10,44.35,114.17,342.51,34.251,308.259,133.05,175.209
O03389,P0002,5,10,43.57,100.83,504.15,50.415,453.73499999999996,217.85,235.88499999999996
O03390,P0021,2,20,16.15,26.72,53.44,10.687999999999999,42.751999999999995,32.3,10.451999999999998
O03391,P0026,2,0,11.28,25.42,50.84,0.0,50.84,22.56,28.280000000000005
O03392,P0076,1,10,60.51,128.39,128.39,12.838999999999999,115.55099999999999,60.51,55.04099999999999
O03393,P0073,3,10,24.35,65.3,195.89999999999998,19.589999999999996,176.30999999999997,73.05000000000001,103.25999999999996
O03394,P0087,2,0,32.13,56.17,112.34,0.0,112.34,64.26,48.08
O03395,P0005,5,0,49.04,127.3,636.5,0.0,636.5,245.2,391.3
O03396,P0009,5,15,33.62,75.41,377.04999999999995,56.55749999999999,320.49249999999995,168.1,152.39249999999996
O03397,P0050,2,0,45.43,130.75,261.5,0.0,261.5,90.86,170.64
O03398,P0010,3,0,72.98,190.64,571.92,0.0,571.92,218.94,352.97999999999996
O03399,P0058,1,25,24.12,39.95,39.95,9.9875,29.962500000000002,24.12,5.842500000000001
O03400,P0010,3,15,72.98,190.64,571.92,85.788,486.13199999999995,218.94,267.19199999999995
O03401,P0078,4,5,64.71,186.65,746.6,37.33,709.27,258.84,450.43
O03402,P0036,2,10,67.46,184.85,369.7,36.97,332.73,134.92,197.81000000000003
O03403,P0074,4,10,36.55,87.92,351.68,35.168,316.512,146.2,170.312
O03404,P0056,2,15,48.4,77.6,155.2,23.28,131.92,96.8,35.11999999999999
O03405,P0062,1,15,10.19,18.89,18.89,2.8335000000000004,16.0565,10.19,5.8665
O03406,P0037,3,15,60.29,177.17,531.51,79.7265,451.7835,180.87,270.9135
O03407,P0041,3,0,24.36,47.06,141.18,0.0,141.18,73.08,68.10000000000001
O03408,P0048,2,10,63.74,152.3,304.6,30.46,274.14000000000004,127.48,146.66000000000003
O03409,P0022,5,0,66.41,153.06,765.3,0.0,765.3,332.04999999999995,433.25
O03410,P0087,4,0,32.13,56.17,224.68,0.0,224.68,128.52,96.16
O03411,P0080,3,15,62.54,138.92,416.76,62.513999999999996,354.246,187.62,166.62599999999998
O03412,P0061,3,0,19.72,33.21,99.63,0.0,99.63,59.16,40.47
O03413,P0075,2,10,74.85,125.1,250.2,25.02,225.17999999999998,149.7,75.47999999999999
O03414,P0099,5,15,47.23,108.75,543.75,81.5625,462.1875,236.14999999999998,226.03750000000002
O03415,P0048,4,5,63.74,152.3,609.2,30.46,578.74,254.96,323.78
O03416,P0064,5,0,43.12,76.73,383.65000000000003,0.0,383.65000000000003,215.6,168.05000000000004
O03417,P0084,5,15,26.5,76.03,380.15,57.0225,323.1275,132.5,190.6275
O03418,P0037,2,20,60.29,177.17,354.34,70.868,283.472,120.58,162.892
O03419,P0041,5,15,24.36,47.06,235.3,35.295,200.005,121.8,78.205
O03420,P0005,4,10,49.04,127.3,509.2,50.92,458.28,196.16,262.12
O03421,P0100,1,0,14.66,26.05,26.05,0.0,26.05,14.66,11.39
O03422,P0077,1,0,13.37,37.37,37.37,0.0,37.37,13.37,24.0
O03423,P0052,4,10,32.44,49.78,199.12,19.912,179.208,129.76,49.44800000000001
O03424,P0017,2,0,25.77,46.56,93.12,0.0,93.12,51.54,41.580000000000005
O03425,P0090,3,20,41.64,111.21,333.63,66.726,266.904,124.92,141.98399999999998
O03426,P0062,2,10,10.19,18.89,37.78,3.778,34.002,20.38,13.622000000000003
O03427,P0052,4,10,32.44,49.78,199.12,19.912,179.208,129.76,49.44800000000001
O03428,P0020,5,15,69.56,183.08,915.4000000000001,137.31000000000003,778.09,347.8,430.29
O03429,P0097,1,15,34.88,81.48,81.48,12.222000000000001,69.25800000000001,34.88,34.37800000000001
O03430,P0094,5,10,47.78,108.59,542.95,54.295,488.65500000000003,238.9,249.75500000000002
O03431,P0016,2,20,10.53,18.06,36.12,7.224,28.895999999999997,21.06,7.8359999999999985
O03432,P0007,4,25,49.51,86.65,346.6,86.65,259.95000000000005,198.04,61.91000000000005
O03433,P0094,1,20,47.78,108.59,108.59,21.718000000000004,86.872,47.78,39.092
O03434,P0066,4,15,65.6,131.08,524.32,78.64800000000001,445.672,262.4,183.27200000000005
O03435,P0012,1,15,27.1,81.21,81.21,12.181499999999998,69.0285,27.1,41.92849999999999
O03436,P0043,1,10,59.77,171.41,171.41,17.141,154.269,59.77,94.499
O03437,P0040,1,0,68.7,146.7,146.7,0.0,146.7,68.7,77.99999999999999
O03438,P0001,2,5,55.42,102.17,204.34,10.217,194.123,110.84,83.28299999999999
O03439,P0058,4,0,24.12,39.95,159.8,0.0,159.8,96.48,63.32000000000001
O03440,P0003,3,0,50.89,109.28,327.84000000000003,0.0,327.84000000000003,152.67000000000002,175.17000000000002
O03441,P0008,3,5,36.51,102.88,308.64,15.431999999999999,293.20799999999997,109.53,183.67799999999997
O03442,P0090,3,0,41.64,111.21,333.63,0.0,333.63,124.92,208.70999999999998
O03443,P0075,4,20,74.85,125.1,500.4,100.08,400.32,299.4,100.92000000000002
O03444,P0061,5,15,19.72,33.21,166.05,24.9075,141.1425,98.6,42.54250000000002
O03445,P0085,4,0,54.36,101.78,407.12,0.0,407.12,217.44,189.68
O03446,P0005,1,0,49.04,127.3,127.3,0.0,127.3,49.04,78.25999999999999
O03447,P0026,5,15,11.28,25.42,127.10000000000001,19.065,108.03500000000001,56.4,51.63500000000001
O03448,P0085,1,15,54.36,101.78,101.78,15.267000000000001,86.513,54.36,32.153000000000006
O03449,P0073,1,20,24.35,65.3,65.3,13.06,52.239999999999995,24.35,27.889999999999993
O03450,P0017,4,25,25.77,46.56,186.24,46.56,139.68,103.08,36.60000000000001
O03451,P0066,3,25,65.6,131.08,393.24,98.31,294.93,196.79999999999998,98.13000000000002
O03452,P0051,5,5,75.24,202.03,1010.15,50.5075,959.6424999999999,376.2,583.4424999999999
O03453,P0047,2,5,59.51,154.08,308.16,15.408000000000001,292.752,119.02,173.73200000000003
O03454,P0040,3,15,68.7,146.7,440.09999999999997,66.01499999999999,374.085,206.10000000000002,167.98499999999996
O03455,P0092,2,5,72.98,133.56,267.12,13.356,253.764,145.96,107.804
O03456,P0027,4,15,58.79,135.79,543.16,81.47399999999999,461.686,235.16,226.52599999999998
O03457,P0040,5,10,68.7,146.7,733.5,73.35,660.15,343.5,316.65
O03458,P0001,4,15,55.42,102.17,408.68,61.302,347.378,221.68,125.69799999999998
O03459,P0046,2,5,47.09,88.72,177.44,8.872,168.56799999999998,94.18,74.38799999999998
O03460,P0011,1,10,52.53,123.96,123.96,12.395999999999999,111.564,52.53,59.03399999999999
O03461,P0039,4,10,43.36,79.83,319.32,31.932,287.388,173.44,113.94799999999998
O03462,P0018,5,20,35.57,91.45,457.25,91.45,365.8,177.85,187.95000000000002
O03463,P0091,4,5,59.96,114.91,459.64,22.982,436.658,239.84,196.818
O03464,P0047,3,20,59.51,154.08,462.24,92.448,369.79200000000003,178.53,191.26200000000003
O03465,P0074,4,15,36.55,87.92,351.68,52.751999999999995,298.928,146.2,152.728
O03466,P0100,2,15,14.66,26.05,52.1,7.815,44.285000000000004,29.32,14.965000000000003
O03467,P0021,4,15,16.15,26.72,106.88,16.031999999999996,90.848,64.6,26.248000000000005
O03468,P0028,5,10,79.81,177.94,889.7,88.97,800.73,399.05,401.68
O03469,P0001,4,0,55.42,102.17,408.68,0.0,408.68,221.68,187.0
O03470,P0014,4,0,33.12,84.8,339.2,0.0,339.2,132.48,206.72
O03471,P0020,5,20,69.56,183.08,915.4000000000001,183.08,732.32,347.8,384.52000000000004
O03472,P0073,4,15,24.35,65.3,261.2,39.18,222.01999999999998,97.4,124.61999999999998
O03473,P0045,5,0,61.54,101.61,508.05,0.0,508.05,307.7,200.35000000000002
O03474,P0061,2,10,19.72,33.21,66.42,6.642,59.778,39.44,20.338
O03475,P0027,5,5,58.79,135.79,678.9499999999999,33.9475,645.0024999999999,293.95,351.05249999999995
O03476,P0056,2,0,48.4,77.6,155.2,0.0,155.2,96.8,58.39999999999999
O03477,P0052,2,10,32.44,49.78,99.56,9.956,89.604,64.88,24.724000000000004
O03478,P0068,5,5,69.55,128.05,640.25,32.0125,608.2375,347.75,260.48749999999995
O03479,P0037,4,0,60.29,177.17,708.68,0.0,708.68,241.16,467.52
O03480,P0082,3,10,67.76,161.31,483.93,48.393,435.53700000000003,203.28000000000003,232.257
O03481,P0031,5,10,74.22,112.69,563.45,56.345,507.105,371.1,136.005
O03482,P0049,4,0,16.11,26.63,106.52,0.0,106.52,64.44,42.08
O03483,P0053,2,5,51.57,127.74,255.48,12.774,242.706,103.14,139.56599999999997
O03484,P0039,1,5,43.36,79.83,79.83,3.9915,75.8385,43.36,32.4785
O03485,P0010,3,0,72.98,190.64,571.92,0.0,571.92,218.94,352.97999999999996
O03486,P0009,4,0,33.62,75.41,301.64,0.0,301.64,134.48,167.16
O03487,P0092,3,0,72.98,133.56,400.68,0.0,400.68,218.94,181.74
O03488,P0092,1,0,72.98,133.56,133.56,0.0,133.56,72.98,60.58
O03489,P0013,1,15,44.88,117.97,117.97,17.6955,100.2745,44.88,55.3945
O03490,P0018,1,5,35.57,91.45,91.45,4.5725,86.8775,35.57,51.3075
O03491,P0012,5,0,27.1,81.21,406.04999999999995,0.0,406.04999999999995,135.5,270.54999999999995
O03492,P0072,3,0,79.37,143.53,430.59000000000003,0.0,430.59000000000003,238.11,192.48000000000002
O03493,P0087,5,5,32.13,56.17,280.85,14.0425,266.8075,160.65,106.1575
O03494,P0005,1,15,49.04,127.3,127.3,19.095,108.205,49.04,59.165
O03495,P0007,4,5,49.51,86.65,346.6,17.33,329.27000000000004,198.04,131.23000000000005
O03496,P0015,1,0,75.36,201.05,201.05,0.0,201.05,75.36,125.69000000000001
O03497,P0067,5,5,17.47,34.37,171.85,8.5925,163.2575,87.35,75.9075
O03498,P0018,1,10,35.57,91.45,91.45,9.145,82.305,35.57,46.73500000000001
O03499,P0038,1,0,47.45,95.55,95.55,0.0,95.55,47.45,48.099999999999994
O03500,P0026,5,10,11.28,25.42,127.10000000000001,12.71,114.39000000000001,56.4,57.990000000000016
O03501,P0038,5,5,47.45,95.55,477.75,23.8875,453.8625,237.25,216.6125
O03502,P0059,4,0,57.92,159.9,639.6,0.0,639.6,231.68,407.92
O03503,P0052,5,10,32.44,49.78,248.9,24.89,224.01,162.2,61.81
O03504,P0033,4,15,78.25,183.75,735.0,110.25,624.75,313.0,311.75
O03505,P0021,2,10,16.15,26.72,53.44,5.343999999999999,48.096,32.3,15.796
O03506,P0017,2,5,25.77,46.56,93.12,4.656000000000001,88.464,51.54,36.924
O03507,P0062,5,10,10.19,18.89,94.45,9.445,85.005,50.949999999999996,34.055
O03508,P0059,1,5,57.92,159.9,159.9,7.995,151.905,57.92,93.985
O03509,P0002,3,15,43.57,100.83,302.49,45.37350000000001,257.1165,130.71,126.40649999999997
O03510,P0064,1,10,43.12,76.73,76.73,7.673000000000001,69.057,43.12,25.937000000000005
O03511,P0025,5,0,13.61,32.74,163.70000000000002,0.0,163.70000000000002,68.05,95.65000000000002
O03512,P0041,4,10,24.36,47.06,188.24,18.824,169.416,97.44,71.976
O03513,P0019,1,10,44.15,98.94,98.94,9.894,89.04599999999999,44.15,44.895999999999994
O03514,P0038,2,5,47.45,95.55,191.1,9.555,181.545,94.9,86.64499999999998
O03515,P0025,5,20,13.61,32.74,163.70000000000002,32.74,130.96,68.05,62.91000000000001
O03516,P0039,1,15,43.36,79.83,79.83,11.9745,67.85549999999999,43.36,24.495499999999993
O03517,P0004,1,0,61.58,123.11,123.11,0.0,123.11,61.58,61.53
O03518,P0003,4,20,50.89,109.28,437.12,87.42399999999999,349.696,203.56,146.13600000000002
O03519,P0034,4,5,44.35,114.17,456.68,22.834,433.846,177.4,256.446
O03520,P0010,4,15,72.98,190.64,762.56,114.384,648.1759999999999,291.92,356.2559999999999
O03521,P0027,3,15,58.79,135.79,407.37,61.1055,346.2645,176.37,169.8945
O03522,P0090,5,10,41.64,111.21,556.05,55.605,500.44499999999994,208.2,292.24499999999995
O03523,P0091,5,5,59.96,114.91,574.55,28.7275,545.8225,299.8,246.02249999999998
O03524,P0001,2,20,55.42,102.17,204.34,40.868,163.472,110.84,52.632000000000005
O03525,P0044,2,0,23.97,40.96,81.92,0.0,81.92,47.94,33.980000000000004
O03526,P0084,5,5,26.5,76.03,380.15,19.0075,361.1425,132.5,228.64249999999998
O03527,P0052,1,5,32.44,49.78,49.78,2.489,47.291000000000004,32.44,14.851000000000006
O03528,P0025,5,20,13.61,32.74,163.70000000000002,32.74,130.96,68.05,62.91000000000001
O03529,P0074,3,20,36.55,87.92,263.76,52.751999999999995,211.00799999999998,109.64999999999999,101.35799999999999
O03530,P0065,2,0,52.43,144.51,289.02,0.0,289.02,104.86,184.15999999999997
O03531,P0080,2,20,62.54,138.92,277.84,55.56799999999999,222.272,125.08,97.192
O03532,P0011,2,5,52.53,123.96,247.92,12.395999999999999,235.524,105.06,130.464
O03533,P0068,5,25,69.55,128.05,640.25,160.0625,480.1875,347.75,132.4375
O03534,P0099,2,10,47.23,108.75,217.5,21.75,195.75,94.46,101.29
O03535,P0077,2,0,13.37,37.37,74.74,0.0,74.74,26.74,48.0
O03536,P0085,5,0,54.36,101.78,508.9,0.0,508.9,271.8,237.09999999999997
O03537,P0015,1,0,75.36,201.05,201.05,0.0,201.05,75.36,125.69000000000001
O03538,P0057,2,0,48.42,78.25,156.5,0.0,156.5,96.84,59.66
O03539,P0074,2,15,36.55,87.92,175.84,26.375999999999998,149.464,73.1,76.364
O03540,P0064,2,0,43.12,76.73,153.46,0.0,153.46,86.24,67.22000000000001
O03541,P0011,3,25,52.53,123.96,371.88,92.97,278.90999999999997,157.59,121.31999999999996
O03542,P0096,5,10,50.42,110.34,551.7,55.17,496.53000000000003,252.10000000000002,244.43
O03543,P0097,2,10,34.88,81.48,162.96,16.296000000000003,146.66400000000002,69.76,76.90400000000001
O03544,P0020,3,0,69.56,183.08,549.24,0.0,549.24,208.68,340.56
O03545,P0100,1,20,14.66,26.05,26.05,5.21,20.84,14.66,6.18
O03546,P0030,1,10,50.32,133.74,133.74,13.374,120.36600000000001,50.32,70.04600000000002
O03547,P0010,3,20,72.98,190.64,571.92,114.384,457.53599999999994,218.94,238.59599999999995
O03548,P0054,1,25,35.85,95.25,95.25,23.8125,71.4375,35.85,35.5875
O03549,P0058,4,0,24.12,39.95,159.8,0.0,159.8,96.48,63.32000000000001
O03550,P0079,1,0,67.96,149.41,149.41,0.0,149.41,67.96,81.45
O03551,P0029,4,15,72.76,153.77,615.08,92.262,522.818,291.04,231.77799999999996
O03552,P0001,3,20,55.42,102.17,306.51,61.302,245.208,166.26,78.94800000000001
O03553,P0058,4,10,24.12,39.95,159.8,15.98,143.82000000000002,96.48,47.34000000000002
O03554,P0021,1,5,16.15,26.72,26.72,1.3359999999999999,25.384,16.15,9.234000000000002
O03555,P0015,2,10,75.36,201.05,402.1,40.21,361.89000000000004,150.72,211.17000000000004
O03556,P0067,4,5,17.47,34.37,137.48,6.874,130.606,69.88,60.726
O03557,P0033,1,0,78.25,183.75,183.75,0.0,183.75,78.25,105.5
O03558,P0038,2,10,47.45,95.55,191.1,19.11,171.99,94.9,77.09
O03559,P0019,3,0,44.15,98.94,296.82,0.0,296.82,132.45,164.37
O03560,P0004,3,10,61.58,123.11,369.33,36.933,332.397,184.74,147.65699999999998
O03561,P0076,5,25,60.51,128.39,641.9499999999999,160.48749999999998,481.4625,302.55,178.91249999999997
O03562,P0089,3,15,57.81,113.72,341.15999999999997,51.174,289.986,173.43,116.55599999999998
O03563,P0098,5,20,37.4,104.38,521.9,104.38,417.52,187.0,230.51999999999998
O03564,P0081,3,15,65.97,189.84,569.52,85.428,484.092,197.91,286.182
O03565,P0058,3,5,24.12,39.95,119.85000000000001,5.9925,113.85750000000002,72.36,41.49750000000002
O03566,P0070,3,15,38.6,79.86,239.57999999999998,35.937,203.64299999999997,115.80000000000001,87.84299999999996
O03567,P0012,5,20,27.1,81.21,406.04999999999995,81.21,324.84,135.5,189.33999999999997
O03568,P0079,5,20,67.96,149.41,747.05,149.41,597.64,339.79999999999995,257.84000000000003
O03569,P0017,4,10,25.77,46.56,186.24,18.624000000000002,167.616,103.08,64.53600000000002
O03570,P0001,1,0,55.42,102.17,102.17,0.0,102.17,55.42,46.75
O03571,P0014,1,0,33.12,84.8,84.8,0.0,84.8,33.12,51.68
O03572,P0002,1,0,43.57,100.83,100.83,0.0,100.83,43.57,57.26
O03573,P0004,3,25,61.58,123.11,369.33,92.3325,276.9975,184.74,92.2575
O03574,P0066,1,10,65.6,131.08,131.08,13.108000000000002,117.97200000000001,65.6,52.372000000000014
O03575,P0090,5,20,41.64,111.21,556.05,111.21,444.84,208.2,236.64
O03576,P0046,4,10,47.09,88.72,354.88,35.488,319.392,188.36,131.03199999999998
O03577,P0050,2,10,45.43,130.75,261.5,26.15,235.35,90.86,144.49
O03578,P0060,4,0,16.15,46.29,185.16,0.0,185.16,64.6,120.56
O03579,P0052,1,0,32.44,49.78,49.78,0.0,49.78,32.44,17.340000000000003
O03580,P0097,1,5,34.88,81.48,81.48,4.074000000000001,77.406,34.88,42.526
O03581,P0048,5,10,63.74,152.3,761.5,76.15,685.35,318.7,366.65000000000003
O03582,P0039,4,0,43.36,79.83,319.32,0.0,319.32,173.44,145.88
O03583,P0070,5,15,38.6,79.86,399.3,59.895,339.40500000000003,193.0,146.40500000000003
O03584,P0060,5,5,16.15,46.29,231.45,11.5725,219.8775,80.75,139.1275
O03585,P0030,2,15,50.32,133.74,267.48,40.122,227.358,100.64,126.718
O03586,P0086,5,0,73.55,174.05,870.25,0.0,870.25,367.75,502.5
O03587,P0027,5,10,58.79,135.79,678.9499999999999,67.895,611.055,293.95,317.10499999999996
O03588,P0083,2,5,23.05,35.71,71.42,3.571,67.849,46.1,21.749000000000002
O03589,P0074,3,15,36.55,87.92,263.76,39.56399999999999,224.196,109.64999999999999,114.546
O03590,P0055,3,5,41.8,86.18,258.54,12.927,245.61300000000003,125.39999999999999,120.21300000000004
O03591,P0070,2,10,38.6,79.86,159.72,15.972000000000001,143.748,77.2,66.54799999999999
O03592,P0026,5,20,11.28,25.42,127.10000000000001,25.42,101.68,56.4,45.28000000000001
O03593,P0042,1,0,77.76,188.37,188.37,0.0,188.37,77.76,110.61
O03594,P0067,4,0,17.47,34.37,137.48,0.0,137.48,69.88,67.6
O03595,P0067,1,15,17.47,34.37,34.37,5.1555,29.214499999999997,17.47,11.744499999999999
O03596,P0052,1,10,32.44,49.78,49.78,4.978,44.802,32.44,12.362000000000002
O03597,P0006,5,5,51.06,129.72,648.6,32.43,616.1700000000001,255.3,360.87000000000006
O03598,P0010,4,10,72.98,190.64,762.56,76.256,686.304,291.92,394.38399999999996
O03599,P0038,4,0,47.45,95.55,382.2,0.0,382.2,189.8,192.39999999999998
O03600,P0077,3,0,13.37,37.37,112.10999999999999,0.0,112.10999999999999,40.11,71.99999999999999
O03601,P0012,2,5,27.1,81.21,162.42,8.120999999999999,154.29899999999998,54.2,100.09899999999998
O03602,P0046,5,15,47.09,88.72,443.6,66.54,377.06,235.45000000000002,141.60999999999999
O03603,P0049,4,10,16.11,26.63,106.52,10.652000000000001,95.868,64.44,31.427999999999997
O03604,P0091,5,10,59.96,114.91,574.55,57.455,517.0949999999999,299.8,217.2949999999999
O03605,P0072,3,20,79.37,143.53,430.59000000000003,86.11800000000001,344.47200000000004,238.11,106.36200000000002
O03606,P0063,1,5,18.17,31.77,31.77,1.5885,30.1815,18.17,12.011499999999998
O03607,P0069,4,15,62.22,150.06,600.24,90.036,510.204,248.88,261.324
O03608,P0100,3,20,14.66,26.05,78.15,15.63,62.52,43.980000000000004,18.54
O03609,P0043,5,0,59.77,171.41,857.05,0.0,857.05,298.85,558.1999999999999
O03610,P0094,3,5,47.78,108.59,325.77,16.2885,309.4815,143.34,166.14149999999998
O03611,P0060,3,25,16.15,46.29,138.87,34.7175,104.1525,48.449999999999996,55.70250000000001
O03612,P0029,3,25,72.76,153.77,461.31000000000006,115.32750000000001,345.9825000000001,218.28000000000003,127.70250000000004
O03613,P0086,3,0,73.55,174.05,522.1500000000001,0.0,522.1500000000001,220.64999999999998,301.5000000000001
O03614,P0078,3,0,64.71,186.65,559.95,0.0,559.95,194.13,365.82000000000005
O03615,P0074,3,5,36.55,87.92,263.76,13.187999999999999,250.572,109.64999999999999,140.92200000000003
O03616,P0011,2,5,52.53,123.96,247.92,12.395999999999999,235.524,105.06,130.464
O03617,P0035,5,5,60.6,145.35,726.75,36.3375,690.4125,303.0,387.4125
O03618,P0023,1,10,13.9,28.75,28.75,2.875,25.875,13.9,11.975
O03619,P0072,5,20,79.37,143.53,717.65,143.53,574.12,396.85,177.26999999999998
O03620,P0021,4,5,16.15,26.72,106.88,5.343999999999999,101.536,64.6,36.93600000000001
O03621,P0037,4,15,60.29,177.17,708.68,106.30199999999999,602.3779999999999,241.16,361.21799999999996
O03622,P0028,5,0,79.81,177.94,889.7,0.0,889.7,399.05,490.65000000000003
O03623,P0095,3,0,40.71,120.64,361.92,0.0,361.92,122.13,239.79000000000002
O03624,P0058,2,10,24.12,39.95,79.9,7.99,71.91000000000001,48.24,23.67000000000001
O03625,P0053,1,0,51.57,127.74,127.74,0.0,127.74,51.57,76.16999999999999
O03626,P0028,3,5,79.81,177.94,533.8199999999999,26.690999999999995,507.12899999999996,239.43,267.69899999999996
O03627,P0042,5,20,77.76,188.37,941.85,188.37,753.48,388.8,364.68
O03628,P0091,5,0,59.96,114.91,574.55,0.0,574.55,299.8,274.74999999999994
O03629,P0085,2,15,54.36,101.78,203.56,30.534000000000002,173.026,108.72,64.30600000000001
O03630,P0073,2,5,24.35,65.3,130.6,6.53,124.07,48.7,75.36999999999999
O03631,P0093,5,0,53.69,97.66,488.29999999999995,0.0,488.29999999999995,268.45,219.84999999999997
O03632,P0061,3,10,19.72,33.21,99.63,9.963,89.667,59.16,30.507000000000005
O03633,P0079,3,15,67.96,149.41,448.23,67.23450000000001,380.9955,203.88,177.1155
O03634,P0033,3,5,78.25,183.75,551.25,27.5625,523.6875,234.75,288.9375
O03635,P0055,1,10,41.8,86.18,86.18,8.618,77.56200000000001,41.8,35.762000000000015
O03636,P0037,1,20,60.29,177.17,177.17,35.434,141.736,60.29,81.446
O03637,P0047,3,15,59.51,154.08,462.24,69.336,392.904,178.53,214.374
O03638,P0036,5,0,67.46,184.85,924.25,0.0,924.25,337.29999999999995,586.95
O03639,P0028,2,15,79.81,177.94,355.88,53.382,302.498,159.62,142.878
O03640,P0010,4,10,72.98,190.64,762.56,76.256,686.304,291.92,394.38399999999996
O03641,P0023,2,15,13.9,28.75,57.5,8.625,48.875,27.8,21.075
O03642,P0092,2,10,72.98,133.56,267.12,26.712,240.40800000000002,145.96,94.44800000000001
O03643,P0098,4,0,37.4,104.38,417.52,0.0,417.52,149.6,267.91999999999996
O03644,P0005,3,10,49.04,127.3,381.9,38.19,343.71,147.12,196.58999999999997
O03645,P0082,2,10,67.76,161.31,322.62,32.262,290.358,135.52,154.838
O03646,P0006,4,10,51.06,129.72,518.88,51.888000000000005,466.99199999999996,204.24,262.75199999999995
O03647,P0042,5,20,77.76,188.37,941.85,188.37,753.48,388.8,364.68
O03648,P0047,5,20,59.51,154.08,770.4000000000001,154.08,616.32,297.55,318.77000000000004
O03649,P0087,5,10,32.13,56.17,280.85,28.085,252.76500000000001,160.65,92.11500000000001
O03650,P0028,3,10,79.81,177.94,533.8199999999999,53.38199999999999,480.43799999999993,239.43,241.00799999999992
O03651,P0013,2,10,44.88,117.97,235.94,23.594,212.346,89.76,122.586
O03652,P0025,2,10,13.61,32.74,65.48,6.548000000000001,58.932,27.22,31.712000000000003
O03653,P0007,1,25,49.51,86.65,86.65,21.6625,64.98750000000001,49.51,15.477500000000013
O03654,P0066,5,10,65.6,131.08,655.4000000000001,65.54,589.8600000000001,328.0,261.8600000000001
O03655,P0080,3,5,62.54,138.92,416.76,20.838,395.92199999999997,187.62,208.30199999999996
O03656,P0058,4,10,24.12,39.95,159.8,15.98,143.82000000000002,96.48,47.34000000000002
O03657,P0066,3,10,65.6,131.08,393.24,39.324,353.916,196.79999999999998,157.116
O03658,P0036,2,10,67.46,184.85,369.7,36.97,332.73,134.92,197.81000000000003
O03659,P0002,5,10,43.57,100.83,504.15,50.415,453.73499999999996,217.85,235.88499999999996
O03660,P0038,1,0,47.45,95.55,95.55,0.0,95.55,47.45,48.099999999999994
O03661,P0074,3,0,36.55,87.92,263.76,0.0,263.76,109.64999999999999,154.11
O03662,P0014,1,5,33.12,84.8,84.8,4.24,80.56,33.12,47.440000000000005
O03663,P0027,2,5,58.79,135.79,271.58,13.578999999999999,258.001,117.58,140.421
O03664,P0015,4,0,75.36,201.05,804.2,0.0,804.2,301.44,502.76000000000005
O03665,P0085,3,15,54.36,101.78,305.34000000000003,45.801,259.53900000000004,163.07999999999998,96.45900000000006
O03666,P0012,2,5,27.1,81.21,162.42,8.120999999999999,154.29899999999998,54.2,100.09899999999998
O03667,P0043,5,20,59.77,171.41,857.05,171.41,685.64,298.85,386.78999999999996
O03668,P0097,3,0,34.88,81.48,244.44,0.0,244.44,104.64000000000001,139.79999999999998
O03669,P0057,1,0,48.42,78.25,78.25,0.0,78.25,48.42,29.83
O03670,P0086,3,10,73.55,174.05,522.1500000000001,52.21500000000001,469.93500000000006,220.64999999999998,249.28500000000008
O03671,P0048,2,0,63.74,152.3,304.6,0.0,304.6,127.48,177.12
O03672,P0061,2,20,19.72,33.21,66.42,13.284,53.136,39.44,13.696000000000005
O03673,P0082,1,0,67.76,161.31,161.31,0.0,161.31,67.76,93.55
O03674,P0044,2,5,23.97,40.96,81.92,4.096,77.824,47.94,29.884
O03675,P0052,3,20,32.44,49.78,149.34,29.868000000000002,119.47200000000001,97.32,22.152000000000015
O03676,P0062,1,5,10.19,18.89,18.89,0.9445,17.9455,10.19,7.7555
O03677,P0002,2,0,43.57,100.83,201.66,0.0,201.66,87.14,114.52
O03678,P0093,2,5,53.69,97.66,195.32,9.765999999999998,185.554,107.38,78.174
O03679,P0071,3,10,75.31,197.04,591.12,59.111999999999995,532.008,225.93,306.07800000000003
O03680,P0031,2,0,74.22,112.69,225.38,0.0,225.38,148.44,76.94
O03681,P0082,3,10,67.76,161.31,483.93,48.393,435.53700000000003,203.28000000000003,232.257
O03682,P0073,5,15,24.35,65.3,326.5,48.975,277.525,121.75,155.77499999999998
O03683,P0072,3,20,79.37,143.53,430.59000000000003,86.11800000000001,344.47200000000004,238.11,106.36200000000002
O03684,P0033,4,0,78.25,183.75,735.0,0.0,735.0,313.0,422.0
O03685,P0005,2,0,49.04,127.3,254.6,0.0,254.6,98.08,156.51999999999998
O03686,P0078,5,5,64.71,186.65,933.25,46.6625,886.5875,323.54999999999995,563.0375
O03687,P0058,1,10,24.12,39.95,39.95,3.995,35.955000000000005,24.12,11.835000000000004
O03688,P0077,4,5,13.37,37.37,149.48,7.474,142.006,53.48,88.52600000000001
O03689,P0011,1,15,52.53,123.96,123.96,18.593999999999998,105.366,52.53,52.836
O03690,P0084,4,15,26.5,76.03,304.12,45.618,258.502,106.0,152.502
O03691,P0023,5,0,13.9,28.75,143.75,0.0,143.75,69.5,74.25
O03692,P0045,5,10,61.54,101.61,508.05,50.805,457.245,307.7,149.54500000000002
O03693,P0027,5,0,58.79,135.79,678.9499999999999,0.0,678.9499999999999,293.95,384.99999999999994
O03694,P0079,4,5,67.96,149.41,597.64,29.881999999999998,567.758,271.84,295.91800000000006
O03695,P0094,3,0,47.78,108.59,325.77,0.0,325.77,143.34,182.42999999999998
O03696,P0056,1,0,48.4,77.6,77.6,0.0,77.6,48.4,29.199999999999996
O03697,P0059,3,10,57.92,159.9,479.70000000000005,47.97,431.73,173.76,257.97
O03698,P0080,3,10,62.54,138.92,416.76,41.676,375.084,187.62,187.464
O03699,P0040,2,0,68.7,146.7,293.4,0.0,293.4,137.4,155.99999999999997
O03700,P0018,1,25,35.57,91.45,91.45,22.8625,68.5875,35.57,33.017500000000005
O03701,P0051,4,5,75.24,202.03,808.12,40.406,767.714,300.96,466.7540000000001
O03702,P0061,2,0,19.72,33.21,66.42,0.0,66.42,39.44,26.980000000000004
O03703,P0023,2,0,13.9,28.75,57.5,0.0,57.5,27.8,29.7
O03704,P0036,5,10,67.46,184.85,924.25,92.425,831.825,337.29999999999995,494.5250000000001
O03705,P0038,4,25,47.45,95.55,382.2,95.55,286.65,189.8,96.84999999999997
O03706,P0072,3,10,79.37,143.53,430.59000000000003,43.059000000000005,387.531,238.11,149.421
O03707,P0056,3,20,48.4,77.6,232.79999999999998,46.56,186.23999999999998,145.2,41.03999999999999
O03708,P0039,3,5,43.36,79.83,239.49,11.9745,227.5155,130.07999999999998,97.43550000000002
O03709,P0093,5,5,53.69,97.66,488.29999999999995,24.415,463.88499999999993,268.45,195.43499999999995
O03710,P0076,3,10,60.51,128.39,385.16999999999996,38.516999999999996,346.65299999999996,181.53,165.12299999999996
O03711,P0082,1,10,67.76,161.31,161.31,16.131,145.179,67.76,77.419
O03712,P0083,3,5,23.05,35.71,107.13,5.3565,101.7735,69.15,32.62349999999999
O03713,P0100,3,20,14.66,26.05,78.15,15.63,62.52,43.980000000000004,18.54
O03714,P0097,1,0,34.88,81.48,81.48,0.0,81.48,34.88,46.6
O03715,P0069,5,5,62.22,150.06,750.3,37.515,712.785,311.1,401.68499999999995
O03716,P0028,2,10,79.81,177.94,355.88,35.588,320.292,159.62,160.67199999999997
O03717,P0090,4,10,41.64,111.21,444.84,44.483999999999995,400.356,166.56,233.796
O03718,P0021,5,5,16.15,26.72,133.6,6.68,126.91999999999999,80.75,46.16999999999999
O03719,P0062,3,5,10.19,18.89,56.67,2.8335000000000004,53.8365,30.57,23.2665
O03720,P0023,2,10,13.9,28.75,57.5,5.75,51.75,27.8,23.95
O03721,P0021,4,10,16.15,26.72,106.88,10.687999999999999,96.192,64.6,31.592
O03722,P0075,4,15,74.85,125.1,500.4,75.06,425.34,299.4,125.94
O03723,P0016,4,15,10.53,18.06,72.24,10.835999999999999,61.403999999999996,42.12,19.284
O03724,P0062,1,5,10.19,18.89,18.89,0.9445,17.9455,10.19,7.7555
O03725,P0097,1,25,34.88,81.48,81.48,20.37,61.11,34.88,26.229999999999997
O03726,P0091,2,15,59.96,114.91,229.82,34.473,195.34699999999998,119.92,75.42699999999998
O03727,P0065,3,5,52.43,144.51,433.53,21.676499999999997,411.8535,157.29,254.5635
O03728,P0080,2,0,62.54,138.92,277.84,0.0,277.84,125.08,152.76
O03729,P0005,3,5,49.04,127.3,381.9,19.095,362.80499999999995,147.12,215.68499999999995
O03730,P0046,5,10,47.09,88.72,443.6,44.36,399.24,235.45000000000002,163.79
O03731,P0064,4,20,43.12,76.73,306.92,61.38400000000001,245.536,172.48,73.05600000000001
O03732,P0082,4,15,67.76,161.31,645.24,96.786,548.454,271.04,277.41399999999993
O03733,P0041,1,20,24.36,47.06,47.06,9.412,37.648,24.36,13.288000000000004
O03734,P0098,5,5,37.4,104.38,521.9,26.095,495.80499999999995,187.0,308.80499999999995
O03735,P0044,5,10,23.97,40.96,204.8,20.48,184.32000000000002,119.85,64.47000000000003
O03736,P0089,3,5,57.81,113.72,341.15999999999997,17.057999999999996,324.102,173.43,150.67199999999997
O03737,P0098,5,0,37.4,104.38,521.9,0.0,521.9,187.0,334.9
O03738,P0015,1,10,75.36,201.05,201.05,20.105,180.94500000000002,75.36,105.58500000000002
O03739,P0068,3,0,69.55,128.05,384.15000000000003,0.0,384.15000000000003,208.64999999999998,175.50000000000006
O03740,P0051,2,10,75.24,202.03,404.06,40.406,363.654,150.48,213.174
O03741,P0054,3,10,35.85,95.25,285.75,28.575,257.175,107.55000000000001,149.625
O03742,P0068,2,15,69.55,128.05,256.1,38.415000000000006,217.685,139.1,78.58500000000001
O03743,P0089,3,0,57.81,113.72,341.15999999999997,0.0,341.15999999999997,173.43,167.72999999999996
O03744,P0077,4,15,13.37,37.37,149.48,22.421999999999997,127.05799999999999,53.48,73.578
O03745,P0042,2,25,77.76,188.37,376.74,94.185,282.555,155.52,127.035
O03746,P0046,1,20,47.09,88.72,88.72,17.744,70.976,47.09,23.885999999999996
O03747,P0025,2,15,13.61,32.74,65.48,9.822000000000001,55.658,27.22,28.438000000000002
O03748,P0067,2,10,17.47,34.37,68.74,6.874,61.86599999999999,34.94,26.925999999999995
O03749,P0035,3,5,60.6,145.35,436.04999999999995,21.8025,414.24749999999995,181.8,232.44749999999993
O03750,P0073,4,15,24.35,65.3,261.2,39.18,222.01999999999998,97.4,124.61999999999998
O03751,P0078,3,15,64.71,186.65,559.95,83.9925,475.95750000000004,194.13,281.82750000000004
O03752,P0022,3,10,66.41,153.06,459.18,45.918,413.262,199.23,214.032
O03753,P0009,4,15,33.62,75.41,301.64,45.245999999999995,256.394,134.48,121.91400000000002
O03754,P0024,3,5,68.96,150.71,452.13,22.6065,429.5235,206.88,222.64350000000002
O03755,P0023,4,0,13.9,28.75,115.0,0.0,115.0,55.6,59.4
O03756,P0061,1,10,19.72,33.21,33.21,3.321,29.889,19.72,10.169
O03757,P0037,4,5,60.29,177.17,708.68,35.434,673.246,241.16,432.086
O03758,P0045,5,5,61.54,101.61,508.05,25.4025,482.64750000000004,307.7,174.94750000000005
O03759,P0015,4,0,75.36,201.05,804.2,0.0,804.2,301.44,502.76000000000005
O03760,P0057,4,5,48.42,78.25,313.0,15.65,297.35,193.68,103.67000000000002
O03761,P0100,5,15,14.66,26.05,130.25,19.5375,110.7125,73.3,37.41250000000001
O03762,P0014,4,10,33.12,84.8,339.2,33.92,305.28,132.48,172.79999999999998
O03763,P0052,2,0,32.44,49.78,99.56,0.0,99.56,64.88,34.68000000000001
O03764,P0084,3,10,26.5,76.03,228.09,22.809,205.281,79.5,125.781
O03765,P0036,3,5,67.46,184.85,554.55,27.7275,526.8225,202.38,324.4425
O03766,P0027,1,10,58.79,135.79,135.79,13.578999999999999,122.211,58.79,63.421
O03767,P0017,1,5,25.77,46.56,46.56,2.3280000000000003,44.232,25.77,18.462
O03768,P0090,5,20,41.64,111.21,556.05,111.21,444.84,208.2,236.64
O03769,P0041,2,0,24.36,47.06,94.12,0.0,94.12,48.72,45.400000000000006
O03770,P0004,1,10,61.58,123.11,123.11,12.311,110.799,61.58,49.21900000000001
O03771,P0003,3,20,50.89,109.28,327.84000000000003,65.56800000000001,262.27200000000005,152.67000000000002,109.60200000000003
O03772,P0019,1,25,44.15,98.94,98.94,24.735,74.205,44.15,30.055
O03773,P0041,1,0,24.36,47.06,47.06,0.0,47.06,24.36,22.700000000000003
O03774,P0040,4,10,68.7,146.7,586.8,58.68,528.12,274.8,253.32
O03775,P0058,1,0,24.12,39.95,39.95,0.0,39.95,24.12,15.830000000000002
O03776,P0039,5,10,43.36,79.83,399.15,39.915,359.23499999999996,216.8,142.43499999999995
O03777,P0007,3,0,49.51,86.65,259.95000000000005,0.0,259.95000000000005,148.53,111.42000000000004
O03778,P0036,5,15,67.46,184.85,924.25,138.6375,785.6125,337.29999999999995,448.3125
O03779,P0083,5,0,23.05,35.71,178.55,0.0,178.55,115.25,63.30000000000001
O03780,P0076,2,10,60.51,128.39,256.78,25.677999999999997,231.10199999999998,121.02,110.08199999999998
O03781,P0020,4,10,69.56,183.08,732.32,73.23200000000001,659.0880000000001,278.24,380.84800000000007
O03782,P0076,5,25,60.51,128.39,641.9499999999999,160.48749999999998,481.4625,302.55,178.91249999999997
O03783,P0029,2,10,72.76,153.77,307.54,30.754,276.786,145.52,131.266
O03784,P0094,3,5,47.78,108.59,325.77,16.2885,309.4815,143.34,166.14149999999998
O03785,P0084,3,0,26.5,76.03,228.09,0.0,228.09,79.5,148.59
O03786,P0068,2,0,69.55,128.05,256.1,0.0,256.1,139.1,117.00000000000003
O03787,P0066,5,15,65.6,131.08,655.4000000000001,98.31000000000002,557.09,328.0,229.09000000000003
O03788,P0047,5,10,59.51,154.08,770.4000000000001,77.04,693.3600000000001,297.55,395.8100000000001
O03789,P0094,4,10,47.78,108.59,434.36,43.43600000000001,390.924,191.12,199.80399999999997
O03790,P0023,4,0,13.9,28.75,115.0,0.0,115.0,55.6,59.4
O03791,P0006,3,15,51.06,129.72,389.15999999999997,58.373999999999995,330.78599999999994,153.18,177.60599999999994
O03792,P0018,4,10,35.57,91.45,365.8,36.58,329.22,142.28,186.94000000000003
O03793,P0053,2,25,51.57,127.74,255.48,63.87,191.60999999999999,103.14,88.46999999999998
O03794,P0022,3,10,66.41,153.06,459.18,45.918,413.262,199.23,214.032
O03795,P0068,5,5,69.55,128.05,640.25,32.0125,608.2375,347.75,260.48749999999995
O03796,P0075,3,5,74.85,125.1,375.29999999999995,18.764999999999997,356.53499999999997,224.54999999999998,131.98499999999999
O03797,P0035,1,0,60.6,145.35,145.35,0.0,145.35,60.6,84.75
O03798,P0075,3,15,74.85,125.1,375.29999999999995,56.29499999999999,319.005,224.54999999999998,94.45500000000001
O03799,P0098,4,15,37.4,104.38,417.52,62.62799999999999,354.892,149.6,205.292
O03800,P0009,2,0,33.62,75.41,150.82,0.0,150.82,67.24,83.58
O03801,P0031,5,0,74.22,112.69,563.45,0.0,563.45,371.1,192.35000000000002
O03802,P0096,5,0,50.42,110.34,551.7,0.0,551.7,252.10000000000002,299.6
O03803,P0043,4,20,59.77,171.41,685.64,137.128,548.512,239.08,309.4319999999999
O03804,P0099,4,0,47.23,108.75,435.0,0.0,435.0,188.92,246.08
O03805,P0075,4,5,74.85,125.1,500.4,25.02,475.38,299.4,175.98000000000002
O03806,P0017,1,5,25.77,46.56,46.56,2.3280000000000003,44.232,25.77,18.462
O03807,P0051,2,5,75.24,202.03,404.06,20.203,383.857,150.48,233.37700000000004
O03808,P0100,1,15,14.66,26.05,26.05,3.9075,22.142500000000002,14.66,7.482500000000002
O03809,P0066,4,20,65.6,131.08,524.32,104.86400000000002,419.456,262.4,157.05600000000004
O03810,P0024,2,0,68.96,150.71,301.42,0.0,301.42,137.92,163.50000000000003
O03811,P0015,4,10,75.36,201.05,804.2,80.42,723.7800000000001,301.44,422.3400000000001
O03812,P0028,2,5,79.81,177.94,355.88,17.794,338.086,159.62,178.466
O03813,P0003,5,25,50.89,109.28,546.4,136.6,409.79999999999995,254.45,155.34999999999997
O03814,P0029,1,5,72.76,153.77,153.77,7.6885,146.0815,72.76,73.3215
O03815,P0052,4,0,32.44,49.78,199.12,0.0,199.12,129.76,69.36000000000001
O03816,P0054,4,10,35.85,95.25,381.0,38.1,342.9,143.4,199.49999999999997
O03817,P0058,3,0,24.12,39.95,119.85000000000001,0.0,119.85000000000001,72.36,47.49000000000001
O03818,P0045,5,0,61.54,101.61,508.05,0.0,508.05,307.7,200.35000000000002
O03819,P0077,4,10,13.37,37.37,149.48,14.948,134.53199999999998,53.48,81.05199999999999
O03820,P0050,1,15,45.43,130.75,130.75,19.6125,111.1375,45.43,65.70750000000001
O03821,P0022,5,10,66.41,153.06,765.3,76.53,688.77,332.04999999999995,356.72
O03822,P0052,4,10,32.44,49.78,199.12,19.912,179.208,129.76,49.44800000000001
O03823,P0053,1,10,51.57,127.74,127.74,12.774,114.966,51.57,63.395999999999994
O03824,P0031,3,10,74.22,112.69,338.07,33.806999999999995,304.263,222.66,81.60299999999998
O03825,P0071,3,10,75.31,197.04,591.12,59.111999999999995,532.008,225.93,306.07800000000003
O03826,P0048,1,10,63.74,152.3,152.3,15.23,137.07000000000002,63.74,73.33000000000001
O03827,P0090,5,0,41.64,111.21,556.05,0.0,556.05,208.2,347.84999999999997
O03828,P0031,1,5,74.22,112.69,112.69,5.6345,107.0555,74.22,32.835499999999996
O03829,P0004,1,5,61.58,123.11,123.11,6.1555,116.9545,61.58,55.3745
O03830,P0035,3,5,60.6,145.35,436.04999999999995,21.8025,414.24749999999995,181.8,232.44749999999993
O03831,P0097,3,15,34.88,81.48,244.44,36.666,207.774,104.64000000000001,103.13399999999999
O03832,P0067,3,5,17.47,34.37,103.10999999999999,5.1555,97.95449999999998,52.41,45.544499999999985
O03833,P0064,4,0,43.12,76.73,306.92,0.0,306.92,172.48,134.44000000000003
O03834,P0083,4,5,23.05,35.71,142.84,7.142,135.698,92.2,43.498000000000005
O03835,P0009,2,0,33.62,75.41,150.82,0.0,150.82,67.24,83.58
O03836,P0046,4,15,47.09,88.72,354.88,53.232,301.648,188.36,113.28800000000001
O03837,P0083,5,10,23.05,35.71,178.55,17.855,160.69500000000002,115.25,45.44500000000002
O03838,P0056,5,15,48.4,77.6,388.0,58.2,329.8,242.0,87.80000000000001
O03839,P0056,3,5,48.4,77.6,232.79999999999998,11.64,221.15999999999997,145.2,75.95999999999998
O03840,P0083,1,20,23.05,35.71,35.71,7.142,28.568,23.05,5.518000000000001
O03841,P0026,3,25,11.28,25.42,76.26,19.065,57.19500000000001,33.839999999999996,23.35500000000001
O03842,P0060,1,10,16.15,46.29,46.29,4.629,41.661,16.15,25.511000000000003
O03843,P0077,3,20,13.37,37.37,112.10999999999999,22.421999999999997,89.68799999999999,40.11,49.57799999999999
O03844,P0086,3,10,73.55,174.05,522.1500000000001,52.21500000000001,469.93500000000006,220.64999999999998,249.28500000000008
O03845,P0072,5,20,79.37,143.53,717.65,143.53,574.12,396.85,177.26999999999998
O03846,P0088,1,15,51.18,79.37,79.37,11.905500000000002,67.4645,51.18,16.2845
O03847,P0090,2,25,41.64,111.21,222.42,55.605,166.815,83.28,83.535
O03848,P0048,2,10,63.74,152.3,304.6,30.46,274.14000000000004,127.48,146.66000000000003
O03849,P0058,3,15,24.12,39.95,119.85000000000001,17.977500000000003,101.8725,72.36,29.512500000000003
O03850,P0063,3,10,18.17,31.77,95.31,9.531,85.779,54.510000000000005,31.26899999999999
O03851,P0058,5,5,24.12,39.95,199.75,9.9875,189.7625,120.60000000000001,69.16249999999998
O03852,P0003,1,5,50.89,109.28,109.28,5.4639999999999995,103.816,50.89,52.926
O03853,P0007,3,20,49.51,86.65,259.95000000000005,51.99000000000001,207.96000000000004,148.53,59.430000000000035
O03854,P0052,2,0,32.44,49.78,99.56,0.0,99.56,64.88,34.68000000000001
O03855,P0062,1,10,10.19,18.89,18.89,1.889,17.001,10.19,6.811000000000002
O03856,P0002,3,5,43.57,100.83,302.49,15.124500000000001,287.3655,130.71,156.6555
O03857,P0033,1,5,78.25,183.75,183.75,9.1875,174.5625,78.25,96.3125
O03858,P0012,5,20,27.1,81.21,406.04999999999995,81.21,324.84,135.5,189.33999999999997
O03859,P0048,2,20,63.74,152.3,304.6,60.92,243.68,127.48,116.2
O03860,P0076,1,10,60.51,128.39,128.39,12.838999999999999,115.55099999999999,60.51,55.04099999999999
O03861,P0053,2,5,51.57,127.74,255.48,12.774,242.706,103.14,139.56599999999997
O03862,P0074,3,10,36.55,87.92,263.76,26.375999999999998,237.384,109.64999999999999,127.734
O03863,P0041,4,5,24.36,47.06,188.24,9.412,178.828,97.44,81.388
O03864,P0091,1,5,59.96,114.91,114.91,5.7455,109.1645,59.96,49.2045
O03865,P0082,2,0,67.76,161.31,322.62,0.0,322.62,135.52,187.1
O03866,P0058,1,10,24.12,39.95,39.95,3.995,35.955000000000005,24.12,11.835000000000004
O03867,P0068,3,5,69.55,128.05,384.15000000000003,19.207500000000003,364.94250000000005,208.64999999999998,156.29250000000008
O03868,P0023,3,10,13.9,28.75,86.25,8.625,77.625,41.7,35.925
O03869,P0085,2,5,54.36,101.78,203.56,10.177999999999999,193.382,108.72,84.662
O03870,P0036,5,5,67.46,184.85,924.25,46.2125,878.0375,337.29999999999995,540.7375000000001
O03871,P0094,1,0,47.78,108.59,108.59,0.0,108.59,47.78,60.81
O03872,P0085,1,25,54.36,101.78,101.78,25.445,76.33500000000001,54.36,21.97500000000001
O03873,P0087,3,10,32.13,56.17,168.51,16.851,151.659,96.39000000000001,55.26899999999998
O03874,P0021,1,0,16.15,26.72,26.72,0.0,26.72,16.15,10.57
O03875,P0072,2,10,79.37,143.53,287.06,28.706,258.354,158.74,99.61399999999998
O03876,P0055,4,20,41.8,86.18,344.72,68.944,275.776,167.2,108.57600000000002
O03877,P0056,3,15,48.4,77.6,232.79999999999998,34.919999999999995,197.88,145.2,52.68000000000001
O03878,P0013,4,15,44.88,117.97,471.88,70.782,401.098,179.52,221.578
O03879,P0022,1,0,66.41,153.06,153.06,0.0,153.06,66.41,86.65
O03880,P0007,5,10,49.51,86.65,433.25,43.325,389.925,247.54999999999998,142.37500000000003
O03881,P0024,2,15,68.96,150.71,301.42,45.213,256.207,137.92,118.287
O03882,P0061,1,10,19.72,33.21,33.21,3.321,29.889,19.72,10.169
O03883,P0005,2,20,49.04,127.3,254.6,50.92,203.68,98.08,105.60000000000001
O03884,P0050,1,5,45.43,130.75,130.75,6.5375,124.2125,45.43,78.7825
O03885,P0062,1,0,10.19,18.89,18.89,0.0,18.89,10.19,8.700000000000001
O03886,P0055,1,20,41.8,86.18,86.18,17.236,68.944,41.8,27.144000000000005
O03887,P0026,3,10,11.28,25.42,76.26,7.626,68.634,33.839999999999996,34.794000000000004
O03888,P0010,4,0,72.98,190.64,762.56,0.0,762.56,291.92,470.63999999999993
O03889,P0011,5,5,52.53,123.96,619.8,30.99,588.81,262.65,326.15999999999997
O03890,P0040,4,20,68.7,146.7,586.8,117.36,469.43999999999994,274.8,194.63999999999993
O03891,P0011,4,0,52.53,123.96,495.84,0.0,495.84,210.12,285.71999999999997
O03892,P0094,2,0,47.78,108.59,217.18,0.0,217.18,95.56,121.62
O03893,P0004,3,5,61.58,123.11,369.33,18.4665,350.8635,184.74,166.12349999999998
O03894,P0002,3,20,43.57,100.83,302.49,60.498000000000005,241.99200000000002,130.71,111.28200000000001
O03895,P0077,1,20,13.37,37.37,37.37,7.474,29.895999999999997,13.37,16.525999999999996
O03896,P0039,4,10,43.36,79.83,319.32,31.932,287.388,173.44,113.94799999999998
O03897,P0081,5,10,65.97,189.84,949.2,94.92,854.2800000000001,329.85,524.4300000000001
O03898,P0023,2,5,13.9,28.75,57.5,2.875,54.625,27.8,26.825
O03899,P0045,3,0,61.54,101.61,304.83,0.0,304.83,184.62,120.20999999999998
O03900,P0074,1,15,36.55,87.92,87.92,13.187999999999999,74.732,36.55,38.182
O03901,P0077,5,0,13.37,37.37,186.85,0.0,186.85,66.85,120.0
O03902,P0042,4,10,77.76,188.37,753.48,75.348,678.1320000000001,311.04,367.09200000000004
O03903,P0042,5,10,77.76,188.37,941.85,94.185,847.665,388.8,458.86499999999995
O03904,P0029,3,0,72.76,153.77,461.31000000000006,0.0,461.31000000000006,218.28000000000003,243.03000000000003
O03905,P0016,2,10,10.53,18.06,36.12,3.612,32.507999999999996,21.06,11.447999999999997
O03906,P0067,4,10,17.47,34.37,137.48,13.748,123.73199999999999,69.88,53.85199999999999
O03907,P0100,2,15,14.66,26.05,52.1,7.815,44.285000000000004,29.32,14.965000000000003
O03908,P0060,5,0,16.15,46.29,231.45,0.0,231.45,80.75,150.7
O03909,P0004,5,5,61.58,123.11,615.55,30.7775,584.7724999999999,307.9,276.87249999999995
O03910,P0100,1,10,14.66,26.05,26.05,2.605,23.445,14.66,8.785
O03911,P0016,4,25,10.53,18.06,72.24,18.06,54.17999999999999,42.12,12.059999999999995
O03912,P0041,5,0,24.36,47.06,235.3,0.0,235.3,121.8,113.50000000000001
O03913,P0006,3,25,51.06,129.72,389.15999999999997,97.29,291.86999999999995,153.18,138.68999999999994
O03914,P0042,3,15,77.76,188.37,565.11,84.7665,480.3435,233.28000000000003,247.06349999999998
O03915,P0057,2,15,48.42,78.25,156.5,23.475,133.025,96.84,36.185
O03916,P0028,3,0,79.81,177.94,533.8199999999999,0.0,533.8199999999999,239.43,294.38999999999993
O03917,P0100,5,5,14.66,26.05,130.25,6.5125,123.7375,73.3,50.4375
O03918,P0023,3,0,13.9,28.75,86.25,0.0,86.25,41.7,44.55
O03919,P0076,4,5,60.51,128.39,513.56,25.677999999999997,487.88199999999995,242.04,245.84199999999996
O03920,P0042,2,25,77.76,188.37,376.74,94.185,282.555,155.52,127.035
O03921,P0095,4,0,40.71,120.64,482.56,0.0,482.56,162.84,319.72
O03922,P0012,5,10,27.1,81.21,406.04999999999995,40.605,365.44499999999994,135.5,229.94499999999994
O03923,P0096,5,0,50.42,110.34,551.7,0.0,551.7,252.10000000000002,299.6
O03924,P0089,3,15,57.81,113.72,341.15999999999997,51.174,289.986,173.43,116.55599999999998
O03925,P0064,1,0,43.12,76.73,76.73,0.0,76.73,43.12,33.61000000000001
O03926,P0058,1,0,24.12,39.95,39.95,0.0,39.95,24.12,15.830000000000002
O03927,P0051,5,5,75.24,202.03,1010.15,50.5075,959.6424999999999,376.2,583.4424999999999
O03928,P0029,5,15,72.76,153.77,768.85,115.3275,653.5225,363.8,289.7225
O03929,P0019,2,0,44.15,98.94,197.88,0.0,197.88,88.3,109.58
O03930,P0086,5,0,73.55,174.05,870.25,0.0,870.25,367.75,502.5
O03931,P0088,5,0,51.18,79.37,396.85,0.0,396.85,255.9,140.95000000000002
O03932,P0097,2,25,34.88,81.48,162.96,40.74,122.22,69.76,52.459999999999994
O03933,P0100,4,10,14.66,26.05,104.2,10.42,93.78,58.64,35.14
O03934,P0045,4,15,61.54,101.61,406.44,60.966,345.474,246.16,99.314
O03935,P0054,2,10,35.85,95.25,190.5,19.05,171.45,71.7,99.74999999999999
O03936,P0080,2,0,62.54,138.92,277.84,0.0,277.84,125.08,152.76
O03937,P0066,4,10,65.6,131.08,524.32,52.43200000000001,471.88800000000003,262.4,209.48800000000006
O03938,P0072,4,0,79.37,143.53,574.12,0.0,574.12,317.48,256.64
O03939,P0013,4,5,44.88,117.97,471.88,23.594,448.286,179.52,268.76599999999996
O03940,P0094,4,10,47.78,108.59,434.36,43.43600000000001,390.924,191.12,199.80399999999997
O03941,P0065,3,10,52.43,144.51,433.53,43.352999999999994,390.17699999999996,157.29,232.88699999999997
O03942,P0012,2,0,27.1,81.21,162.42,0.0,162.42,54.2,108.21999999999998
O03943,P0071,1,0,75.31,197.04,197.04,0.0,197.04,75.31,121.72999999999999
O03944,P0014,3,15,33.12,84.8,254.39999999999998,38.16,216.23999999999998,99.35999999999999,116.88
O03945,P0042,1,15,77.76,188.37,188.37,28.2555,160.1145,77.76,82.35449999999999
O03946,P0099,1,0,47.23,108.75,108.75,0.0,108.75,47.23,61.52
O03947,P0092,5,0,72.98,133.56,667.8,0.0,667.8,364.90000000000003,302.8999999999999
O03948,P0076,2,20,60.51,128.39,256.78,51.355999999999995,205.42399999999998,121.02,84.40399999999998
O03949,P0048,3,15,63.74,152.3,456.90000000000003,68.53500000000001,388.365,191.22,197.145
O03950,P0024,2,25,68.96,150.71,301.42,75.355,226.065,137.92,88.14500000000001
O03951,P0065,4,5,52.43,144.51,578.04,28.901999999999997,549.1379999999999,209.72,339.4179999999999
O03952,P0017,2,10,25.77,46.56,93.12,9.312000000000001,83.808,51.54,32.26800000000001
O03953,P0038,1,0,47.45,95.55,95.55,0.0,95.55,47.45,48.099999999999994
O03954,P0028,4,10,79.81,177.94,711.76,71.176,640.584,319.24,321.34399999999994
O03955,P0033,2,0,78.25,183.75,367.5,0.0,367.5,156.5,211.0
O03956,P0024,2,0,68.96,150.71,301.42,0.0,301.42,137.92,163.50000000000003
O03957,P0070,1,0,38.6,79.86,79.86,0.0,79.86,38.6,41.26
O03958,P0085,4,10,54.36,101.78,407.12,40.711999999999996,366.408,217.44,148.96800000000002
O03959,P0004,1,10,61.58,123.11,123.11,12.311,110.799,61.58,49.21900000000001
O03960,P0033,2,10,78.25,183.75,367.5,36.75,330.75,156.5,174.25
O03961,P0010,3,20,72.98,190.64,571.92,114.384,457.53599999999994,218.94,238.59599999999995
O03962,P0036,3,15,67.46,184.85,554.55,83.1825,471.36749999999995,202.38,268.98749999999995
O03963,P0077,5,10,13.37,37.37,186.85,18.685,168.165,66.85,101.315
O03964,P0100,3,25,14.66,26.05,78.15,19.5375,58.612500000000004,43.980000000000004,14.6325
O03965,P0073,4,10,24.35,65.3,261.2,26.12,235.07999999999998,97.4,137.67999999999998
O03966,P0031,5,0,74.22,112.69,563.45,0.0,563.45,371.1,192.35000000000002
O03967,P0004,4,25,61.58,123.11,492.44,123.11,369.33,246.32,123.00999999999999
O03968,P0084,3,0,26.5,76.03,228.09,0.0,228.09,79.5,148.59
O03969,P0008,3,10,36.51,102.88,308.64,30.863999999999997,277.776,109.53,168.246
O03970,P0027,2,5,58.79,135.79,271.58,13.578999999999999,258.001,117.58,140.421
O03971,P0036,4,10,67.46,184.85,739.4,73.94,665.46,269.84,395.62000000000006
O03972,P0009,1,10,33.62,75.41,75.41,7.5409999999999995,67.869,33.62,34.249
O03973,P0043,2,0,59.77,171.41,342.82,0.0,342.82,119.54,223.27999999999997
O03974,P0024,4,10,68.96,150.71,602.84,60.284000000000006,542.556,275.84,266.71600000000007
O03975,P0037,5,15,60.29,177.17,885.8499999999999,132.87749999999997,752.9725,301.45,451.5225
O03976,P0041,4,5,24.36,47.06,188.24,9.412,178.828,97.44,81.388
O03977,P0094,5,5,47.78,108.59,542.95,27.1475,515.8025,238.9,276.90250000000003
O03978,P0026,5,5,11.28,25.42,127.10000000000001,6.355,120.745,56.4,64.345
O03979,P0004,3,15,61.58,123.11,369.33,55.399499999999996,313.9305,184.74,129.1905
O03980,P0001,1,15,55.42,102.17,102.17,15.3255,86.8445,55.42,31.424499999999995
O03981,P0020,4,20,69.56,183.08,732.32,146.46400000000003,585.856,278.24,307.616
O03982,P0092,1,0,72.98,133.56,133.56,0.0,133.56,72.98,60.58
O03983,P0045,5,0,61.54,101.61,508.05,0.0,508.05,307.7,200.35000000000002
O03984,P0088,3,0,51.18,79.37,238.11,0.0,238.11,153.54,84.57000000000002
O03985,P0092,1,0,72.98,133.56,133.56,0.0,133.56,72.98,60.58
O03986,P0092,2,10,72.98,133.56,267.12,26.712,240.40800000000002,145.96,94.44800000000001
O03987,P0069,5,25,62.22,150.06,750.3,187.575,562.7249999999999,311.1,251.6249999999999
O03988,P0096,2,5,50.42,110.34,220.68,11.034,209.64600000000002,100.84,108.80600000000001
O03989,P0052,1,25,32.44,49.78,49.78,12.445,37.335,32.44,4.895000000000003
O03990,P0094,1,0,47.78,108.59,108.59,0.0,108.59,47.78,60.81
O03991,P0064,1,20,43.12,76.73,76.73,15.346000000000002,61.384,43.12,18.264000000000003
O03992,P0021,4,0,16.15,26.72,106.88,0.0,106.88,64.6,42.28
O03993,P0080,5,20,62.54,138.92,694.5999999999999,138.92,555.68,312.7,242.97999999999996
O03994,P0072,5,0,79.37,143.53,717.65,0.0,717.65,396.85,320.79999999999995
O03995,P0076,5,20,60.51,128.39,641.9499999999999,128.39,513.56,302.55,211.00999999999993
O03996,P0096,4,0,50.42,110.34,441.36,0.0,441.36,201.68,239.68
O03997,P0025,1,5,13.61,32.74,32.74,1.6370000000000002,31.103,13.61,17.493000000000002
O03998,P0067,1,10,17.47,34.37,34.37,3.437,30.932999999999996,17.47,13.462999999999997
O03999,P0026,2,5,11.28,25.42,50.84,2.5420000000000003,48.298,22.56,25.738000000000003
O04000,P0100,4,10,14.66,26.05,104.2,10.42,93.78,58.64,35.14
O04001,P0081,3,25,65.97,189.84,569.52,142.38,427.14,197.91,229.23
O04002,P0027,4,10,58.79,135.79,543.16,54.315999999999995,488.844,235.16,253.684
O04003,P0052,2,15,32.44,49.78,99.56,14.934000000000001,84.626,64.88,19.74600000000001
O04004,P0063,2,0,18.17,31.77,63.54,0.0,63.54,36.34,27.199999999999996
O04005,P0086,2,10,73.55,174.05,348.1,34.81,313.29,147.1,166.19000000000003
O04006,P0045,1,10,61.54,101.61,101.61,10.161,91.449,61.54,29.909
O04007,P0058,3,20,24.12,39.95,119.85000000000001,23.97,95.88000000000001,72.36,23.52000000000001
O04008,P0038,2,5,47.45,95.55,191.1,9.555,181.545,94.9,86.64499999999998
O04009,P0035,5,10,60.6,145.35,726.75,72.675,654.075,303.0,351.07500000000005
O04010,P0046,1,0,47.09,88.72,88.72,0.0,88.72,47.09,41.629999999999995
O04011,P0071,3,5,75.31,197.04,591.12,29.555999999999997,561.564,225.93,335.63399999999996
O04012,P0003,5,5,50.89,109.28,546.4,27.32,519.0799999999999,254.45,264.62999999999994
O04013,P0006,3,5,51.06,129.72,389.15999999999997,19.458,369.702,153.18,216.522
O04014,P0013,3,5,44.88,117.97,353.90999999999997,17.695499999999996,336.2145,134.64000000000001,201.57449999999997
O04015,P0046,5,0,47.09,88.72,443.6,0.0,443.6,235.45000000000002,208.15
O04016,P0079,4,15,67.96,149.41,597.64,89.646,507.99399999999997,271.84,236.154
O04017,P0090,3,0,41.64,111.21,333.63,0.0,333.63,124.92,208.70999999999998
O04018,P0033,4,20,78.25,183.75,735.0,147.0,588.0,313.0,275.0
O04019,P0079,3,0,67.96,149.41,448.23,0.0,448.23,203.88,244.35000000000002
O04020,P0062,5,0,10.19,18.89,94.45,0.0,94.45,50.949999999999996,43.50000000000001
O04021,P0063,3,10,18.17,31.77,95.31,9.531,85.779,54.510000000000005,31.26899999999999
O04022,P0056,2,10,48.4,77.6,155.2,15.52,139.67999999999998,96.8,42.87999999999998
O04023,P0039,2,10,43.36,79.83,159.66,15.966,143.694,86.72,56.97399999999999
O04024,P0060,3,10,16.15,46.29,138.87,13.887,124.983,48.449999999999996,76.53300000000002
O04025,P0078,5,5,64.71,186.65,933.25,46.6625,886.5875,323.54999999999995,563.0375
O04026,P0083,5,10,23.05,35.71,178.55,17.855,160.69500000000002,115.25,45.44500000000002
O04027,P0092,1,10,72.98,133.56,133.56,13.356,120.20400000000001,72.98,47.224000000000004
O04028,P0024,5,5,68.96,150.71,753.5500000000001,37.6775,715.8725000000001,344.79999999999995,371.0725000000001
O04029,P0050,4,15,45.43,130.75,523.0,78.45,444.55,181.72,262.83000000000004
O04030,P0033,3,15,78.25,183.75,551.25,82.6875,468.5625,234.75,233.8125
O04031,P0076,2,5,60.51,128.39,256.78,12.838999999999999,243.94099999999997,121.02,122.92099999999998
O04032,P0074,5,15,36.55,87.92,439.6,65.94,373.66,182.75,190.91000000000003
O04033,P0007,2,20,49.51,86.65,173.3,34.66,138.64000000000001,99.02,39.62000000000002
O04034,P0046,1,10,47.09,88.72,88.72,8.872,79.848,47.09,32.757999999999996
O04035,P0062,3,0,10.19,18.89,56.67,0.0,56.67,30.57,26.1
O04036,P0001,5,20,55.42,102.17,510.85,102.17,408.68,277.1,131.57999999999998
O04037,P0079,2,0,67.96,149.41,298.82,0.0,298.82,135.92,162.9
O04038,P0065,5,0,52.43,144.51,722.55,0.0,722.55,262.15,460.4
O04039,P0045,1,5,61.54,101.61,101.61,5.0805,96.5295,61.54,34.9895
O04040,P0084,2,15,26.5,76.03,152.06,22.809,129.251,53.0,76.251
O04041,P0055,2,20,41.8,86.18,172.36,34.472,137.888,83.6,54.28800000000001
O04042,P0066,3,10,65.6,131.08,393.24,39.324,353.916,196.79999999999998,157.116
O04043,P0067,3,25,17.47,34.37,103.10999999999999,25.777499999999996,77.33249999999998,52.41,24.922499999999985
O04044,P0100,2,0,14.66,26.05,52.1,0.0,52.1,29.32,22.78
O04045,P0080,3,0,62.54,138.92,416.76,0.0,416.76,187.62,229.14
O04046,P0054,2,10,35.85,95.25,190.5,19.05,171.45,71.7,99.74999999999999
O04047,P0093,4,25,53.69,97.66,390.64,97.66,292.98,214.76,78.22000000000003
O04048,P0100,5,10,14.66,26.05,130.25,13.025,117.225,73.3,43.925
O04049,P0063,4,0,18.17,31.77,127.08,0.0,127.08,72.68,54.39999999999999
O04050,P0054,4,0,35.85,95.25,381.0,0.0,381.0,143.4,237.6
O04051,P0052,5,0,32.44,49.78,248.9,0.0,248.9,162.2,86.70000000000002
O04052,P0054,2,5,35.85,95.25,190.5,9.525,180.975,71.7,109.27499999999999
O04053,P0067,2,0,17.47,34.37,68.74,0.0,68.74,34.94,33.8
O04054,P0037,3,20,60.29,177.17,531.51,106.302,425.20799999999997,180.87,244.33799999999997
O04055,P0012,1,10,27.1,81.21,81.21,8.120999999999999,73.089,27.1,45.989
O04056,P0059,2,10,57.92,159.9,319.8,31.98,287.82,115.84,171.98
O04057,P0020,5,0,69.56,183.08,915.4000000000001,0.0,915.4000000000001,347.8,567.6000000000001
O04058,P0087,1,0,32.13,56.17,56.17,0.0,56.17,32.13,24.04
O04059,P0086,5,10,73.55,174.05,870.25,87.025,783.225,367.75,415.475
O04060,P0032,5,20,10.37,24.86,124.3,24.86,99.44,51.849999999999994,47.59
O04061,P0071,5,10,75.31,197.04,985.1999999999999,98.52,886.68,376.55,510.12999999999994
O04062,P0086,1,20,73.55,174.05,174.05,34.81,139.24,73.55,65.69000000000001
O04063,P0044,4,15,23.97,40.96,163.84,24.576,139.264,95.88,43.384000000000015
O04064,P0066,5,0,65.6,131.08,655.4000000000001,0.0,655.4000000000001,328.0,327.4000000000001
O04065,P0078,3,0,64.71,186.65,559.95,0.0,559.95,194.13,365.82000000000005
O04066,P0055,2,10,41.8,86.18,172.36,17.236,155.12400000000002,83.6,71.52400000000003
O04067,P0016,2,5,10.53,18.06,36.12,1.806,34.314,21.06,13.254000000000001
O04068,P0088,2,5,51.18,79.37,158.74,7.937,150.803,102.36,48.443
O04069,P0071,1,5,75.31,197.04,197.04,9.851999999999999,187.188,75.31,111.87799999999999
O04070,P0068,3,5,69.55,128.05,384.15000000000003,19.207500000000003,364.94250000000005,208.64999999999998,156.29250000000008
O04071,P0052,3,20,32.44,49.78,149.34,29.868000000000002,119.47200000000001,97.32,22.152000000000015
O04072,P0037,3,0,60.29,177.17,531.51,0.0,531.51,180.87,350.64
O04073,P0046,3,5,47.09,88.72,266.15999999999997,13.307999999999998,252.85199999999998,141.27,111.58199999999997
O04074,P0041,3,10,24.36,47.06,141.18,14.118000000000002,127.06200000000001,73.08,53.98200000000001
O04075,P0005,4,10,49.04,127.3,509.2,50.92,458.28,196.16,262.12
O04076,P0066,3,10,65.6,131.08,393.24,39.324,353.916,196.79999999999998,157.116
O04077,P0005,3,20,49.04,127.3,381.9,76.38,305.52,147.12,158.39999999999998
O04078,P0063,1,15,18.17,31.77,31.77,4.7655,27.0045,18.17,8.834499999999998
O04079,P0003,1,10,50.89,109.28,109.28,10.927999999999999,98.352,50.89,47.462
O04080,P0008,3,0,36.51,102.88,308.64,0.0,308.64,109.53,199.10999999999999
O04081,P0026,4,10,11.28,25.42,101.68,10.168000000000001,91.512,45.12,46.392
O04082,P0074,3,10,36.55,87.92,263.76,26.375999999999998,237.384,109.64999999999999,127.734
O04083,P0098,3,15,37.4,104.38,313.14,46.971,266.169,112.19999999999999,153.969
O04084,P0100,3,25,14.66,26.05,78.15,19.5375,58.612500000000004,43.980000000000004,14.6325
O04085,P0053,5,10,51.57,127.74,638.6999999999999,63.86999999999999,574.8299999999999,257.85,316.9799999999999
O04086,P0076,4,10,60.51,128.39,513.56,51.355999999999995,462.20399999999995,242.04,220.16399999999996
O04087,P0084,2,0,26.5,76.03,152.06,0.0,152.06,53.0,99.06
O04088,P0029,3,0,72.76,153.77,461.31000000000006,0.0,461.31000000000006,218.28000000000003,243.03000000000003
O04089,P0014,2,0,33.12,84.8,169.6,0.0,169.6,66.24,103.36
O04090,P0005,4,0,49.04,127.3,509.2,0.0,509.2,196.16,313.03999999999996
O04091,P0027,3,5,58.79,135.79,407.37,20.368499999999997,387.0015,176.37,210.63150000000002
O04092,P0068,2,5,69.55,128.05,256.1,12.805,243.29500000000002,139.1,104.19500000000002
O04093,P0029,2,10,72.76,153.77,307.54,30.754,276.786,145.52,131.266
O04094,P0003,4,10,50.89,109.28,437.12,43.711999999999996,393.408,203.56,189.848
O04095,P0097,3,10,34.88,81.48,244.44,24.444000000000003,219.99599999999998,104.64000000000001,115.35599999999997
O04096,P0030,5,10,50.32,133.74,668.7,66.87,601.83,251.6,350.23
O04097,P0100,4,5,14.66,26.05,104.2,5.21,98.99000000000001,58.64,40.35000000000001
O04098,P0009,5,25,33.62,75.41,377.04999999999995,94.26249999999999,282.78749999999997,168.1,114.68749999999997
O04099,P0001,3,0,55.42,102.17,306.51,0.0,306.51,166.26,140.25
O04100,P0023,2,20,13.9,28.75,57.5,11.5,46.0,27.8,18.2
O04101,P0067,4,5,17.47,34.37,137.48,6.874,130.606,69.88,60.726
O04102,P0032,4,10,10.37,24.86,99.44,9.943999999999999,89.496,41.48,48.016
O04103,P0088,4,0,51.18,79.37,317.48,0.0,317.48,204.72,112.76000000000002
O04104,P0006,1,0,51.06,129.72,129.72,0.0,129.72,51.06,78.66
O04105,P0077,3,5,13.37,37.37,112.10999999999999,5.605499999999999,106.50449999999998,40.11,66.39449999999998
O04106,P0049,1,15,16.11,26.63,26.63,3.9945,22.6355,16.11,6.525500000000001
O04107,P0015,4,5,75.36,201.05,804.2,40.21,763.99,301.44,462.55
O04108,P0058,4,10,24.12,39.95,159.8,15.98,143.82000000000002,96.48,47.34000000000002
O04109,P0053,5,5,51.57,127.74,638.6999999999999,31.934999999999995,606.765,257.85,348.91499999999996
O04110,P0030,1,5,50.32,133.74,133.74,6.687,127.05300000000001,50.32,76.733
O04111,P0076,2,20,60.51,128.39,256.78,51.355999999999995,205.42399999999998,121.02,84.40399999999998
O04112,P0040,3,20,68.7,146.7,440.09999999999997,88.02,352.08,206.10000000000002,145.97999999999996
O04113,P0059,2,10,57.92,159.9,319.8,31.98,287.82,115.84,171.98
O04114,P0063,2,0,18.17,31.77,63.54,0.0,63.54,36.34,27.199999999999996
O04115,P0048,3,0,63.74,152.3,456.90000000000003,0.0,456.90000000000003,191.22,265.68000000000006
O04116,P0099,4,25,47.23,108.75,435.0,108.75,326.25,188.92,137.33
O04117,P0092,5,0,72.98,133.56,667.8,0.0,667.8,364.90000000000003,302.8999999999999
O04118,P0068,4,15,69.55,128.05,512.2,76.83000000000001,435.37,278.2,157.17000000000002
O04119,P0007,4,5,49.51,86.65,346.6,17.33,329.27000000000004,198.04,131.23000000000005
O04120,P0047,1,25,59.51,154.08,154.08,38.52,115.56,59.51,56.050000000000004
O04121,P0043,2,5,59.77,171.41,342.82,17.141,325.679,119.54,206.13899999999995
O04122,P0016,2,5,10.53,18.06,36.12,1.806,34.314,21.06,13.254000000000001
O04123,P0022,2,10,66.41,153.06,306.12,30.612,275.508,132.82,142.688
O04124,P0063,5,25,18.17,31.77,158.85,39.7125,119.13749999999999,90.85000000000001,28.28749999999998
O04125,P0046,5,25,47.09,88.72,443.6,110.9,332.70000000000005,235.45000000000002,97.25000000000003
O04126,P0045,5,15,61.54,101.61,508.05,76.2075,431.84250000000003,307.7,124.14250000000004
O04127,P0041,3,15,24.36,47.06,141.18,21.177000000000003,120.003,73.08,46.923
O04128,P0025,5,10,13.61,32.74,163.70000000000002,16.37,147.33,68.05,79.28000000000002
O04129,P0050,1,15,45.43,130.75,130.75,19.6125,111.1375,45.43,65.70750000000001
O04130,P0067,1,20,17.47,34.37,34.37,6.874,27.496,17.47,10.026
O04131,P0052,4,10,32.44,49.78,199.12,19.912,179.208,129.76,49.44800000000001
O04132,P0086,4,10,73.55,174.05,696.2,69.62,626.58,294.2,332.38000000000005
O04133,P0031,4,10,74.22,112.69,450.76,45.076,405.68399999999997,296.88,108.80399999999997
O04134,P0037,4,10,60.29,177.17,708.68,70.868,637.8119999999999,241.16,396.65199999999993
O04135,P0022,1,20,66.41,153.06,153.06,30.612,122.44800000000001,66.41,56.03800000000001
O04136,P0027,4,5,58.79,135.79,543.16,27.157999999999998,516.002,235.16,280.842
O04137,P0002,1,0,43.57,100.83,100.83,0.0,100.83,43.57,57.26
O04138,P0022,5,10,66.41,153.06,765.3,76.53,688.77,332.04999999999995,356.72
O04139,P0053,5,0,51.57,127.74,638.6999999999999,0.0,638.6999999999999,257.85,380.8499999999999
O04140,P0017,3,10,25.77,46.56,139.68,13.968000000000002,125.712,77.31,48.402
O04141,P0056,4,20,48.4,77.6,310.4,62.08,248.32,193.6,54.72
O04142,P0084,5,10,26.5,76.03,380.15,38.015,342.135,132.5,209.635
O04143,P0088,5,20,51.18,79.37,396.85,79.37,317.48,255.9,61.58000000000001
O04144,P0031,2,0,74.22,112.69,225.38,0.0,225.38,148.44,76.94
O04145,P0043,2,20,59.77,171.41,342.82,68.564,274.256,119.54,154.71599999999995
O04146,P0072,1,10,79.37,143.53,143.53,14.353,129.177,79.37,49.80699999999999
O04147,P0053,3,0,51.57,127.74,383.21999999999997,0.0,383.21999999999997,154.71,228.50999999999996
O04148,P0005,2,10,49.04,127.3,254.6,25.46,229.14,98.08,131.06
O04149,P0002,3,25,43.57,100.83,302.49,75.6225,226.8675,130.71,96.1575
O04150,P0059,5,0,57.92,159.9,799.5,0.0,799.5,289.6,509.9
O04151,P0004,1,10,61.58,123.11,123.11,12.311,110.799,61.58,49.21900000000001
O04152,P0099,3,20,47.23,108.75,326.25,65.25,261.0,141.69,119.31
O04153,P0034,2,0,44.35,114.17,228.34,0.0,228.34,88.7,139.64
O04154,P0067,5,10,17.47,34.37,171.85,17.185,154.665,87.35,67.315
O04155,P0084,4,10,26.5,76.03,304.12,30.412,273.708,106.0,167.70800000000003
O04156,P0073,5,5,24.35,65.3,326.5,16.325,310.175,121.75,188.425
O04157,P0006,2,10,51.06,129.72,259.44,25.944000000000003,233.49599999999998,102.12,131.37599999999998
O04158,P0058,2,0,24.12,39.95,79.9,0.0,79.9,48.24,31.660000000000004
O04159,P0047,4,15,59.51,154.08,616.32,92.44800000000001,523.8720000000001,238.04,285.8320000000001
O04160,P0005,5,0,49.04,127.3,636.5,0.0,636.5,245.2,391.3
O04161,P0061,3,5,19.72,33.21,99.63,4.9815,94.6485,59.16,35.4885
O04162,P0056,3,10,48.4,77.6,232.79999999999998,23.28,209.51999999999998,145.2,64.32
O04163,P0035,5,5,60.6,145.35,726.75,36.3375,690.4125,303.0,387.4125
O04164,P0095,3,5,40.71,120.64,361.92,18.096,343.824,122.13,221.69400000000002
O04165,P0013,5,15,44.88,117.97,589.85,88.4775,501.3725,224.4,276.97249999999997
O04166,P0026,5,20,11.28,25.42,127.10000000000001,25.42,101.68,56.4,45.28000000000001
O04167,P0086,2,20,73.55,174.05,348.1,69.62,278.48,147.1,131.38000000000002
O04168,P0096,1,10,50.42,110.34,110.34,11.034,99.306,50.42,48.885999999999996
O04169,P0064,2,20,43.12,76.73,153.46,30.692000000000004,122.768,86.24,36.528000000000006
O04170,P0079,3,20,67.96,149.41,448.23,89.646,358.584,203.88,154.704
O04171,P0011,1,5,52.53,123.96,123.96,6.1979999999999995,117.762,52.53,65.232
O04172,P0062,5,5,10.19,18.89,94.45,4.7225,89.7275,50.949999999999996,38.77750000000001
O04173,P0080,3,0,62.54,138.92,416.76,0.0,416.76,187.62,229.14
O04174,P0047,4,10,59.51,154.08,616.32,61.632000000000005,554.6880000000001,238.04,316.64800000000014
O04175,P0070,3,20,38.6,79.86,239.57999999999998,47.916,191.664,115.80000000000001,75.86399999999998
O04176,P0075,1,10,74.85,125.1,125.1,12.51,112.58999999999999,74.85,37.739999999999995
O04177,P0058,1,10,24.12,39.95,39.95,3.995,35.955000000000005,24.12,11.835000000000004
O04178,P0010,5,0,72.98,190.64,953.1999999999999,0.0,953.1999999999999,364.90000000000003,588.3
O04179,P0016,4,0,10.53,18.06,72.24,0.0,72.24,42.12,30.119999999999997
O04180,P0012,5,10,27.1,81.21,406.04999999999995,40.605,365.44499999999994,135.5,229.94499999999994
O04181,P0071,4,25,75.31,197.04,788.16,197.04,591.12,301.24,289.88
O04182,P0091,4,5,59.96,114.91,459.64,22.982,436.658,239.84,196.818
O04183,P0088,5,20,51.18,79.37,396.85,79.37,317.48,255.9,61.58000000000001
O04184,P0050,3,0,45.43,130.75,392.25,0.0,392.25,136.29,255.96
O04185,P0015,2,10,75.36,201.05,402.1,40.21,361.89000000000004,150.72,211.17000000000004
O04186,P0059,4,10,57.92,159.9,639.6,63.96,575.64,231.68,343.96
O04187,P0070,1,20,38.6,79.86,79.86,15.972000000000001,63.888,38.6,25.287999999999997
O04188,P0062,5,0,10.19,18.89,94.45,0.0,94.45,50.949999999999996,43.50000000000001
O04189,P0083,3,0,23.05,35.71,107.13,0.0,107.13,69.15,37.97999999999999
O04190,P0072,4,0,79.37,143.53,574.12,0.0,574.12,317.48,256.64
O04191,P0062,3,20,10.19,18.89,56.67,11.334000000000001,45.336,30.57,14.765999999999998
O04192,P0100,5,0,14.66,26.05,130.25,0.0,130.25,73.3,56.95
O04193,P0050,1,0,45.43,130.75,130.75,0.0,130.75,45.43,85.32
O04194,P0077,4,10,13.37,37.37,149.48,14.948,134.53199999999998,53.48,81.05199999999999
O04195,P0054,4,10,35.85,95.25,381.0,38.1,342.9,143.4,199.49999999999997
O04196,P0054,3,15,35.85,95.25,285.75,42.8625,242.8875,107.55000000000001,135.33749999999998
O04197,P0097,5,20,34.88,81.48,407.40000000000003,81.48,325.92,174.4,151.52
O04198,P0096,2,10,50.42,110.34,220.68,22.068,198.612,100.84,97.77199999999999
O04199,P0028,4,20,79.81,177.94,711.76,142.352,569.408,319.24,250.168
O04200,P0051,1,15,75.24,202.03,202.03,30.304499999999997,171.7255,75.24,96.48550000000002
O04201,P0074,4,5,36.55,87.92,351.68,17.584,334.096,146.2,187.89600000000002
O04202,P0033,4,20,78.25,183.75,735.0,147.0,588.0,313.0,275.0
O04203,P0001,2,10,55.42,102.17,204.34,20.434,183.906,110.84,73.066
O04204,P0085,2,5,54.36,101.78,203.56,10.177999999999999,193.382,108.72,84.662
O04205,P0069,5,10,62.22,150.06,750.3,75.03,675.27,311.1,364.16999999999996
O04206,P0001,4,5,55.42,102.17,408.68,20.434,388.246,221.68,166.56599999999997
O04207,P0055,4,0,41.8,86.18,344.72,0.0,344.72,167.2,177.52000000000004
O04208,P0085,3,15,54.36,101.78,305.34000000000003,45.801,259.53900000000004,163.07999999999998,96.45900000000006
O04209,P0089,3,15,57.81,113.72,341.15999999999997,51.174,289.986,173.43,116.55599999999998
O04210,P0084,1,15,26.5,76.03,76.03,11.4045,64.6255,26.5,38.1255
O04211,P0045,1,0,61.54,101.61,101.61,0.0,101.61,61.54,40.07
O04212,P0073,3,25,24.35,65.3,195.89999999999998,48.974999999999994,146.92499999999998,73.05000000000001,73.87499999999997
O04213,P0080,1,0,62.54,138.92,138.92,0.0,138.92,62.54,76.38
O04214,P0092,4,5,72.98,133.56,534.24,26.712,507.528,291.92,215.608
O04215,P0040,2,5,68.7,146.7,293.4,14.67,278.72999999999996,137.4,141.32999999999996
O04216,P0061,4,0,19.72,33.21,132.84,0.0,132.84,78.88,53.96000000000001
O04217,P0036,3,5,67.46,184.85,554.55,27.7275,526.8225,202.38,324.4425
O04218,P0024,5,10,68.96,150.71,753.5500000000001,75.355,678.195,344.79999999999995,333.3950000000001
O04219,P0080,5,20,62.54,138.92,694.5999999999999,138.92,555.68,312.7,242.97999999999996
O04220,P0014,3,25,33.12,84.8,254.39999999999998,63.599999999999994,190.79999999999998,99.35999999999999,91.44
O04221,P0098,4,15,37.4,104.38,417.52,62.62799999999999,354.892,149.6,205.292
O04222,P0088,1,10,51.18,79.37,79.37,7.937,71.433,51.18,20.253000000000007
O04223,P0075,1,15,74.85,125.1,125.1,18.765,106.335,74.85,31.485
O04224,P0100,5,15,14.66,26.05,130.25,19.5375,110.7125,73.3,37.41250000000001
O04225,P0001,3,10,55.42,102.17,306.51,30.651,275.859,166.26,109.59899999999999
O04226,P0047,3,15,59.51,154.08,462.24,69.336,392.904,178.53,214.374
O04227,P0076,2,10,60.51,128.39,256.78,25.677999999999997,231.10199999999998,121.02,110.08199999999998
O04228,P0021,5,5,16.15,26.72,133.6,6.68,126.91999999999999,80.75,46.16999999999999
O04229,P0073,3,10,24.35,65.3,195.89999999999998,19.589999999999996,176.30999999999997,73.05000000000001,103.25999999999996
O04230,P0039,2,10,43.36,79.83,159.66,15.966,143.694,86.72,56.97399999999999
O04231,P0003,1,15,50.89,109.28,109.28,16.392,92.888,50.89,41.998000000000005
O04232,P0016,5,5,10.53,18.06,90.3,4.515,85.785,52.65,33.135
O04233,P0068,5,10,69.55,128.05,640.25,64.025,576.225,347.75,228.47500000000002
O04234,P0026,3,20,11.28,25.42,76.26,15.252,61.008,33.839999999999996,27.168000000000006
O04235,P0054,3,25,35.85,95.25,285.75,71.4375,214.3125,107.55000000000001,106.76249999999999
O04236,P0013,4,0,44.88,117.97,471.88,0.0,471.88,179.52,292.36
O04237,P0061,1,0,19.72,33.21,33.21,0.0,33.21,19.72,13.490000000000002
O04238,P0020,1,10,69.56,183.08,183.08,18.308000000000003,164.77200000000002,69.56,95.21200000000002
O04239,P0083,2,5,23.05,35.71,71.42,3.571,67.849,46.1,21.749000000000002
O04240,P0027,2,0,58.79,135.79,271.58,0.0,271.58,117.58,154.0
O04241,P0002,4,5,43.57,100.83,403.32,20.166,383.154,174.28,208.874
O04242,P0010,1,15,72.98,190.64,190.64,28.596,162.04399999999998,72.98,89.06399999999998
O04243,P0060,2,15,16.15,46.29,92.58,13.887,78.693,32.3,46.393
O04244,P0089,1,10,57.81,113.72,113.72,11.372,102.348,57.81,44.538
O04245,P0019,1,10,44.15,98.94,98.94,9.894,89.04599999999999,44.15,44.895999999999994
O04246,P0015,2,10,75.36,201.05,402.1,40.21,361.89000000000004,150.72,211.17000000000004
O04247,P0047,3,0,59.51,154.08,462.24,0.0,462.24,178.53,283.71000000000004
O04248,P0024,3,10,68.96,150.71,452.13,45.213,406.917,206.88,200.03699999999998
O04249,P0016,2,0,10.53,18.06,36.12,0.0,36.12,21.06,15.059999999999999
O04250,P0081,4,10,65.97,189.84,759.36,75.936,683.424,263.88,419.544
O04251,P0060,5,5,16.15,46.29,231.45,11.5725,219.8775,80.75,139.1275
O04252,P0080,1,10,62.54,138.92,138.92,13.891999999999998,125.02799999999999,62.54,62.48799999999999
O04253,P0082,5,10,67.76,161.31,806.55,80.655,725.895,338.8,387.09499999999997
O04254,P0049,2,5,16.11,26.63,53.26,2.6630000000000003,50.596999999999994,32.22,18.376999999999995
O04255,P0004,1,0,61.58,123.11,123.11,0.0,123.11,61.58,61.53
O04256,P0066,5,5,65.6,131.08,655.4000000000001,32.77,622.6300000000001,328.0,294.6300000000001
O04257,P0049,3,10,16.11,26.63,79.89,7.989,71.901,48.33,23.570999999999998
O04258,P0031,4,0,74.22,112.69,450.76,0.0,450.76,296.88,153.88
O04259,P0066,5,0,65.6,131.08,655.4000000000001,0.0,655.4000000000001,328.0,327.4000000000001
O04260,P0054,4,10,35.85,95.25,381.0,38.1,342.9,143.4,199.49999999999997
O04261,P0002,3,15,43.57,100.83,302.49,45.37350000000001,257.1165,130.71,126.40649999999997
O04262,P0061,5,5,19.72,33.21,166.05,8.3025,157.7475,98.6,59.14750000000001
O04263,P0015,2,10,75.36,201.05,402.1,40.21,361.89000000000004,150.72,211.17000000000004
O04264,P0060,1,20,16.15,46.29,46.29,9.258,37.032,16.15,20.881999999999998
O04265,P0043,3,20,59.77,171.41,514.23,102.846,411.384,179.31,232.074
O04266,P0093,4,5,53.69,97.66,390.64,19.531999999999996,371.108,214.76,156.348
O04267,P0098,4,15,37.4,104.38,417.52,62.62799999999999,354.892,149.6,205.292
O04268,P0040,3,10,68.7,146.7,440.09999999999997,44.01,396.09,206.10000000000002,189.98999999999995
O04269,P0096,2,25,50.42,110.34,220.68,55.17,165.51,100.84,64.66999999999999
O04270,P0085,2,10,54.36,101.78,203.56,20.355999999999998,183.204,108.72,74.48400000000001
O04271,P0030,4,15,50.32,133.74,534.96,80.244,454.716,201.28,253.436
O04272,P0063,3,15,18.17,31.77,95.31,14.296500000000002,81.0135,54.510000000000005,26.50349999999999
O04273,P0024,3,10,68.96,150.71,452.13,45.213,406.917,206.88,200.03699999999998
O04274,P0044,1,15,23.97,40.96,40.96,6.144,34.816,23.97,10.846000000000004
O04275,P0014,4,5,33.12,84.8,339.2,16.96,322.24,132.48,189.76000000000002
O04276,P0028,2,0,79.81,177.94,355.88,0.0,355.88,159.62,196.26
O04277,P0014,5,5,33.12,84.8,424.0,21.2,402.8,165.6,237.20000000000002
O04278,P0056,2,20,48.4,77.6,155.2,31.04,124.16,96.8,27.36
O04279,P0034,2,10,44.35,114.17,228.34,22.834,205.506,88.7,116.806
O04280,P0078,5,10,64.71,186.65,933.25,93.325,839.925,323.54999999999995,516.375
O04281,P0089,4,10,57.81,113.72,454.88,45.488,409.392,231.24,178.152
O04282,P0012,1,0,27.1,81.21,81.21,0.0,81.21,27.1,54.10999999999999
O04283,P0056,2,5,48.4,77.6,155.2,7.76,147.44,96.8,50.64
O04284,P0061,2,15,19.72,33.21,66.42,9.963000000000001,56.457,39.44,17.017000000000003
O04285,P0061,4,25,19.72,33.21,132.84,33.21,99.63,78.88,20.75
O04286,P0040,4,0,68.7,146.7,586.8,0.0,586.8,274.8,311.99999999999994
O04287,P0020,3,5,69.56,183.08,549.24,27.462,521.778,208.68,313.098
O04288,P0042,4,0,77.76,188.37,753.48,0.0,753.48,311.04,442.44
O04289,P0007,4,0,49.51,86.65,346.6,0.0,346.6,198.04,148.56000000000003
O04290,P0079,2,5,67.96,149.41,298.82,14.940999999999999,283.879,135.92,147.95900000000003
O04291,P0073,1,10,24.35,65.3,65.3,6.53,58.769999999999996,24.35,34.419999999999995
O04292,P0068,2,0,69.55,128.05,256.1,0.0,256.1,139.1,117.00000000000003
O04293,P0031,4,0,74.22,112.69,450.76,0.0,450.76,296.88,153.88
O04294,P0087,3,15,32.13,56.17,168.51,25.276499999999995,143.2335,96.39000000000001,46.84349999999998
O04295,P0070,1,25,38.6,79.86,79.86,19.965,59.894999999999996,38.6,21.294999999999995
O04296,P0092,3,5,72.98,133.56,400.68,20.034000000000002,380.646,218.94,161.70600000000002
O04297,P0076,5,10,60.51,128.39,641.9499999999999,64.195,577.7549999999999,302.55,275.20499999999987
O04298,P0047,3,5,59.51,154.08,462.24,23.112,439.128,178.53,260.59799999999996
O04299,P0051,3,20,75.24,202.03,606.09,121.21800000000002,484.872,225.71999999999997,259.15200000000004
O04300,P0058,4,10,24.12,39.95,159.8,15.98,143.82000000000002,96.48,47.34000000000002
O04301,P0022,4,15,66.41,153.06,612.24,91.836,520.404,265.64,254.764
O04302,P0024,4,0,68.96,150.71,602.84,0.0,602.84,275.84,327.00000000000006
O04303,P0034,4,10,44.35,114.17,456.68,45.668,411.012,177.4,233.612
O04304,P0063,4,10,18.17,31.77,127.08,12.708,114.372,72.68,41.69199999999999
O04305,P0060,3,5,16.15,46.29,138.87,6.9435,131.9265,48.449999999999996,83.47650000000002
O04306,P0019,5,5,44.15,98.94,494.7,24.735,469.965,220.75,249.21499999999997
O04307,P0024,4,10,68.96,150.71,602.84,60.284000000000006,542.556,275.84,266.71600000000007
O04308,P0064,5,15,43.12,76.73,383.65000000000003,57.54750000000001,326.1025,215.6,110.50250000000003
O04309,P0020,5,0,69.56,183.08,915.4000000000001,0.0,915.4000000000001,347.8,567.6000000000001
O04310,P0098,2,10,37.4,104.38,208.76,20.875999999999998,187.884,74.8,113.08399999999999
O04311,P0027,2,0,58.79,135.79,271.58,0.0,271.58,117.58,154.0
O04312,P0058,1,0,24.12,39.95,39.95,0.0,39.95,24.12,15.830000000000002
O04313,P0044,2,10,23.97,40.96,81.92,8.192,73.72800000000001,47.94,25.78800000000001
O04314,P0093,4,5,53.69,97.66,390.64,19.531999999999996,371.108,214.76,156.348
O04315,P0065,5,5,52.43,144.51,722.55,36.1275,686.4224999999999,262.15,424.2724999999999
O04316,P0046,1,5,47.09,88.72,88.72,4.436,84.28399999999999,47.09,37.19399999999999
O04317,P0100,2,10,14.66,26.05,52.1,5.21,46.89,29.32,17.57
O04318,P0054,3,10,35.85,95.25,285.75,28.575,257.175,107.55000000000001,149.625
O04319,P0039,1,25,43.36,79.83,79.83,19.9575,59.8725,43.36,16.512500000000003
O04320,P0007,4,5,49.51,86.65,346.6,17.33,329.27000000000004,198.04,131.23000000000005
O04321,P0054,5,15,35.85,95.25,476.25,71.4375,404.8125,179.25,225.5625
O04322,P0043,4,5,59.77,171.41,685.64,34.282,651.358,239.08,412.2779999999999
O04323,P0020,4,10,69.56,183.08,732.32,73.23200000000001,659.0880000000001,278.24,380.84800000000007
O04324,P0084,3,10,26.5,76.03,228.09,22.809,205.281,79.5,125.781
O04325,P0025,3,5,13.61,32.74,98.22,4.9110000000000005,93.309,40.83,52.479
O04326,P0043,5,10,59.77,171.41,857.05,85.705,771.3449999999999,298.85,472.4949999999999
O04327,P0085,2,5,54.36,101.78,203.56,10.177999999999999,193.382,108.72,84.662
O04328,P0073,4,0,24.35,65.3,261.2,0.0,261.2,97.4,163.79999999999998
O04329,P0027,2,0,58.79,135.79,271.58,0.0,271.58,117.58,154.0
O04330,P0092,5,15,72.98,133.56,667.8,100.17,567.63,364.90000000000003,202.72999999999996
O04331,P0025,4,15,13.61,32.74,130.96,19.644000000000002,111.316,54.44,56.876000000000005
O04332,P0036,2,5,67.46,184.85,369.7,18.485,351.215,134.92,216.295
O04333,P0098,4,5,37.4,104.38,417.52,20.875999999999998,396.644,149.6,247.044
O04334,P0066,3,0,65.6,131.08,393.24,0.0,393.24,196.79999999999998,196.44000000000003
O04335,P0009,3,0,33.62,75.41,226.23,0.0,226.23,100.85999999999999,125.37
O04336,P0083,1,15,23.05,35.71,35.71,5.3565,30.3535,23.05,7.3035
O04337,P0079,5,10,67.96,149.41,747.05,74.705,672.3449999999999,339.79999999999995,332.54499999999996
O04338,P0053,2,0,51.57,127.74,255.48,0.0,255.48,103.14,152.33999999999997
O04339,P0021,4,5,16.15,26.72,106.88,5.343999999999999,101.536,64.6,36.93600000000001
O04340,P0050,1,15,45.43,130.75,130.75,19.6125,111.1375,45.43,65.70750000000001
O04341,P0016,5,0,10.53,18.06,90.3,0.0,90.3,52.65,37.65
O04342,P0066,5,5,65.6,131.08,655.4000000000001,32.77,622.6300000000001,328.0,294.6300000000001
O04343,P0026,5,10,11.28,25.42,127.10000000000001,12.71,114.39000000000001,56.4,57.990000000000016
O04344,P0044,2,10,23.97,40.96,81.92,8.192,73.72800000000001,47.94,25.78800000000001
O04345,P0029,3,10,72.76,153.77,461.31000000000006,46.131,415.1790000000001,218.28000000000003,196.89900000000006
O04346,P0097,1,20,34.88,81.48,81.48,16.296000000000003,65.184,34.88,30.303999999999995
O04347,P0098,2,0,37.4,104.38,208.76,0.0,208.76,74.8,133.95999999999998
O04348,P0046,4,15,47.09,88.72,354.88,53.232,301.648,188.36,113.28800000000001
O04349,P0091,2,0,59.96,114.91,229.82,0.0,229.82,119.92,109.89999999999999
O04350,P0071,4,10,75.31,197.04,788.16,78.81599999999999,709.3439999999999,301.24,408.1039999999999
O04351,P0049,4,20,16.11,26.63,106.52,21.304000000000002,85.216,64.44,20.775999999999996
O04352,P0015,5,10,75.36,201.05,1005.25,100.525,904.725,376.8,527.925
O04353,P0017,2,15,25.77,46.56,93.12,13.968000000000002,79.152,51.54,27.612000000000002
O04354,P0009,3,15,33.62,75.41,226.23,33.9345,192.2955,100.85999999999999,91.43550000000002
O04355,P0077,4,0,13.37,37.37,149.48,0.0,149.48,53.48,96.0
O04356,P0032,5,15,10.37,24.86,124.3,18.645,105.655,51.849999999999994,53.80500000000001
O04357,P0066,3,20,65.6,131.08,393.24,78.648,314.592,196.79999999999998,117.792
O04358,P0059,2,10,57.92,159.9,319.8,31.98,287.82,115.84,171.98
O04359,P0032,3,0,10.37,24.86,74.58,0.0,74.58,31.11,43.47
O04360,P0084,2,0,26.5,76.03,152.06,0.0,152.06,53.0,99.06
O04361,P0043,4,5,59.77,171.41,685.64,34.282,651.358,239.08,412.2779999999999
O04362,P0083,1,0,23.05,35.71,35.71,0.0,35.71,23.05,12.66
O04363,P0091,1,10,59.96,114.91,114.91,11.491,103.419,59.96,43.458999999999996
O04364,P0100,4,0,14.66,26.05,104.2,0.0,104.2,58.64,45.56
O04365,P0059,3,0,57.92,159.9,479.70000000000005,0.0,479.70000000000005,173.76,305.94000000000005
O04366,P0030,2,5,50.32,133.74,267.48,13.374,254.10600000000002,100.64,153.466
O04367,P0011,1,10,52.53,123.96,123.96,12.395999999999999,111.564,52.53,59.03399999999999
O04368,P0080,2,10,62.54,138.92,277.84,27.783999999999995,250.05599999999998,125.08,124.97599999999998
O04369,P0026,4,15,11.28,25.42,101.68,15.252,86.42800000000001,45.12,41.308000000000014
O04370,P0094,3,0,47.78,108.59,325.77,0.0,325.77,143.34,182.42999999999998
O04371,P0002,2,0,43.57,100.83,201.66,0.0,201.66,87.14,114.52
O04372,P0034,3,0,44.35,114.17,342.51,0.0,342.51,133.05,209.45999999999998
O04373,P0041,1,5,24.36,47.06,47.06,2.353,44.707,24.36,20.347
O04374,P0086,2,0,73.55,174.05,348.1,0.0,348.1,147.1,201.00000000000003
O04375,P0031,5,15,74.22,112.69,563.45,84.5175,478.93250000000006,371.1,107.83250000000004
O04376,P0063,1,0,18.17,31.77,31.77,0.0,31.77,18.17,13.599999999999998
O04377,P0055,3,20,41.8,86.18,258.54,51.708,206.83200000000002,125.39999999999999,81.43200000000003
O04378,P0061,4,10,19.72,33.21,132.84,13.284,119.556,78.88,40.676
O04379,P0085,5,5,54.36,101.78,508.9,25.445,483.455,271.8,211.65499999999997
O04380,P0036,2,15,67.46,184.85,369.7,55.455,314.245,134.92,179.32500000000002
O04381,P0040,1,15,68.7,146.7,146.7,22.005,124.695,68.7,55.99499999999999
O04382,P0023,2,10,13.9,28.75,57.5,5.75,51.75,27.8,23.95
O04383,P0026,2,20,11.28,25.42,50.84,10.168000000000001,40.672000000000004,22.56,18.112000000000005
O04384,P0018,5,5,35.57,91.45,457.25,22.8625,434.3875,177.85,256.5375
O04385,P0079,5,15,67.96,149.41,747.05,112.0575,634.9925,339.79999999999995,295.1925
O04386,P0034,5,5,44.35,114.17,570.85,28.5425,542.3075,221.75,320.5575
O04387,P0086,5,15,73.55,174.05,870.25,130.5375,739.7125,367.75,371.9625
O04388,P0028,4,5,79.81,177.94,711.76,35.588,676.172,319.24,356.932
O04389,P0049,3,5,16.11,26.63,79.89,3.9945,75.8955,48.33,27.5655
O04390,P0064,5,10,43.12,76.73,383.65000000000003,38.365,345.285,215.6,129.68500000000003
O04391,P0071,1,0,75.31,197.04,197.04,0.0,197.04,75.31,121.72999999999999
O04392,P0063,2,0,18.17,31.77,63.54,0.0,63.54,36.34,27.199999999999996
O04393,P0062,5,5,10.19,18.89,94.45,4.7225,89.7275,50.949999999999996,38.77750000000001
O04394,P0042,1,10,77.76,188.37,188.37,18.837,169.53300000000002,77.76,91.77300000000001
O04395,P0024,4,20,68.96,150.71,602.84,120.56800000000001,482.27200000000005,275.84,206.43200000000007
O04396,P0035,1,10,60.6,145.35,145.35,14.535,130.815,60.6,70.215
O04397,P0077,1,15,13.37,37.37,37.37,5.605499999999999,31.764499999999998,13.37,18.3945
O04398,P0055,4,10,41.8,86.18,344.72,34.472,310.24800000000005,167.2,143.04800000000006
O04399,P0049,4,0,16.11,26.63,106.52,0.0,106.52,64.44,42.08
O04400,P0077,2,0,13.37,37.37,74.74,0.0,74.74,26.74,48.0
O04401,P0095,5,10,40.71,120.64,603.2,60.32,542.88,203.55,339.33
O04402,P0059,1,5,57.92,159.9,159.9,7.995,151.905,57.92,93.985
O04403,P0083,3,0,23.05,35.71,107.13,0.0,107.13,69.15,37.97999999999999
O04404,P0093,3,10,53.69,97.66,292.98,29.298000000000002,263.682,161.07,102.61200000000002
O04405,P0022,2,10,66.41,153.06,306.12,30.612,275.508,132.82,142.688
O04406,P0085,3,5,54.36,101.78,305.34000000000003,15.267000000000003,290.07300000000004,163.07999999999998,126.99300000000005
O04407,P0061,2,15,19.72,33.21,66.42,9.963000000000001,56.457,39.44,17.017000000000003
O04408,P0080,5,15,62.54,138.92,694.5999999999999,104.18999999999998,590.41,312.7,277.71
O04409,P0030,2,15,50.32,133.74,267.48,40.122,227.358,100.64,126.718
O04410,P0069,4,25,62.22,150.06,600.24,150.06,450.18,248.88,201.3
O04411,P0060,4,5,16.15,46.29,185.16,9.258,175.902,64.6,111.30199999999999
O04412,P0006,4,10,51.06,129.72,518.88,51.888000000000005,466.99199999999996,204.24,262.75199999999995
O04413,P0085,4,20,54.36,101.78,407.12,81.42399999999999,325.696,217.44,108.25600000000003
O04414,P0011,4,10,52.53,123.96,495.84,49.583999999999996,446.256,210.12,236.13599999999997
O04415,P0024,4,15,68.96,150.71,602.84,90.426,512.414,275.84,236.574
O04416,P0092,4,5,72.98,133.56,534.24,26.712,507.528,291.92,215.608
O04417,P0079,4,10,67.96,149.41,597.64,59.763999999999996,537.876,271.84,266.036
O04418,P0051,4,0,75.24,202.03,808.12,0.0,808.12,300.96,507.16
O04419,P0019,5,25,44.15,98.94,494.7,123.675,371.025,220.75,150.27499999999998
O04420,P0050,4,15,45.43,130.75,523.0,78.45,444.55,181.72,262.83000000000004
O04421,P0081,2,20,65.97,189.84,379.68,75.936,303.744,131.94,171.80400000000003
O04422,P0003,5,10,50.89,109.28,546.4,54.64,491.76,254.45,237.31
O04423,P0003,3,0,50.89,109.28,327.84000000000003,0.0,327.84000000000003,152.67000000000002,175.17000000000002
O04424,P0092,1,0,72.98,133.56,133.56,0.0,133.56,72.98,60.58
O04425,P0031,5,20,74.22,112.69,563.45,112.69,450.76000000000005,371.1,79.66000000000003
O04426,P0047,4,5,59.51,154.08,616.32,30.816000000000003,585.504,238.04,347.46400000000006
O04427,P0008,5,5,36.51,102.88,514.4,25.72,488.67999999999995,182.54999999999998,306.13
O04428,P0017,1,10,25.77,46.56,46.56,4.656000000000001,41.904,25.77,16.134000000000004
O04429,P0099,1,5,47.23,108.75,108.75,5.4375,103.3125,47.23,56.0825
O04430,P0100,4,10,14.66,26.05,104.2,10.42,93.78,58.64,35.14
O04431,P0091,4,10,59.96,114.91,459.64,45.964,413.676,239.84,173.83599999999998
O04432,P0045,2,10,61.54,101.61,203.22,20.322,182.898,123.08,59.818
O04433,P0097,1,20,34.88,81.48,81.48,16.296000000000003,65.184,34.88,30.303999999999995
O04434,P0060,4,0,16.15,46.29,185.16,0.0,185.16,64.6,120.56
O04435,P0075,1,5,74.85,125.1,125.1,6.255,118.845,74.85,43.995000000000005
O04436,P0021,2,5,16.15,26.72,53.44,2.6719999999999997,50.768,32.3,18.468000000000004
O04437,P0070,3,25,38.6,79.86,239.57999999999998,59.895,179.68499999999997,115.80000000000001,63.88499999999996
O04438,P0021,1,5,16.15,26.72,26.72,1.3359999999999999,25.384,16.15,9.234000000000002
O04439,P0058,2,5,24.12,39.95,79.9,3.995,75.905,48.24,27.665
O04440,P0055,2,10,41.8,86.18,172.36,17.236,155.12400000000002,83.6,71.52400000000003
O04441,P0028,2,5,79.81,177.94,355.88,17.794,338.086,159.62,178.466
O04442,P0081,5,25,65.97,189.84,949.2,237.3,711.9000000000001,329.85,382.05000000000007
O04443,P0082,4,20,67.76,161.31,645.24,129.048,516.192,271.04,245.152
O04444,P0075,1,10,74.85,125.1,125.1,12.51,112.58999999999999,74.85,37.739999999999995
O04445,P0046,5,10,47.09,88.72,443.6,44.36,399.24,235.45000000000002,163.79
O04446,P0044,1,0,23.97,40.96,40.96,0.0,40.96,23.97,16.990000000000002
O04447,P0089,5,10,57.81,113.72,568.6,56.86,511.74,289.05,222.69
O04448,P0094,4,15,47.78,108.59,434.36,65.15400000000001,369.206,191.12,178.086
O04449,P0025,2,5,13.61,32.74,65.48,3.2740000000000005,62.206,27.22,34.986000000000004
O04450,P0071,1,0,75.31,197.04,197.04,0.0,197.04,75.31,121.72999999999999
O04451,P0049,2,20,16.11,26.63,53.26,10.652000000000001,42.608,32.22,10.387999999999998
O04452,P0046,4,5,47.09,88.72,354.88,17.744,337.13599999999997,188.36,148.77599999999995
O04453,P0091,1,10,59.96,114.91,114.91,11.491,103.419,59.96,43.458999999999996
O04454,P0090,3,0,41.64,111.21,333.63,0.0,333.63,124.92,208.70999999999998
O04455,P0063,3,5,18.17,31.77,95.31,4.7655,90.5445,54.510000000000005,36.034499999999994
O04456,P0077,3,15,13.37,37.37,112.10999999999999,16.816499999999998,95.2935,40.11,55.183499999999995
O04457,P0088,4,5,51.18,79.37,317.48,15.874,301.606,204.72,96.886
O04458,P0012,3,10,27.1,81.21,243.63,24.363000000000003,219.267,81.30000000000001,137.96699999999998
O04459,P0078,1,0,64.71,186.65,186.65,0.0,186.65,64.71,121.94000000000001
O04460,P0057,3,5,48.42,78.25,234.75,11.7375,223.0125,145.26,77.7525
O04461,P0073,1,20,24.35,65.3,65.3,13.06,52.239999999999995,24.35,27.889999999999993
O04462,P0064,4,10,43.12,76.73,306.92,30.692000000000004,276.228,172.48,103.74800000000002
O04463,P0031,2,20,74.22,112.69,225.38,45.076,180.304,148.44,31.864000000000004
O04464,P0004,5,20,61.58,123.11,615.55,123.11,492.43999999999994,307.9,184.53999999999996
O04465,P0054,3,20,35.85,95.25,285.75,57.15,228.6,107.55000000000001,121.04999999999998
O04466,P0083,5,20,23.05,35.71,178.55,35.71,142.84,115.25,27.590000000000003
O04467,P0065,2,0,52.43,144.51,289.02,0.0,289.02,104.86,184.15999999999997
O04468,P0093,4,20,53.69,97.66,390.64,78.12799999999999,312.512,214.76,97.75200000000001
O04469,P0006,4,0,51.06,129.72,518.88,0.0,518.88,204.24,314.64
O04470,P0065,2,0,52.43,144.51,289.02,0.0,289.02,104.86,184.15999999999997
O04471,P0089,5,0,57.81,113.72,568.6,0.0,568.6,289.05,279.55
O04472,P0091,3,5,59.96,114.91,344.73,17.2365,327.49350000000004,179.88,147.61350000000004
O04473,P0022,1,10,66.41,153.06,153.06,15.306,137.754,66.41,71.344
O04474,P0017,4,5,25.77,46.56,186.24,9.312000000000001,176.928,103.08,73.848
O04475,P0059,2,0,57.92,159.9,319.8,0.0,319.8,115.84,203.96
O04476,P0029,5,10,72.76,153.77,768.85,76.885,691.965,363.8,328.165
O04477,P0067,3,5,17.47,34.37,103.10999999999999,5.1555,97.95449999999998,52.41,45.544499999999985
O04478,P0017,5,15,25.77,46.56,232.8,34.92,197.88,128.85,69.03
O04479,P0002,3,5,43.57,100.83,302.49,15.124500000000001,287.3655,130.71,156.6555
O04480,P0032,1,0,10.37,24.86,24.86,0.0,24.86,10.37,14.49
O04481,P0022,1,5,66.41,153.06,153.06,7.653,145.407,66.41,78.99700000000001
O04482,P0097,2,5,34.88,81.48,162.96,8.148000000000001,154.812,69.76,85.052
O04483,P0058,2,10,24.12,39.95,79.9,7.99,71.91000000000001,48.24,23.67000000000001
O04484,P0053,3,10,51.57,127.74,383.21999999999997,38.321999999999996,344.89799999999997,154.71,190.18799999999996
O04485,P0086,3,5,73.55,174.05,522.1500000000001,26.107500000000005,496.0425000000001,220.64999999999998,275.3925000000001
O04486,P0047,3,5,59.51,154.08,462.24,23.112,439.128,178.53,260.59799999999996
O04487,P0004,3,5,61.58,123.11,369.33,18.4665,350.8635,184.74,166.12349999999998
O04488,P0038,1,25,47.45,95.55,95.55,23.8875,71.6625,47.45,24.21249999999999
O04489,P0013,2,0,44.88,117.97,235.94,0.0,235.94,89.76,146.18
O04490,P0061,2,15,19.72,33.21,66.42,9.963000000000001,56.457,39.44,17.017000000000003
O04491,P0087,4,15,32.13,56.17,224.68,33.702000000000005,190.978,128.52,62.458
O04492,P0064,2,0,43.12,76.73,153.46,0.0,153.46,86.24,67.22000000000001
O04493,P0077,2,25,13.37,37.37,74.74,18.685,56.05499999999999,26.74,29.314999999999994
O04494,P0084,5,15,26.5,76.03,380.15,57.0225,323.1275,132.5,190.6275
O04495,P0033,5,10,78.25,183.75,918.75,91.875,826.875,391.25,435.625
O04496,P0098,4,5,37.4,104.38,417.52,20.875999999999998,396.644,149.6,247.044
O04497,P0038,3,10,47.45,95.55,286.65,28.665,257.98499999999996,142.35000000000002,115.63499999999993
O04498,P0029,4,5,72.76,153.77,615.08,30.754,584.326,291.04,293.286
O04499,P0061,4,0,19.72,33.21,132.84,0.0,132.84,78.88,53.96000000000001
O04500,P0032,1,15,10.37,24.86,24.86,3.7289999999999996,21.131,10.37,10.761000000000001
O04501,P0011,2,20,52.53,123.96,247.92,49.583999999999996,198.33599999999998,105.06,93.27599999999998
O04502,P0018,1,0,35.57,91.45,91.45,0.0,91.45,35.57,55.88
O04503,P0045,2,15,61.54,101.61,203.22,30.483,172.737,123.08,49.657
O04504,P0021,4,15,16.15,26.72,106.88,16.031999999999996,90.848,64.6,26.248000000000005
O04505,P0012,2,0,27.1,81.21,162.42,0.0,162.42,54.2,108.21999999999998
O04506,P0020,3,5,69.56,183.08,549.24,27.462,521.778,208.68,313.098
O04507,P0007,3,5,49.51,86.65,259.95000000000005,12.997500000000002,246.95250000000004,148.53,98.42250000000004
O04508,P0091,4,15,59.96,114.91,459.64,68.946,390.69399999999996,239.84,150.85399999999996
O04509,P0071,5,15,75.31,197.04,985.1999999999999,147.77999999999997,837.42,376.55,460.86999999999995
O04510,P0002,3,0,43.57,100.83,302.49,0.0,302.49,130.71,171.78
O04511,P0043,4,10,59.77,171.41,685.64,68.564,617.076,239.08,377.996
O04512,P0097,1,15,34.88,81.48,81.48,12.222000000000001,69.25800000000001,34.88,34.37800000000001
O04513,P0021,5,15,16.15,26.72,133.6,20.04,113.56,80.75,32.81
O04514,P0029,3,0,72.76,153.77,461.31000000000006,0.0,461.31000000000006,218.28000000000003,243.03000000000003
O04515,P0032,4,10,10.37,24.86,99.44,9.943999999999999,89.496,41.48,48.016
O04516,P0045,4,20,61.54,101.61,406.44,81.288,325.152,246.16,78.99199999999999
O04517,P0076,1,5,60.51,128.39,128.39,6.419499999999999,121.97049999999999,60.51,61.46049999999999
O04518,P0077,1,5,13.37,37.37,37.37,1.8685,35.5015,13.37,22.131500000000003
O04519,P0059,5,15,57.92,159.9,799.5,119.925,679.575,289.6,389.975
O04520,P0003,3,0,50.89,109.28,327.84000000000003,0.0,327.84000000000003,152.67000000000002,175.17000000000002
O04521,P0039,4,20,43.36,79.83,319.32,63.864,255.456,173.44,82.01599999999999
O04522,P0051,5,5,75.24,202.03,1010.15,50.5075,959.6424999999999,376.2,583.4424999999999
O04523,P0008,5,0,36.51,102.88,514.4,0.0,514.4,182.54999999999998,331.85
O04524,P0046,1,0,47.09,88.72,88.72,0.0,88.72,47.09,41.629999999999995
O04525,P0066,4,0,65.6,131.08,524.32,0.0,524.32,262.4,261.9200000000001
O04526,P0006,2,0,51.06,129.72,259.44,0.0,259.44,102.12,157.32
O04527,P0058,1,10,24.12,39.95,39.95,3.995,35.955000000000005,24.12,11.835000000000004
O04528,P0041,4,0,24.36,47.06,188.24,0.0,188.24,97.44,90.80000000000001
O04529,P0079,5,20,67.96,149.41,747.05,149.41,597.64,339.79999999999995,257.84000000000003
O04530,P0054,5,10,35.85,95.25,476.25,47.625,428.625,179.25,249.375
O04531,P0076,3,10,60.51,128.39,385.16999999999996,38.516999999999996,346.65299999999996,181.53,165.12299999999996
O04532,P0041,2,5,24.36,47.06,94.12,4.706,89.414,48.72,40.694
O04533,P0048,1,10,63.74,152.3,152.3,15.23,137.07000000000002,63.74,73.33000000000001
O04534,P0096,3,10,50.42,110.34,331.02,33.102,297.918,151.26,146.65800000000002
O04535,P0070,3,0,38.6,79.86,239.57999999999998,0.0,239.57999999999998,115.80000000000001,123.77999999999997
O04536,P0027,2,20,58.79,135.79,271.58,54.315999999999995,217.26399999999998,117.58,99.68399999999998
O04537,P0047,1,5,59.51,154.08,154.08,7.704000000000001,146.376,59.51,86.86600000000001
O04538,P0077,1,0,13.37,37.37,37.37,0.0,37.37,13.37,24.0
O04539,P0023,5,10,13.9,28.75,143.75,14.375,129.375,69.5,59.875
O04540,P0074,1,10,36.55,87.92,87.92,8.792,79.128,36.55,42.578
O04541,P0014,3,5,33.12,84.8,254.39999999999998,12.72,241.67999999999998,99.35999999999999,142.32
O04542,P0061,5,15,19.72,33.21,166.05,24.9075,141.1425,98.6,42.54250000000002
O04543,P0067,1,10,17.47,34.37,34.37,3.437,30.932999999999996,17.47,13.462999999999997
O04544,P0076,2,10,60.51,128.39,256.78,25.677999999999997,231.10199999999998,121.02,110.08199999999998
O04545,P0025,3,5,13.61,32.74,98.22,4.9110000000000005,93.309,40.83,52.479
O04546,P0065,4,25,52.43,144.51,578.04,144.51,433.53,209.72,223.80999999999997
O04547,P0096,2,5,50.42,110.34,220.68,11.034,209.64600000000002,100.84,108.80600000000001
O04548,P0024,2,10,68.96,150.71,301.42,30.142000000000003,271.278,137.92,133.35800000000003
O04549,P0053,1,5,51.57,127.74,127.74,6.387,121.353,51.57,69.78299999999999
O04550,P0073,5,15,24.35,65.3,326.5,48.975,277.525,121.75,155.77499999999998
O04551,P0050,5,0,45.43,130.75,653.75,0.0,653.75,227.15,426.6
O04552,P0001,3,0,55.42,102.17,306.51,0.0,306.51,166.26,140.25
O04553,P0039,1,15,43.36,79.83,79.83,11.9745,67.85549999999999,43.36,24.495499999999993
O04554,P0074,5,5,36.55,87.92,439.6,21.98,417.62,182.75,234.87
O04555,P0044,4,5,23.97,40.96,163.84,8.192,155.648,95.88,59.768
O04556,P0094,1,10,47.78,108.59,108.59,10.859000000000002,97.731,47.78,49.95099999999999
O04557,P0005,1,15,49.04,127.3,127.3,19.095,108.205,49.04,59.165
O04558,P0068,5,0,69.55,128.05,640.25,0.0,640.25,347.75,292.5
O04559,P0072,2,0,79.37,143.53,287.06,0.0,287.06,158.74,128.32
O04560,P0080,1,25,62.54,138.92,138.92,34.73,104.19,62.54,41.65
O04561,P0065,2,10,52.43,144.51,289.02,28.901999999999997,260.118,104.86,155.25799999999998
O04562,P0079,3,5,67.96,149.41,448.23,22.4115,425.81850000000003,203.88,221.93850000000003
O04563,P0088,3,15,51.18,79.37,238.11,35.7165,202.39350000000002,153.54,48.853500000000025
O04564,P0015,5,10,75.36,201.05,1005.25,100.525,904.725,376.8,527.925
O04565,P0050,3,0,45.43,130.75,392.25,0.0,392.25,136.29,255.96
O04566,P0006,5,0,51.06,129.72,648.6,0.0,648.6,255.3,393.3
O04567,P0066,5,5,65.6,131.08,655.4000000000001,32.77,622.6300000000001,328.0,294.6300000000001
O04568,P0069,2,20,62.22,150.06,300.12,60.023999999999994,240.096,124.44,115.656
O04569,P0039,2,0,43.36,79.83,159.66,0.0,159.66,86.72,72.94
O04570,P0098,3,0,37.4,104.38,313.14,0.0,313.14,112.19999999999999,200.94
O04571,P0096,2,20,50.42,110.34,220.68,44.136,176.544,100.84,75.70400000000001
O04572,P0029,1,0,72.76,153.77,153.77,0.0,153.77,72.76,81.01
O04573,P0093,4,10,53.69,97.66,390.64,39.06399999999999,351.576,214.76,136.81600000000003
O04574,P0088,1,0,51.18,79.37,79.37,0.0,79.37,51.18,28.190000000000005
O04575,P0046,1,10,47.09,88.72,88.72,8.872,79.848,47.09,32.757999999999996
O04576,P0031,5,5,74.22,112.69,563.45,28.1725,535.2775,371.1,164.1775
O04577,P0024,4,0,68.96,150.71,602.84,0.0,602.84,275.84,327.00000000000006
O04578,P0015,5,10,75.36,201.05,1005.25,100.525,904.725,376.8,527.925
O04579,P0076,2,10,60.51,128.39,256.78,25.677999999999997,231.10199999999998,121.02,110.08199999999998
O04580,P0020,2,10,69.56,183.08,366.16,36.61600000000001,329.54400000000004,139.12,190.42400000000004
O04581,P0004,4,10,61.58,123.11,492.44,49.244,443.196,246.32,196.87600000000003
O04582,P0058,3,10,24.12,39.95,119.85000000000001,11.985,107.86500000000001,72.36,35.50500000000001
O04583,P0077,2,10,13.37,37.37,74.74,7.474,67.26599999999999,26.74,40.525999999999996
O04584,P0061,1,10,19.72,33.21,33.21,3.321,29.889,19.72,10.169
O04585,P0010,4,10,72.98,190.64,762.56,76.256,686.304,291.92,394.38399999999996
O04586,P0041,4,10,24.36,47.06,188.24,18.824,169.416,97.44,71.976
O04587,P0053,2,10,51.57,127.74,255.48,25.548,229.932,103.14,126.79199999999999
O04588,P0087,2,0,32.13,56.17,112.34,0.0,112.34,64.26,48.08
O04589,P0071,5,0,75.31,197.04,985.1999999999999,0.0,985.1999999999999,376.55,608.6499999999999
O04590,P0076,5,5,60.51,128.39,641.9499999999999,32.0975,609.8525,302.55,307.30249999999995
O04591,P0048,1,20,63.74,152.3,152.3,30.46,121.84,63.74,58.1
O04592,P0015,4,15,75.36,201.05,804.2,120.63,683.57,301.44,382.13000000000005
O04593,P0007,3,10,49.51,86.65,259.95000000000005,25.995000000000005,233.95500000000004,148.53,85.42500000000004
O04594,P0072,3,5,79.37,143.53,430.59000000000003,21.529500000000002,409.06050000000005,238.11,170.95050000000003
O04595,P0071,4,0,75.31,197.04,788.16,0.0,788.16,301.24,486.91999999999996
O04596,P0043,1,20,59.77,171.41,171.41,34.282,137.128,59.77,77.35799999999998
O04597,P0004,5,20,61.58,123.11,615.55,123.11,492.43999999999994,307.9,184.53999999999996
O04598,P0051,5,0,75.24,202.03,1010.15,0.0,1010.15,376.2,633.95
O04599,P0071,5,15,75.31,197.04,985.1999999999999,147.77999999999997,837.42,376.55,460.86999999999995
O04600,P0059,3,5,57.92,159.9,479.70000000000005,23.985,455.71500000000003,173.76,281.95500000000004
O04601,P0041,3,5,24.36,47.06,141.18,7.059000000000001,134.121,73.08,61.04100000000001
O04602,P0061,1,15,19.72,33.21,33.21,4.9815000000000005,28.2285,19.72,8.508500000000002
O04603,P0030,3,10,50.32,133.74,401.22,40.122,361.098,150.96,210.138
O04604,P0018,2,15,35.57,91.45,182.9,27.435,155.465,71.14,84.325
O04605,P0030,3,0,50.32,133.74,401.22,0.0,401.22,150.96,250.26000000000002
O04606,P0007,5,5,49.51,86.65,433.25,21.6625,411.5875,247.54999999999998,164.0375
O04607,P0052,1,5,32.44,49.78,49.78,2.489,47.291000000000004,32.44,14.851000000000006
O04608,P0048,4,5,63.74,152.3,609.2,30.46,578.74,254.96,323.78
O04609,P0023,4,10,13.9,28.75,115.0,11.5,103.5,55.6,47.9
O04610,P0037,1,5,60.29,177.17,177.17,8.8585,168.3115,60.29,108.0215
O04611,P0071,2,5,75.31,197.04,394.08,19.703999999999997,374.376,150.62,223.75599999999997
O04612,P0093,4,5,53.69,97.66,390.64,19.531999999999996,371.108,214.76,156.348
O04613,P0098,5,15,37.4,104.38,521.9,78.285,443.615,187.0,256.615
O04614,P0053,4,10,51.57,127.74,510.96,51.096,459.864,206.28,253.58399999999997
O04615,P0045,4,10,61.54,101.61,406.44,40.644,365.796,246.16,119.636
O04616,P0049,5,0,16.11,26.63,133.15,0.0,133.15,80.55,52.60000000000001
O04617,P0049,3,5,16.11,26.63,79.89,3.9945,75.8955,48.33,27.5655
O04618,P0082,2,0,67.76,161.31,322.62,0.0,322.62,135.52,187.1
O04619,P0047,5,0,59.51,154.08,770.4000000000001,0.0,770.4000000000001,297.55,472.8500000000001
O04620,P0025,5,5,13.61,32.74,163.70000000000002,8.185,155.51500000000001,68.05,87.46500000000002
O04621,P0091,1,0,59.96,114.91,114.91,0.0,114.91,59.96,54.949999999999996
O04622,P0027,2,10,58.79,135.79,271.58,27.157999999999998,244.422,117.58,126.842
O04623,P0012,3,25,27.1,81.21,243.63,60.9075,182.7225,81.30000000000001,101.42249999999999
O04624,P0023,5,0,13.9,28.75,143.75,0.0,143.75,69.5,74.25
O04625,P0017,3,15,25.77,46.56,139.68,20.952,118.72800000000001,77.31,41.418000000000006
O04626,P0044,5,0,23.97,40.96,204.8,0.0,204.8,119.85,84.95000000000002
O04627,P0071,5,10,75.31,197.04,985.1999999999999,98.52,886.68,376.55,510.12999999999994
O04628,P0024,1,10,68.96,150.71,150.71,15.071000000000002,135.639,68.96,66.67900000000002
O04629,P0071,4,20,75.31,197.04,788.16,157.63199999999998,630.528,301.24,329.288
O04630,P0093,2,0,53.69,97.66,195.32,0.0,195.32,107.38,87.94
O04631,P0060,1,5,16.15,46.29,46.29,2.3145,43.9755,16.15,27.825499999999998
O04632,P0053,3,0,51.57,127.74,383.21999999999997,0.0,383.21999999999997,154.71,228.50999999999996
O04633,P0092,5,5,72.98,133.56,667.8,33.39,634.41,364.90000000000003,269.50999999999993
O04634,P0087,5,20,32.13,56.17,280.85,56.17,224.68,160.65,64.03
O04635,P0074,2,15,36.55,87.92,175.84,26.375999999999998,149.464,73.1,76.364
O04636,P0016,1,15,10.53,18.06,18.06,2.7089999999999996,15.350999999999999,10.53,4.821
O04637,P0098,1,10,37.4,104.38,104.38,10.437999999999999,93.942,37.4,56.541999999999994
O04638,P0025,3,20,13.61,32.74,98.22,19.644000000000002,78.576,40.83,37.745999999999995
O04639,P0066,1,5,65.6,131.08,131.08,6.554000000000001,124.52600000000001,65.6,58.926000000000016
O04640,P0050,1,0,45.43,130.75,130.75,0.0,130.75,45.43,85.32
O04641,P0069,4,15,62.22,150.06,600.24,90.036,510.204,248.88,261.324
O04642,P0078,2,5,64.71,186.65,373.3,18.665,354.635,129.42,225.215
O04643,P0095,1,0,40.71,120.64,120.64,0.0,120.64,40.71,79.93
O04644,P0040,3,0,68.7,146.7,440.09999999999997,0.0,440.09999999999997,206.10000000000002,233.99999999999994
O04645,P0006,5,10,51.06,129.72,648.6,64.86,583.74,255.3,328.44
O04646,P0064,1,10,43.12,76.73,76.73,7.673000000000001,69.057,43.12,25.937000000000005
O04647,P0028,1,5,79.81,177.94,177.94,8.897,169.043,79.81,89.233
O04648,P0009,5,15,33.62,75.41,377.04999999999995,56.55749999999999,320.49249999999995,168.1,152.39249999999996
O04649,P0006,4,15,51.06,129.72,518.88,77.832,441.048,204.24,236.808
O04650,P0017,2,20,25.77,46.56,93.12,18.624000000000002,74.49600000000001,51.54,22.95600000000001
O04651,P0040,4,10,68.7,146.7,586.8,58.68,528.12,274.8,253.32
O04652,P0099,3,15,47.23,108.75,326.25,48.9375,277.3125,141.69,135.6225
O04653,P0076,1,15,60.51,128.39,128.39,19.258499999999998,109.13149999999999,60.51,48.62149999999999
O04654,P0045,4,5,61.54,101.61,406.44,20.322,386.118,246.16,139.958
O04655,P0082,2,5,67.76,161.31,322.62,16.131,306.48900000000003,135.52,170.96900000000002
O04656,P0043,3,10,59.77,171.41,514.23,51.423,462.807,179.31,283.497
O04657,P0098,4,0,37.4,104.38,417.52,0.0,417.52,149.6,267.91999999999996
O04658,P0046,1,5,47.09,88.72,88.72,4.436,84.28399999999999,47.09,37.19399999999999
O04659,P0063,2,10,18.17,31.77,63.54,6.354,57.186,36.34,20.845999999999997
O04660,P0001,1,0,55.42,102.17,102.17,0.0,102.17,55.42,46.75
O04661,P0059,1,0,57.92,159.9,159.9,0.0,159.9,57.92,101.98
O04662,P0063,3,10,18.17,31.77,95.31,9.531,85.779,54.510000000000005,31.26899999999999
O04663,P0079,2,15,67.96,149.41,298.82,44.823,253.99699999999999,135.92,118.077
O04664,P0018,5,15,35.57,91.45,457.25,68.5875,388.6625,177.85,210.81250000000003
O04665,P0086,1,10,73.55,174.05,174.05,17.405,156.645,73.55,83.09500000000001
O04666,P0082,2,10,67.76,161.31,322.62,32.262,290.358,135.52,154.838
O04667,P0065,1,5,52.43,144.51,144.51,7.225499999999999,137.28449999999998,52.43,84.85449999999997
O04668,P0020,4,0,69.56,183.08,732.32,0.0,732.32,278.24,454.08000000000004
O04669,P0056,4,0,48.4,77.6,310.4,0.0,310.4,193.6,116.79999999999998
O04670,P0054,2,15,35.85,95.25,190.5,28.575,161.925,71.7,90.22500000000001
O04671,P0048,3,10,63.74,152.3,456.90000000000003,45.69,411.21000000000004,191.22,219.99000000000004
O04672,P0100,5,15,14.66,26.05,130.25,19.5375,110.7125,73.3,37.41250000000001
O04673,P0054,4,15,35.85,95.25,381.0,57.15,323.85,143.4,180.45000000000002
O04674,P0089,3,0,57.81,113.72,341.15999999999997,0.0,341.15999999999997,173.43,167.72999999999996
O04675,P0016,5,10,10.53,18.06,90.3,9.03,81.27,52.65,28.619999999999997
O04676,P0020,4,5,69.56,183.08,732.32,36.61600000000001,695.7040000000001,278.24,417.46400000000006
O04677,P0047,5,5,59.51,154.08,770.4000000000001,38.52,731.8800000000001,297.55,434.3300000000001
O04678,P0097,1,10,34.88,81.48,81.48,8.148000000000001,73.33200000000001,34.88,38.452000000000005
O04679,P0007,2,25,49.51,86.65,173.3,43.325,129.97500000000002,99.02,30.955000000000027
O04680,P0023,4,15,13.9,28.75,115.0,17.25,97.75,55.6,42.15
O04681,P0075,4,20,74.85,125.1,500.4,100.08,400.32,299.4,100.92000000000002
O04682,P0033,1,0,78.25,183.75,183.75,0.0,183.75,78.25,105.5
O04683,P0040,4,0,68.7,146.7,586.8,0.0,586.8,274.8,311.99999999999994
O04684,P0005,4,0,49.04,127.3,509.2,0.0,509.2,196.16,313.03999999999996
O04685,P0045,4,5,61.54,101.61,406.44,20.322,386.118,246.16,139.958
O04686,P0041,4,5,24.36,47.06,188.24,9.412,178.828,97.44,81.388
O04687,P0008,4,10,36.51,102.88,411.52,41.152,370.368,146.04,224.328
O04688,P0081,3,10,65.97,189.84,569.52,56.952,512.568,197.91,314.658
O04689,P0082,4,20,67.76,161.31,645.24,129.048,516.192,271.04,245.152
O04690,P0050,1,20,45.43,130.75,130.75,26.15,104.6,45.43,59.169999999999995
O04691,P0091,4,0,59.96,114.91,459.64,0.0,459.64,239.84,219.79999999999998
O04692,P0031,5,20,74.22,112.69,563.45,112.69,450.76000000000005,371.1,79.66000000000003
O04693,P0004,5,10,61.58,123.11,615.55,61.555,553.995,307.9,246.09500000000003
O04694,P0066,1,10,65.6,131.08,131.08,13.108000000000002,117.97200000000001,65.6,52.372000000000014
O04695,P0056,3,15,48.4,77.6,232.79999999999998,34.919999999999995,197.88,145.2,52.68000000000001
O04696,P0005,1,0,49.04,127.3,127.3,0.0,127.3,49.04,78.25999999999999
O04697,P0081,3,20,65.97,189.84,569.52,113.904,455.616,197.91,257.706
O04698,P0054,2,10,35.85,95.25,190.5,19.05,171.45,71.7,99.74999999999999
O04699,P0096,5,20,50.42,110.34,551.7,110.34,441.36,252.10000000000002,189.26
O04700,P0093,5,25,53.69,97.66,488.29999999999995,122.07499999999999,366.22499999999997,268.45,97.77499999999998
O04701,P0080,5,10,62.54,138.92,694.5999999999999,69.46,625.1399999999999,312.7,312.4399999999999
O04702,P0001,3,0,55.42,102.17,306.51,0.0,306.51,166.26,140.25
O04703,P0076,1,0,60.51,128.39,128.39,0.0,128.39,60.51,67.88
O04704,P0083,3,5,23.05,35.71,107.13,5.3565,101.7735,69.15,32.62349999999999
O04705,P0073,5,0,24.35,65.3,326.5,0.0,326.5,121.75,204.75
O04706,P0061,5,15,19.72,33.21,166.05,24.9075,141.1425,98.6,42.54250000000002
O04707,P0007,5,5,49.51,86.65,433.25,21.6625,411.5875,247.54999999999998,164.0375
O04708,P0030,5,25,50.32,133.74,668.7,167.175,501.52500000000003,251.6,249.92500000000004
O04709,P0015,2,15,75.36,201.05,402.1,60.315,341.785,150.72,191.06500000000003
O04710,P0004,5,0,61.58,123.11,615.55,0.0,615.55,307.9,307.65
O04711,P0063,3,10,18.17,31.77,95.31,9.531,85.779,54.510000000000005,31.26899999999999
O04712,P0070,5,10,38.6,79.86,399.3,39.93,359.37,193.0,166.37
O04713,P0038,4,10,47.45,95.55,382.2,38.22,343.98,189.8,154.18
O04714,P0047,2,10,59.51,154.08,308.16,30.816000000000003,277.34400000000005,119.02,158.32400000000007
O04715,P0060,5,0,16.15,46.29,231.45,0.0,231.45,80.75,150.7
O04716,P0099,4,10,47.23,108.75,435.0,43.5,391.5,188.92,202.58
O04717,P0002,3,10,43.57,100.83,302.49,30.249000000000002,272.241,130.71,141.53099999999998
O04718,P0069,2,15,62.22,150.06,300.12,45.018,255.102,124.44,130.662
O04719,P0008,5,15,36.51,102.88,514.4,77.16,437.24,182.54999999999998,254.69000000000003
O04720,P0051,3,0,75.24,202.03,606.09,0.0,606.09,225.71999999999997,380.37000000000006
O04721,P0094,4,0,47.78,108.59,434.36,0.0,434.36,191.12,243.24
O04722,P0019,2,15,44.15,98.94,197.88,29.682,168.198,88.3,79.89800000000001
O04723,P0094,5,25,47.78,108.59,542.95,135.7375,407.21250000000003,238.9,168.31250000000003
O04724,P0031,3,5,74.22,112.69,338.07,16.903499999999998,321.1665,222.66,98.50649999999999
O04725,P0080,2,5,62.54,138.92,277.84,13.891999999999998,263.948,125.08,138.868
O04726,P0022,4,0,66.41,153.06,612.24,0.0,612.24,265.64,346.6
O04727,P0033,5,5,78.25,183.75,918.75,45.9375,872.8125,391.25,481.5625
O04728,P0086,2,5,73.55,174.05,348.1,17.405,330.69500000000005,147.1,183.59500000000006
O04729,P0072,4,5,79.37,143.53,574.12,28.706,545.414,317.48,227.93399999999997
O04730,P0037,4,10,60.29,177.17,708.68,70.868,637.8119999999999,241.16,396.65199999999993
O04731,P0012,3,5,27.1,81.21,243.63,12.181500000000002,231.4485,81.30000000000001,150.14849999999998
O04732,P0069,4,0,62.22,150.06,600.24,0.0,600.24,248.88,351.36
O04733,P0064,4,5,43.12,76.73,306.92,15.346000000000002,291.574,172.48,119.09400000000002
O04734,P0025,1,20,13.61,32.74,32.74,6.548000000000001,26.192,13.61,12.582
O04735,P0054,4,10,35.85,95.25,381.0,38.1,342.9,143.4,199.49999999999997
O04736,P0029,5,25,72.76,153.77,768.85,192.2125,576.6375,363.8,212.83750000000003
O04737,P0013,2,10,44.88,117.97,235.94,23.594,212.346,89.76,122.586
O04738,P0026,5,5,11.28,25.42,127.10000000000001,6.355,120.745,56.4,64.345
O04739,P0022,5,0,66.41,153.06,765.3,0.0,765.3,332.04999999999995,433.25
O04740,P0093,3,10,53.69,97.66,292.98,29.298000000000002,263.682,161.07,102.61200000000002
O04741,P0076,1,10,60.51,128.39,128.39,12.838999999999999,115.55099999999999,60.51,55.04099999999999
O04742,P0092,1,10,72.98,133.56,133.56,13.356,120.20400000000001,72.98,47.224000000000004
O04743,P0073,5,15,24.35,65.3,326.5,48.975,277.525,121.75,155.77499999999998
O04744,P0010,2,15,72.98,190.64,381.28,57.192,324.08799999999997,145.96,178.12799999999996
O04745,P0048,1,0,63.74,152.3,152.3,0.0,152.3,63.74,88.56
O04746,P0042,1,15,77.76,188.37,188.37,28.2555,160.1145,77.76,82.35449999999999
O04747,P0090,5,10,41.64,111.21,556.05,55.605,500.44499999999994,208.2,292.24499999999995
O04748,P0100,1,5,14.66,26.05,26.05,1.3025,24.747500000000002,14.66,10.087500000000002
O04749,P0059,3,10,57.92,159.9,479.70000000000005,47.97,431.73,173.76,257.97
O04750,P0053,5,10,51.57,127.74,638.6999999999999,63.86999999999999,574.8299999999999,257.85,316.9799999999999
O04751,P0040,1,0,68.7,146.7,146.7,0.0,146.7,68.7,77.99999999999999
O04752,P0075,1,5,74.85,125.1,125.1,6.255,118.845,74.85,43.995000000000005
O04753,P0062,1,5,10.19,18.89,18.89,0.9445,17.9455,10.19,7.7555
O04754,P0006,5,5,51.06,129.72,648.6,32.43,616.1700000000001,255.3,360.87000000000006
O04755,P0004,2,0,61.58,123.11,246.22,0.0,246.22,123.16,123.06
O04756,P0091,4,0,59.96,114.91,459.64,0.0,459.64,239.84,219.79999999999998
O04757,P0055,1,0,41.8,86.18,86.18,0.0,86.18,41.8,44.38000000000001
O04758,P0088,4,5,51.18,79.37,317.48,15.874,301.606,204.72,96.886
O04759,P0069,4,20,62.22,150.06,600.24,120.04799999999999,480.192,248.88,231.312
O04760,P0003,1,0,50.89,109.28,109.28,0.0,109.28,50.89,58.39
O04761,P0007,1,5,49.51,86.65,86.65,4.3325,82.31750000000001,49.51,32.80750000000001
O04762,P0088,4,5,51.18,79.37,317.48,15.874,301.606,204.72,96.886
O04763,P0086,2,15,73.55,174.05,348.1,52.215,295.885,147.1,148.785
O04764,P0012,4,0,27.1,81.21,324.84,0.0,324.84,108.4,216.43999999999997
O04765,P0099,2,0,47.23,108.75,217.5,0.0,217.5,94.46,123.04
O04766,P0017,3,0,25.77,46.56,139.68,0.0,139.68,77.31,62.370000000000005
O04767,P0067,2,25,17.47,34.37,68.74,17.185,51.55499999999999,34.94,16.614999999999995
O04768,P0075,5,10,74.85,125.1,625.5,62.55,562.95,374.25,188.70000000000005
O04769,P0070,1,0,38.6,79.86,79.86,0.0,79.86,38.6,41.26
O04770,P0036,3,5,67.46,184.85,554.55,27.7275,526.8225,202.38,324.4425
O04771,P0017,4,0,25.77,46.56,186.24,0.0,186.24,103.08,83.16000000000001
O04772,P0086,2,0,73.55,174.05,348.1,0.0,348.1,147.1,201.00000000000003
O04773,P0001,3,15,55.42,102.17,306.51,45.976499999999994,260.5335,166.26,94.27350000000001
O04774,P0067,5,10,17.47,34.37,171.85,17.185,154.665,87.35,67.315
O04775,P0080,2,10,62.54,138.92,277.84,27.783999999999995,250.05599999999998,125.08,124.97599999999998
O04776,P0099,4,5,47.23,108.75,435.0,21.75,413.25,188.92,224.33
O04777,P0078,4,10,64.71,186.65,746.6,74.66,671.94,258.84,413.1000000000001
O04778,P0049,2,5,16.11,26.63,53.26,2.6630000000000003,50.596999999999994,32.22,18.376999999999995
O04779,P0051,5,5,75.24,202.03,1010.15,50.5075,959.6424999999999,376.2,583.4424999999999
O04780,P0071,1,10,75.31,197.04,197.04,19.703999999999997,177.33599999999998,75.31,102.02599999999998
O04781,P0090,1,0,41.64,111.21,111.21,0.0,111.21,41.64,69.57
O04782,P0043,4,10,59.77,171.41,685.64,68.564,617.076,239.08,377.996
O04783,P0031,5,20,74.22,112.69,563.45,112.69,450.76000000000005,371.1,79.66000000000003
O04784,P0024,4,0,68.96,150.71,602.84,0.0,602.84,275.84,327.00000000000006
O04785,P0083,1,20,23.05,35.71,35.71,7.142,28.568,23.05,5.518000000000001
O04786,P0037,4,0,60.29,177.17,708.68,0.0,708.68,241.16,467.52
O04787,P0065,2,5,52.43,144.51,289.02,14.450999999999999,274.56899999999996,104.86,169.70899999999995
O04788,P0089,2,10,57.81,113.72,227.44,22.744,204.696,115.62,89.076
O04789,P0063,5,10,18.17,31.77,158.85,15.885,142.965,90.85000000000001,52.114999999999995
O04790,P0056,1,0,48.4,77.6,77.6,0.0,77.6,48.4,29.199999999999996
O04791,P0074,5,15,36.55,87.92,439.6,65.94,373.66,182.75,190.91000000000003
O04792,P0018,5,25,35.57,91.45,457.25,114.3125,342.9375,177.85,165.0875
O04793,P0065,1,0,52.43,144.51,144.51,0.0,144.51,52.43,92.07999999999998
O04794,P0029,3,20,72.76,153.77,461.31000000000006,92.262,369.04800000000006,218.28000000000003,150.76800000000003
O04795,P0077,3,10,13.37,37.37,112.10999999999999,11.210999999999999,100.89899999999999,40.11,60.78899999999999
O04796,P0004,4,20,61.58,123.11,492.44,98.488,393.952,246.32,147.632
O04797,P0012,3,0,27.1,81.21,243.63,0.0,243.63,81.30000000000001,162.32999999999998
O04798,P0056,2,15,48.4,77.6,155.2,23.28,131.92,96.8,35.11999999999999
O04799,P0048,5,0,63.74,152.3,761.5,0.0,761.5,318.7,442.8
O04800,P0019,4,20,44.15,98.94,395.76,79.152,316.608,176.6,140.008
O04801,P0026,5,10,11.28,25.42,127.10000000000001,12.71,114.39000000000001,56.4,57.990000000000016
O04802,P0038,1,5,47.45,95.55,95.55,4.7775,90.7725,47.45,43.32249999999999
O04803,P0080,3,0,62.54,138.92,416.76,0.0,416.76,187.62,229.14
O04804,P0025,1,15,13.61,32.74,32.74,4.9110000000000005,27.829,13.61,14.219000000000001
O04805,P0056,4,10,48.4,77.6,310.4,31.04,279.35999999999996,193.6,85.75999999999996
O04806,P0074,2,5,36.55,87.92,175.84,8.792,167.048,73.1,93.94800000000001
O04807,P0028,3,5,79.81,177.94,533.8199999999999,26.690999999999995,507.12899999999996,239.43,267.69899999999996
O04808,P0061,1,15,19.72,33.21,33.21,4.9815000000000005,28.2285,19.72,8.508500000000002
O04809,P0092,3,5,72.98,133.56,400.68,20.034000000000002,380.646,218.94,161.70600000000002
O04810,P0089,5,0,57.81,113.72,568.6,0.0,568.6,289.05,279.55
O04811,P0089,2,20,57.81,113.72,227.44,45.488,181.952,115.62,66.332
O04812,P0051,3,5,75.24,202.03,606.09,30.304500000000004,575.7855000000001,225.71999999999997,350.0655000000001
O04813,P0012,2,5,27.1,81.21,162.42,8.120999999999999,154.29899999999998,54.2,100.09899999999998
O04814,P0008,5,0,36.51,102.88,514.4,0.0,514.4,182.54999999999998,331.85
O04815,P0100,5,20,14.66,26.05,130.25,26.05,104.2,73.3,30.900000000000006
O04816,P0058,1,0,24.12,39.95,39.95,0.0,39.95,24.12,15.830000000000002
O04817,P0088,4,10,51.18,79.37,317.48,31.748,285.732,204.72,81.01200000000003
O04818,P0023,1,20,13.9,28.75,28.75,5.75,23.0,13.9,9.1
O04819,P0037,2,0,60.29,177.17,354.34,0.0,354.34,120.58,233.76
O04820,P0011,1,15,52.53,123.96,123.96,18.593999999999998,105.366,52.53,52.836
O04821,P0017,3,5,25.77,46.56,139.68,6.984000000000001,132.696,77.31,55.385999999999996
O04822,P0092,1,10,72.98,133.56,133.56,13.356,120.20400000000001,72.98,47.224000000000004
O04823,P0056,4,5,48.4,77.6,310.4,15.52,294.88,193.6,101.28
O04824,P0053,4,10,51.57,127.74,510.96,51.096,459.864,206.28,253.58399999999997
O04825,P0067,2,5,17.47,34.37,68.74,3.437,65.303,34.94,30.363
O04826,P0002,5,0,43.57,100.83,504.15,0.0,504.15,217.85,286.29999999999995
O04827,P0029,4,20,72.76,153.77,615.08,123.016,492.064,291.04,201.024
O04828,P0057,2,0,48.42,78.25,156.5,0.0,156.5,96.84,59.66
O04829,P0034,4,15,44.35,114.17,456.68,68.502,388.178,177.4,210.778
O04830,P0078,4,0,64.71,186.65,746.6,0.0,746.6,258.84,487.76000000000005
O04831,P0097,5,5,34.88,81.48,407.40000000000003,20.37,387.03000000000003,174.4,212.63000000000002
O04832,P0082,3,15,67.76,161.31,483.93,72.5895,411.3405,203.28000000000003,208.0605
O04833,P0093,2,0,53.69,97.66,195.32,0.0,195.32,107.38,87.94
O04834,P0002,4,20,43.57,100.83,403.32,80.664,322.656,174.28,148.376
O04835,P0075,4,10,74.85,125.1,500.4,50.04,450.35999999999996,299.4,150.95999999999998
O04836,P0031,1,5,74.22,112.69,112.69,5.6345,107.0555,74.22,32.835499999999996
O04837,P0077,3,10,13.37,37.37,112.10999999999999,11.210999999999999,100.89899999999999,40.11,60.78899999999999
O04838,P0044,5,5,23.97,40.96,204.8,10.24,194.56,119.85,74.71000000000001
O04839,P0090,2,5,41.64,111.21,222.42,11.120999999999999,211.29899999999998,83.28,128.01899999999998
O04840,P0056,4,15,48.4,77.6,310.4,46.56,263.84,193.6,70.23999999999998
O04841,P0098,2,5,37.4,104.38,208.76,10.437999999999999,198.322,74.8,123.522
O04842,P0054,5,0,35.85,95.25,476.25,0.0,476.25,179.25,297.0
O04843,P0053,3,15,51.57,127.74,383.21999999999997,57.48299999999999,325.73699999999997,154.71,171.02699999999996
O04844,P0074,1,15,36.55,87.92,87.92,13.187999999999999,74.732,36.55,38.182
O04845,P0076,3,10,60.51,128.39,385.16999999999996,38.516999999999996,346.65299999999996,181.53,165.12299999999996
O04846,P0086,1,10,73.55,174.05,174.05,17.405,156.645,73.55,83.09500000000001
O04847,P0046,2,10,47.09,88.72,177.44,17.744,159.696,94.18,65.51599999999999
O04848,P0054,3,10,35.85,95.25,285.75,28.575,257.175,107.55000000000001,149.625
O04849,P0031,3,5,74.22,112.69,338.07,16.903499999999998,321.1665,222.66,98.50649999999999
O04850,P0083,3,25,23.05,35.71,107.13,26.7825,80.3475,69.15,11.197499999999991
O04851,P0024,5,0,68.96,150.71,753.5500000000001,0.0,753.5500000000001,344.79999999999995,408.7500000000001
O04852,P0025,2,10,13.61,32.74,65.48,6.548000000000001,58.932,27.22,31.712000000000003
O04853,P0035,1,20,60.6,145.35,145.35,29.07,116.28,60.6,55.68
O04854,P0057,3,10,48.42,78.25,234.75,23.475,211.275,145.26,66.01500000000001
O04855,P0072,2,20,79.37,143.53,287.06,57.412,229.648,158.74,70.90799999999999
O04856,P0069,5,5,62.22,150.06,750.3,37.515,712.785,311.1,401.68499999999995
O04857,P0086,5,5,73.55,174.05,870.25,43.5125,826.7375,367.75,458.98749999999995
O04858,P0028,2,20,79.81,177.94,355.88,71.176,284.704,159.62,125.084
O04859,P0076,1,5,60.51,128.39,128.39,6.419499999999999,121.97049999999999,60.51,61.46049999999999
O04860,P0033,2,15,78.25,183.75,367.5,55.125,312.375,156.5,155.875
O04861,P0053,2,0,51.57,127.74,255.48,0.0,255.48,103.14,152.33999999999997
O04862,P0016,4,15,10.53,18.06,72.24,10.835999999999999,61.403999999999996,42.12,19.284
O04863,P0026,5,10,11.28,25.42,127.10000000000001,12.71,114.39000000000001,56.4,57.990000000000016
O04864,P0012,1,5,27.1,81.21,81.21,4.060499999999999,77.14949999999999,27.1,50.04949999999999
O04865,P0087,4,10,32.13,56.17,224.68,22.468000000000004,202.212,128.52,73.69199999999998
O04866,P0090,2,10,41.64,111.21,222.42,22.241999999999997,200.178,83.28,116.898
O04867,P0077,5,0,13.37,37.37,186.85,0.0,186.85,66.85,120.0
O04868,P0087,4,10,32.13,56.17,224.68,22.468000000000004,202.212,128.52,73.69199999999998
O04869,P0031,4,10,74.22,112.69,450.76,45.076,405.68399999999997,296.88,108.80399999999997
O04870,P0100,1,0,14.66,26.05,26.05,0.0,26.05,14.66,11.39
O04871,P0027,2,15,58.79,135.79,271.58,40.736999999999995,230.843,117.58,113.26299999999999
O04872,P0036,1,5,67.46,184.85,184.85,9.2425,175.6075,67.46,108.1475
O04873,P0059,4,5,57.92,159.9,639.6,31.98,607.62,231.68,375.94
O04874,P0087,4,10,32.13,56.17,224.68,22.468000000000004,202.212,128.52,73.69199999999998
O04875,P0003,1,10,50.89,109.28,109.28,10.927999999999999,98.352,50.89,47.462
O04876,P0094,4,20,47.78,108.59,434.36,86.87200000000001,347.488,191.12,156.368
O04877,P0032,3,0,10.37,24.86,74.58,0.0,74.58,31.11,43.47
O04878,P0015,5,5,75.36,201.05,1005.25,50.2625,954.9875,376.8,578.1875
O04879,P0075,2,0,74.85,125.1,250.2,0.0,250.2,149.7,100.5
O04880,P0066,5,15,65.6,131.08,655.4000000000001,98.31000000000002,557.09,328.0,229.09000000000003
O04881,P0090,2,5,41.64,111.21,222.42,11.120999999999999,211.29899999999998,83.28,128.01899999999998
O04882,P0063,4,15,18.17,31.77,127.08,19.062,108.018,72.68,35.337999999999994
O04883,P0098,1,5,37.4,104.38,104.38,5.218999999999999,99.161,37.4,61.761
O04884,P0001,1,15,55.42,102.17,102.17,15.3255,86.8445,55.42,31.424499999999995
O04885,P0075,4,10,74.85,125.1,500.4,50.04,450.35999999999996,299.4,150.95999999999998
O04886,P0005,2,20,49.04,127.3,254.6,50.92,203.68,98.08,105.60000000000001
O04887,P0090,4,0,41.64,111.21,444.84,0.0,444.84,166.56,278.28
O04888,P0006,2,10,51.06,129.72,259.44,25.944000000000003,233.49599999999998,102.12,131.37599999999998
O04889,P0099,4,15,47.23,108.75,435.0,65.25,369.75,188.92,180.83
O04890,P0005,4,10,49.04,127.3,509.2,50.92,458.28,196.16,262.12
O04891,P0073,4,0,24.35,65.3,261.2,0.0,261.2,97.4,163.79999999999998
O04892,P0028,1,25,79.81,177.94,177.94,44.485,133.45499999999998,79.81,53.64499999999998
O04893,P0083,2,5,23.05,35.71,71.42,3.571,67.849,46.1,21.749000000000002
O04894,P0069,4,0,62.22,150.06,600.24,0.0,600.24,248.88,351.36
O04895,P0087,5,10,32.13,56.17,280.85,28.085,252.76500000000001,160.65,92.11500000000001
O04896,P0044,5,10,23.97,40.96,204.8,20.48,184.32000000000002,119.85,64.47000000000003
O04897,P0016,1,15,10.53,18.06,18.06,2.7089999999999996,15.350999999999999,10.53,4.821
O04898,P0071,3,5,75.31,197.04,591.12,29.555999999999997,561.564,225.93,335.63399999999996
O04899,P0078,1,5,64.71,186.65,186.65,9.3325,177.3175,64.71,112.6075
O04900,P0022,3,10,66.41,153.06,459.18,45.918,413.262,199.23,214.032
O04901,P0073,1,5,24.35,65.3,65.3,3.265,62.035,24.35,37.684999999999995
O04902,P0023,5,20,13.9,28.75,143.75,28.75,115.0,69.5,45.5
O04903,P0043,4,20,59.77,171.41,685.64,137.128,548.512,239.08,309.4319999999999
O04904,P0068,2,10,69.55,128.05,256.1,25.61,230.49,139.1,91.39000000000001
O04905,P0043,4,0,59.77,171.41,685.64,0.0,685.64,239.08,446.55999999999995
O04906,P0026,5,20,11.28,25.42,127.10000000000001,25.42,101.68,56.4,45.28000000000001
O04907,P0041,2,0,24.36,47.06,94.12,0.0,94.12,48.72,45.400000000000006
O04908,P0070,3,0,38.6,79.86,239.57999999999998,0.0,239.57999999999998,115.80000000000001,123.77999999999997
O04909,P0031,3,0,74.22,112.69,338.07,0.0,338.07,222.66,115.41
O04910,P0017,5,0,25.77,46.56,232.8,0.0,232.8,128.85,103.95000000000002
O04911,P0009,2,15,33.62,75.41,150.82,22.622999999999998,128.197,67.24,60.95700000000001
O04912,P0091,4,10,59.96,114.91,459.64,45.964,413.676,239.84,173.83599999999998
O04913,P0055,5,25,41.8,86.18,430.90000000000003,107.725,323.17500000000007,209.0,114.17500000000007
O04914,P0006,3,0,51.06,129.72,389.15999999999997,0.0,389.15999999999997,153.18,235.97999999999996
O04915,P0070,5,10,38.6,79.86,399.3,39.93,359.37,193.0,166.37
O04916,P0064,4,25,43.12,76.73,306.92,76.73,230.19,172.48,57.71000000000001
O04917,P0004,1,15,61.58,123.11,123.11,18.4665,104.6435,61.58,43.063500000000005
O04918,P0067,1,15,17.47,34.37,34.37,5.1555,29.214499999999997,17.47,11.744499999999999
O04919,P0088,4,0,51.18,79.37,317.48,0.0,317.48,204.72,112.76000000000002
O04920,P0056,2,15,48.4,77.6,155.2,23.28,131.92,96.8,35.11999999999999
O04921,P0018,5,5,35.57,91.45,457.25,22.8625,434.3875,177.85,256.5375
O04922,P0032,4,10,10.37,24.86,99.44,9.943999999999999,89.496,41.48,48.016
O04923,P0085,1,10,54.36,101.78,101.78,10.177999999999999,91.602,54.36,37.242000000000004
O04924,P0048,3,10,63.74,152.3,456.90000000000003,45.69,411.21000000000004,191.22,219.99000000000004
O04925,P0029,4,15,72.76,153.77,615.08,92.262,522.818,291.04,231.77799999999996
O04926,P0032,4,10,10.37,24.86,99.44,9.943999999999999,89.496,41.48,48.016
O04927,P0025,4,0,13.61,32.74,130.96,0.0,130.96,54.44,76.52000000000001
O04928,P0076,1,10,60.51,128.39,128.39,12.838999999999999,115.55099999999999,60.51,55.04099999999999
O04929,P0063,1,10,18.17,31.77,31.77,3.177,28.593,18.17,10.422999999999998
O04930,P0009,4,5,33.62,75.41,301.64,15.081999999999999,286.558,134.48,152.078
O04931,P0071,4,5,75.31,197.04,788.16,39.407999999999994,748.752,301.24,447.51199999999994
O04932,P0014,2,0,33.12,84.8,169.6,0.0,169.6,66.24,103.36
O04933,P0020,3,5,69.56,183.08,549.24,27.462,521.778,208.68,313.098
O04934,P0084,5,25,26.5,76.03,380.15,95.0375,285.11249999999995,132.5,152.61249999999995
O04935,P0010,5,5,72.98,190.64,953.1999999999999,47.66,905.54,364.90000000000003,540.6399999999999
O04936,P0011,5,10,52.53,123.96,619.8,61.98,557.8199999999999,262.65,295.16999999999996
O04937,P0039,1,15,43.36,79.83,79.83,11.9745,67.85549999999999,43.36,24.495499999999993
O04938,P0019,1,0,44.15,98.94,98.94,0.0,98.94,44.15,54.79
O04939,P0019,2,20,44.15,98.94,197.88,39.576,158.304,88.3,70.004
O04940,P0043,1,5,59.77,171.41,171.41,8.5705,162.8395,59.77,103.06949999999998
O04941,P0061,4,20,19.72,33.21,132.84,26.568,106.272,78.88,27.39200000000001
O04942,P0070,3,0,38.6,79.86,239.57999999999998,0.0,239.57999999999998,115.80000000000001,123.77999999999997
O04943,P0072,3,0,79.37,143.53,430.59000000000003,0.0,430.59000000000003,238.11,192.48000000000002
O04944,P0065,3,5,52.43,144.51,433.53,21.676499999999997,411.8535,157.29,254.5635
O04945,P0023,3,5,13.9,28.75,86.25,4.3125,81.9375,41.7,40.2375
O04946,P0060,5,15,16.15,46.29,231.45,34.7175,196.7325,80.75,115.98249999999999
O04947,P0010,5,0,72.98,190.64,953.1999999999999,0.0,953.1999999999999,364.90000000000003,588.3
O04948,P0063,4,10,18.17,31.77,127.08,12.708,114.372,72.68,41.69199999999999
O04949,P0002,2,0,43.57,100.83,201.66,0.0,201.66,87.14,114.52
O04950,P0036,1,15,67.46,184.85,184.85,27.7275,157.1225,67.46,89.66250000000001
O04951,P0057,1,15,48.42,78.25,78.25,11.7375,66.5125,48.42,18.0925
O04952,P0066,5,10,65.6,131.08,655.4000000000001,65.54,589.8600000000001,328.0,261.8600000000001
O04953,P0079,3,0,67.96,149.41,448.23,0.0,448.23,203.88,244.35000000000002
O04954,P0020,4,10,69.56,183.08,732.32,73.23200000000001,659.0880000000001,278.24,380.84800000000007
O04955,P0042,2,0,77.76,188.37,376.74,0.0,376.74,155.52,221.22
O04956,P0021,5,0,16.15,26.72,133.6,0.0,133.6,80.75,52.849999999999994
O04957,P0094,4,10,47.78,108.59,434.36,43.43600000000001,390.924,191.12,199.80399999999997
O04958,P0088,4,25,51.18,79.37,317.48,79.37,238.11,204.72,33.390000000000015
O04959,P0066,5,20,65.6,131.08,655.4000000000001,131.08,524.32,328.0,196.32000000000005
O04960,P0038,4,10,47.45,95.55,382.2,38.22,343.98,189.8,154.18
O04961,P0086,3,10,73.55,174.05,522.1500000000001,52.21500000000001,469.93500000000006,220.64999999999998,249.28500000000008
O04962,P0093,4,25,53.69,97.66,390.64,97.66,292.98,214.76,78.22000000000003
O04963,P0078,2,10,64.71,186.65,373.3,37.33,335.97,129.42,206.55000000000004
O04964,P0069,4,5,62.22,150.06,600.24,30.011999999999997,570.2280000000001,248.88,321.34800000000007
O04965,P0024,1,20,68.96,150.71,150.71,30.142000000000003,120.56800000000001,68.96,51.60800000000002
O04966,P0026,4,0,11.28,25.42,101.68,0.0,101.68,45.12,56.56000000000001
O04967,P0002,5,0,43.57,100.83,504.15,0.0,504.15,217.85,286.29999999999995
O04968,P0046,1,10,47.09,88.72,88.72,8.872,79.848,47.09,32.757999999999996
O04969,P0034,5,0,44.35,114.17,570.85,0.0,570.85,221.75,349.1
O04970,P0062,2,5,10.19,18.89,37.78,1.889,35.891,20.38,15.511
O04971,P0087,3,5,32.13,56.17,168.51,8.4255,160.0845,96.39000000000001,63.69449999999998
O04972,P0041,2,10,24.36,47.06,94.12,9.412,84.708,48.72,35.988
O04973,P0099,1,25,47.23,108.75,108.75,27.1875,81.5625,47.23,34.3325
O04974,P0015,3,0,75.36,201.05,603.1500000000001,0.0,603.1500000000001,226.07999999999998,377.0700000000001
O04975,P0055,4,5,41.8,86.18,344.72,17.236,327.48400000000004,167.2,160.28400000000005
O04976,P0003,1,0,50.89,109.28,109.28,0.0,109.28,50.89,58.39
O04977,P0076,3,10,60.51,128.39,385.16999999999996,38.516999999999996,346.65299999999996,181.53,165.12299999999996
O04978,P0038,5,15,47.45,95.55,477.75,71.6625,406.0875,237.25,168.83749999999998
O04979,P0051,3,10,75.24,202.03,606.09,60.60900000000001,545.481,225.71999999999997,319.761
O04980,P0017,5,0,25.77,46.56,232.8,0.0,232.8,128.85,103.95000000000002
O04981,P0091,5,10,59.96,114.91,574.55,57.455,517.0949999999999,299.8,217.2949999999999
O04982,P0083,3,10,23.05,35.71,107.13,10.713,96.417,69.15,27.266999999999996
O04983,P0049,2,0,16.11,26.63,53.26,0.0,53.26,32.22,21.04
O04984,P0021,2,5,16.15,26.72,53.44,2.6719999999999997,50.768,32.3,18.468000000000004
O04985,P0088,5,5,51.18,79.37,396.85,19.8425,377.00750000000005,255.9,121.10750000000004
O04986,P0024,1,25,68.96,150.71,150.71,37.6775,113.0325,68.96,44.072500000000005
O04987,P0083,3,15,23.05,35.71,107.13,16.069499999999998,91.06049999999999,69.15,21.910499999999985
O04988,P0095,1,15,40.71,120.64,120.64,18.096,102.544,40.71,61.833999999999996
O04989,P0040,2,20,68.7,146.7,293.4,58.68,234.71999999999997,137.4,97.31999999999996
O04990,P0020,1,15,69.56,183.08,183.08,27.462000000000003,155.618,69.56,86.05799999999999
O04991,P0079,4,20,67.96,149.41,597.64,119.52799999999999,478.11199999999997,271.84,206.272
O04992,P0035,4,0,60.6,145.35,581.4,0.0,581.4,242.4,339.0
O04993,P0048,2,10,63.74,152.3,304.6,30.46,274.14000000000004,127.48,146.66000000000003
O04994,P0099,1,15,47.23,108.75,108.75,16.3125,92.4375,47.23,45.2075
O04995,P0033,3,10,78.25,183.75,551.25,55.125,496.125,234.75,261.375
O04996,P0056,2,0,48.4,77.6,155.2,0.0,155.2,96.8,58.39999999999999
O04997,P0041,4,5,24.36,47.06,188.24,9.412,178.828,97.44,81.388
O04998,P0054,2,5,35.85,95.25,190.5,9.525,180.975,71.7,109.27499999999999
O04999,P0044,1,5,23.97,40.96,40.96,2.048,38.912,23.97,14.942
O05000,P0082,1,5,67.76,161.31,161.31,8.0655,153.24450000000002,67.76,85.48450000000001
