order_id,customer_id,order_date,channel,status,quantity,discount_pct
O00001,C0498,2026-04-23,E-commerce,Delivered,2,20
O00002,C0194,2026-08-21,Store,Delivered,3,5
O00003,C0476,2025-09-03,E-commerce,Delivered,2,5
O00004,C0113,2026-03-27,E-commerce,Delivered,5,20
O00005,C0114,2026-03-16,Store,Delivered,2,0
O00006,C0222,2026-08-07,Store,Delivered,3,20
O00007,C0166,2026-01-03,Mobile App,Delivered,5,10
O00008,C0435,2026-01-16,E-commerce,Cancelled,4,20
O00009,C0319,2026-08-05,Mobile App,Cancelled,2,5
O00010,C0132,2025-09-25,Store,Delivered,4,15
O00011,C0385,2025-11-07,E-commerce,Delivered,2,10
O00012,C0264,2025-10-31,E-commerce,Delivered,1,10
O00013,C0413,2025-09-29,Store,Delivered,1,10
O00014,C0055,2025-09-19,E-commerce,Delivered,3,25
O00015,C0359,2026-02-18,Store,Returned,1,10
O00016,C0131,2025-11-13,E-commerce,Delivered,5,5
O00017,C0288,2025-10-31,E-commerce,Delivered,5,20
O00018,C0266,2026-01-31,E-commerce,Delivered,2,5
O00019,C0458,2026-06-03,Store,Delivered,4,5
O00020,C0467,2025-10-18,E-commerce,Delivered,5,0
O00021,C0366,2026-03-30,Mobile App,Delivered,2,20
O00022,C0162,2026-08-09,Mobile App,Returned,4,5
O00023,C0380,2026-01-17,Mobile App,Delivered,1,5
O00024,C0481,2025-12-19,Store,Cancelled,2,20
O00025,C0087,2026-03-02,Mobile App,Returned,4,15
O00026,C0055,2025-09-28,E-commerce,Delivered,3,0
O00027,C0476,2026-03-16,Store,Delivered,3,15
O00028,C0288,2026-03-10,Mobile App,Delivered,5,20
O00029,C0178,2026-07-12,E-commerce,Delivered,4,0
O00030,C0391,2025-10-21,E-commerce,Delivered,3,15
O00031,C0349,2026-01-27,Store,Cancelled,5,10
O00032,C0008,2026-05-26,E-commerce,Delivered,2,10
O00033,C0321,2025-10-20,Mobile App,Delivered,2,10
O00034,C0313,2026-05-04,E-commerce,Delivered,4,10
O00035,C0247,2025-12-22,E-commerce,Delivered,4,0
O00036,C0323,2026-02-17,Mobile App,Delivered,4,15
O00037,C0472,2026-02-13,E-commerce,Delivered,4,0
O00038,C0471,2025-09-14,E-commerce,Delivered,3,10
O00039,C0443,2026-03-22,Mobile App,Delivered,3,0
O00040,C0255,2026-06-15,E-commerce,Cancelled,5,15
O00041,C0328,2026-03-08,Mobile App,Delivered,3,5
O00042,C0054,2026-02-02,Store,Cancelled,2,10
O00043,C0249,2025-10-25,Store,Delivered,5,5
O00044,C0239,2026-03-01,E-commerce,Delivered,3,15
O00045,C0229,2026-03-29,E-commerce,Delivered,4,10
O00046,C0067,2025-11-14,Mobile App,Delivered,3,15
O00047,C0051,2026-06-04,Store,Delivered,1,0
O00048,C0097,2026-01-11,Store,Delivered,5,0
O00049,C0092,2026-08-09,Store,Delivered,3,10
O00050,C0495,2025-10-29,E-commerce,Delivered,3,20
O00051,C0264,2026-08-11,E-commerce,Delivered,2,0
O00052,C0418,2026-03-01,E-commerce,Delivered,4,0
O00053,C0291,2026-08-05,E-commerce,Delivered,4,0
O00054,C0096,2026-07-18,E-commerce,Returned,2,10
O00055,C0088,2025-11-03,Store,Delivered,2,5
O00056,C0078,2026-07-24,E-commerce,Delivered,1,15
O00057,C0288,2026-05-18,E-commerce,Returned,5,0
O00058,C0120,2026-03-12,E-commerce,Delivered,4,0
O00059,C0302,2026-01-21,Store,Returned,2,5
O00060,C0491,2025-12-13,Mobile App,Delivered,2,10
O00061,C0400,2026-04-02,Mobile App,Cancelled,5,10
O00062,C0452,2026-04-30,Store,Delivered,2,0
O00063,C0500,2026-03-28,E-commerce,Returned,1,20
O00064,C0165,2025-12-02,Mobile App,Delivered,5,5
O00065,C0182,2026-01-20,E-commerce,Delivered,1,15
O00066,C0469,2025-12-21,E-commerce,Delivered,3,10
O00067,C0398,2025-10-29,Store,Delivered,4,0
O00068,C0223,2025-10-13,Store,Delivered,2,15
O00069,C0311,2026-03-26,E-commerce,Delivered,5,15
O00070,C0432,2026-05-26,E-commerce,Cancelled,1,5
O00071,C0466,2026-06-23,Mobile App,Delivered,4,10
O00072,C0007,2025-12-27,E-commerce,Cancelled,4,5
O00073,C0330,2025-09-20,E-commerce,Delivered,2,10
O00074,C0263,2026-04-10,E-commerce,Returned,4,5
O00075,C0161,2026-02-13,E-commerce,Returned,2,15
O00076,C0151,2026-01-09,Store,Delivered,3,0
O00077,C0085,2026-02-03,E-commerce,Cancelled,2,0
O00078,C0147,2026-03-03,E-commerce,Delivered,1,5
O00079,C0112,2025-11-29,Mobile App,Delivered,4,0
O00080,C0381,2025-12-03,Store,Delivered,4,10
O00081,C0403,2025-09-13,E-commerce,Delivered,4,0
O00082,C0036,2026-07-19,E-commerce,Delivered,2,15
O00083,C0285,2026-06-20,E-commerce,Delivered,5,0
O00084,C0188,2026-04-18,Mobile App,Delivered,2,15
O00085,C0082,2026-07-19,Mobile App,Delivered,1,10
O00086,C0002,2026-06-19,Store,Delivered,2,25
O00087,C0385,2025-09-26,Store,Cancelled,4,25
O00088,C0303,2025-11-14,Store,Returned,3,20
O00089,C0197,2026-08-30,Mobile App,Delivered,1,15
O00090,C0404,2026-06-26,E-commerce,Delivered,3,5
O00091,C0011,2026-01-28,E-commerce,Delivered,1,15
O00092,C0234,2026-01-26,Store,Delivered,1,25
O00093,C0386,2025-09-08,E-commerce,Delivered,4,0
O00094,C0195,2025-09-29,E-commerce,Delivered,2,10
O00095,C0471,2026-06-23,Mobile App,Delivered,4,0
O00096,C0119,2026-03-28,E-commerce,Delivered,4,10
O00097,C0396,2026-01-06,Mobile App,Delivered,4,10
O00098,C0020,2026-08-06,Mobile App,Delivered,3,10
O00099,C0261,2025-12-25,E-commerce,Cancelled,1,10
O00100,C0293,2026-01-22,Store,Delivered,5,25
O00101,C0422,2026-07-15,E-commerce,Delivered,2,10
O00102,C0256,2026-04-23,E-commerce,Cancelled,4,15
O00103,C0222,2025-09-07,Mobile App,Delivered,1,5
O00104,C0393,2025-10-15,Mobile App,Delivered,2,5
O00105,C0226,2026-04-27,Store,Delivered,5,10
O00106,C0053,2026-02-02,E-commerce,Delivered,5,5
O00107,C0428,2026-02-28,Mobile App,Delivered,4,5
O00108,C0355,2026-04-03,E-commerce,Delivered,5,10
O00109,C0500,2025-11-27,Store,Delivered,5,10
O00110,C0342,2026-05-14,E-commerce,Delivered,2,10
O00111,C0364,2025-11-12,Mobile App,Delivered,2,5
O00112,C0280,2026-02-26,E-commerce,Returned,4,5
O00113,C0081,2026-03-31,E-commerce,Delivered,1,10
O00114,C0202,2026-06-20,E-commerce,Delivered,4,0
O00115,C0158,2026-04-22,Store,Delivered,3,5
O00116,C0120,2026-04-27,Mobile App,Delivered,5,0
O00117,C0059,2026-04-11,Store,Delivered,1,0
O00118,C0494,2025-12-28,E-commerce,Delivered,2,0
O00119,C0215,2026-07-10,E-commerce,Delivered,3,0
O00120,C0128,2026-05-22,E-commerce,Delivered,3,0
O00121,C0224,2026-03-26,Store,Delivered,5,10
O00122,C0209,2025-12-04,E-commerce,Delivered,2,0
O00123,C0370,2026-04-10,Store,Delivered,1,5
O00124,C0115,2026-06-03,Store,Delivered,2,20
O00125,C0209,2026-04-19,Store,Returned,5,15
O00126,C0014,2026-07-06,Mobile App,Delivered,3,5
O00127,C0009,2025-12-28,Mobile App,Delivered,5,20
O00128,C0040,2026-05-26,Store,Delivered,4,5
O00129,C0450,2026-05-31,E-commerce,Returned,3,0
O00130,C0237,2025-11-03,Mobile App,Delivered,5,25
O00131,C0281,2026-06-25,E-commerce,Delivered,1,20
O00132,C0359,2026-08-16,E-commerce,Returned,1,10
O00133,C0201,2025-09-11,E-commerce,Cancelled,1,10
O00134,C0246,2025-12-07,E-commerce,Delivered,4,10
O00135,C0278,2025-11-10,E-commerce,Delivered,2,0
O00136,C0235,2026-08-30,E-commerce,Delivered,1,0
O00137,C0494,2025-10-28,Mobile App,Delivered,4,10
O00138,C0004,2026-06-17,E-commerce,Returned,1,20
O00139,C0154,2026-05-09,Mobile App,Delivered,4,0
O00140,C0442,2026-06-03,E-commerce,Cancelled,1,15
O00141,C0029,2025-10-20,Mobile App,Delivered,2,0
O00142,C0109,2026-08-24,Mobile App,Delivered,5,10
O00143,C0098,2026-04-04,Mobile App,Delivered,1,10
O00144,C0215,2025-10-22,Mobile App,Delivered,5,10
O00145,C0293,2026-05-29,E-commerce,Delivered,1,0
O00146,C0075,2025-11-23,Store,Delivered,2,5
O00147,C0326,2026-06-20,E-commerce,Delivered,5,10
O00148,C0146,2026-01-04,E-commerce,Delivered,4,0
O00149,C0128,2026-06-23,Mobile App,Delivered,1,0
O00150,C0341,2025-11-11,E-commerce,Delivered,1,10
O00151,C0042,2026-06-23,Mobile App,Delivered,4,10
O00152,C0356,2026-04-24,Mobile App,Delivered,2,0
O00153,C0041,2025-10-26,E-commerce,Delivered,3,10
O00154,C0422,2026-08-26,E-commerce,Delivered,1,20
O00155,C0034,2025-12-19,E-commerce,Delivered,4,0
O00156,C0017,2026-03-11,Store,Delivered,3,10
O00157,C0165,2025-12-02,Mobile App,Delivered,1,0
O00158,C0153,2026-08-16,E-commerce,Delivered,5,0
O00159,C0486,2025-10-26,E-commerce,Delivered,4,0
O00160,C0378,2025-10-30,Mobile App,Delivered,5,5
O00161,C0076,2026-01-16,Store,Delivered,2,15
O00162,C0087,2025-10-09,E-commerce,Cancelled,3,5
O00163,C0117,2025-09-28,E-commerce,Delivered,4,10
O00164,C0362,2025-10-19,Store,Delivered,1,5
O00165,C0342,2026-01-03,E-commerce,Delivered,1,0
O00166,C0469,2025-09-13,E-commerce,Delivered,3,10
O00167,C0027,2025-10-06,Store,Returned,5,15
O00168,C0313,2025-12-10,Mobile App,Delivered,5,15
O00169,C0287,2026-06-09,E-commerce,Delivered,4,15
O00170,C0134,2025-11-25,E-commerce,Delivered,4,5
O00171,C0219,2025-09-04,E-commerce,Delivered,5,15
O00172,C0168,2026-04-11,E-commerce,Delivered,4,0
O00173,C0098,2026-08-04,Store,Delivered,5,15
O00174,C0268,2026-02-13,E-commerce,Delivered,3,20
O00175,C0237,2026-08-10,Mobile App,Delivered,4,0
O00176,C0309,2026-06-05,Store,Delivered,5,5
O00177,C0455,2026-01-08,E-commerce,Delivered,4,10
O00178,C0394,2025-10-01,E-commerce,Delivered,1,15
O00179,C0173,2025-09-11,Mobile App,Returned,1,0
O00180,C0401,2026-06-29,Store,Delivered,2,25
O00181,C0410,2025-12-05,Store,Delivered,5,10
O00182,C0469,2026-03-09,E-commerce,Delivered,2,0
O00183,C0476,2026-03-11,Mobile App,Delivered,5,0
O00184,C0190,2026-05-24,Mobile App,Delivered,4,15
O00185,C0122,2026-01-06,Store,Delivered,5,0
O00186,C0046,2026-04-26,E-commerce,Delivered,1,0
O00187,C0064,2026-08-21,Mobile App,Delivered,4,10
O00188,C0130,2025-12-21,Store,Returned,1,10
O00189,C0310,2026-07-13,E-commerce,Delivered,4,10
O00190,C0363,2026-08-09,E-commerce,Cancelled,5,5
O00191,C0193,2026-01-23,E-commerce,Delivered,5,15
O00192,C0307,2025-11-04,E-commerce,Returned,1,25
O00193,C0181,2026-05-05,E-commerce,Delivered,3,5
O00194,C0292,2026-04-11,Store,Delivered,5,15
O00195,C0371,2026-07-10,E-commerce,Delivered,3,20
O00196,C0282,2025-12-15,E-commerce,Delivered,4,10
O00197,C0029,2026-02-28,Mobile App,Delivered,3,10
O00198,C0149,2026-03-03,E-commerce,Delivered,1,0
O00199,C0267,2026-04-14,E-commerce,Delivered,2,10
O00200,C0296,2026-05-23,Mobile App,Delivered,2,10
O00201,C0011,2026-06-05,Store,Delivered,1,15
O00202,C0164,2025-11-28,Mobile App,Delivered,2,25
O00203,C0113,2026-02-23,Mobile App,Delivered,1,0
O00204,C0187,2025-09-18,E-commerce,Cancelled,5,0
O00205,C0295,2025-12-15,Store,Delivered,3,0
O00206,C0232,2026-05-29,E-commerce,Returned,2,15
O00207,C0227,2026-07-16,Store,Delivered,5,0
O00208,C0310,2026-02-14,E-commerce,Delivered,2,10
O00209,C0098,2025-09-13,Store,Delivered,4,5
O00210,C0055,2026-08-03,Mobile App,Delivered,1,10
O00211,C0111,2025-10-02,Store,Delivered,1,0
O00212,C0152,2025-10-10,E-commerce,Delivered,5,20
O00213,C0246,2026-01-26,E-commerce,Delivered,4,10
O00214,C0406,2026-04-06,Mobile App,Delivered,3,20
O00215,C0069,2026-04-07,Store,Delivered,4,10
O00216,C0312,2025-11-21,E-commerce,Delivered,4,0
O00217,C0289,2026-07-30,Store,Delivered,3,0
O00218,C0250,2026-03-27,Store,Delivered,3,25
O00219,C0036,2026-03-20,E-commerce,Delivered,4,15
O00220,C0239,2026-07-29,Store,Delivered,2,0
O00221,C0148,2025-10-08,Mobile App,Delivered,2,15
O00222,C0467,2026-03-30,E-commerce,Delivered,4,5
O00223,C0227,2026-07-24,E-commerce,Delivered,2,5
O00224,C0244,2026-05-07,Mobile App,Delivered,3,0
O00225,C0491,2026-04-15,Mobile App,Delivered,3,15
O00226,C0337,2025-10-18,E-commerce,Delivered,2,0
O00227,C0446,2025-09-18,Mobile App,Delivered,3,5
O00228,C0365,2026-06-22,Mobile App,Delivered,1,5
O00229,C0491,2026-03-15,Mobile App,Delivered,3,0
O00230,C0482,2026-03-06,E-commerce,Delivered,4,10
O00231,C0201,2026-08-11,Store,Cancelled,5,0
O00232,C0154,2026-04-12,E-commerce,Delivered,2,5
O00233,C0450,2026-07-15,E-commerce,Delivered,2,20
O00234,C0073,2026-08-31,E-commerce,Delivered,3,5
O00235,C0201,2026-08-03,E-commerce,Delivered,3,5
O00236,C0296,2026-04-17,Store,Cancelled,5,10
O00237,C0017,2025-11-16,E-commerce,Delivered,5,10
O00238,C0129,2026-03-07,Mobile App,Returned,4,15
O00239,C0217,2026-08-12,E-commerce,Delivered,1,0
O00240,C0061,2026-05-28,E-commerce,Delivered,4,20
O00241,C0427,2025-12-04,Store,Delivered,2,15
O00242,C0104,2026-07-07,Store,Delivered,3,15
O00243,C0042,2026-01-10,E-commerce,Delivered,4,0
O00244,C0025,2025-10-09,Mobile App,Delivered,3,0
O00245,C0039,2025-11-11,E-commerce,Delivered,3,10
O00246,C0291,2026-06-08,E-commerce,Cancelled,4,20
O00247,C0131,2026-07-30,Store,Delivered,4,10
O00248,C0498,2026-02-07,Store,Delivered,5,0
O00249,C0229,2026-03-06,E-commerce,Delivered,1,0
O00250,C0108,2026-03-10,Store,Delivered,5,10
O00251,C0172,2025-12-29,Mobile App,Delivered,1,15
O00252,C0435,2026-04-08,E-commerce,Delivered,4,0
O00253,C0478,2025-10-23,Mobile App,Delivered,1,0
O00254,C0102,2026-04-10,Mobile App,Delivered,2,5
O00255,C0354,2026-01-09,Mobile App,Delivered,5,10
O00256,C0012,2026-04-25,E-commerce,Delivered,5,15
O00257,C0275,2026-05-04,Mobile App,Returned,5,15
O00258,C0101,2026-04-14,E-commerce,Delivered,3,10
O00259,C0044,2026-03-27,Store,Delivered,3,0
O00260,C0443,2025-12-05,Mobile App,Delivered,4,10
O00261,C0305,2026-03-19,E-commerce,Delivered,4,25
O00262,C0445,2026-05-05,Store,Delivered,3,20
O00263,C0017,2025-11-11,Store,Delivered,5,20
O00264,C0330,2026-07-15,Store,Delivered,3,5
O00265,C0057,2026-03-04,E-commerce,Delivered,1,15
O00266,C0311,2025-09-06,E-commerce,Delivered,5,20
O00267,C0497,2026-03-25,Mobile App,Delivered,3,10
O00268,C0303,2025-10-02,E-commerce,Delivered,4,5
O00269,C0012,2025-12-08,Store,Delivered,3,25
O00270,C0318,2026-05-14,E-commerce,Delivered,2,10
O00271,C0080,2026-03-06,E-commerce,Cancelled,3,0
O00272,C0216,2025-11-15,E-commerce,Delivered,5,0
O00273,C0339,2026-02-24,E-commerce,Delivered,3,10
O00274,C0264,2026-07-12,Store,Delivered,4,5
O00275,C0479,2026-06-14,E-commerce,Delivered,1,0
O00276,C0149,2026-08-15,E-commerce,Delivered,2,15
O00277,C0081,2026-05-13,E-commerce,Returned,5,15
O00278,C0215,2026-07-22,Mobile App,Returned,4,15
O00279,C0485,2026-03-09,E-commerce,Delivered,2,0
O00280,C0374,2026-07-05,Mobile App,Delivered,3,10
O00281,C0464,2026-08-11,Mobile App,Delivered,2,0
O00282,C0198,2026-01-05,Mobile App,Delivered,1,5
O00283,C0200,2026-06-14,Store,Delivered,2,5
O00284,C0025,2026-05-12,Store,Delivered,2,15
O00285,C0466,2026-04-01,Store,Delivered,3,5
O00286,C0089,2026-05-08,E-commerce,Delivered,3,0
O00287,C0268,2025-11-23,E-commerce,Delivered,5,5
O00288,C0143,2025-09-13,E-commerce,Delivered,3,10
O00289,C0059,2025-10-15,Store,Delivered,2,20
O00290,C0410,2026-01-05,Store,Delivered,1,20
O00291,C0489,2025-12-23,Store,Delivered,3,0
O00292,C0365,2026-06-03,E-commerce,Delivered,5,0
O00293,C0026,2026-03-24,Store,Delivered,5,0
O00294,C0047,2026-08-03,E-commerce,Delivered,2,15
O00295,C0288,2026-05-31,E-commerce,Delivered,3,0
O00296,C0266,2025-10-28,E-commerce,Returned,3,0
O00297,C0016,2026-07-25,E-commerce,Delivered,5,10
O00298,C0199,2026-04-07,Mobile App,Delivered,3,0
O00299,C0401,2025-12-18,E-commerce,Delivered,2,0
O00300,C0407,2026-06-06,E-commerce,Returned,1,5
O00301,C0282,2026-02-21,Mobile App,Delivered,2,5
O00302,C0469,2026-07-25,Store,Cancelled,3,10
O00303,C0086,2026-05-22,Mobile App,Delivered,2,25
O00304,C0250,2026-07-12,E-commerce,Returned,4,0
O00305,C0391,2025-12-20,Store,Delivered,4,5
O00306,C0270,2026-03-06,Store,Delivered,3,20
O00307,C0335,2026-05-27,E-commerce,Cancelled,3,20
O00308,C0117,2026-04-17,Mobile App,Cancelled,1,5
O00309,C0007,2026-02-03,E-commerce,Delivered,2,10
O00310,C0137,2026-03-08,E-commerce,Delivered,1,0
O00311,C0371,2026-05-30,Mobile App,Delivered,3,15
O00312,C0176,2025-09-02,Store,Delivered,3,25
O00313,C0328,2026-05-04,E-commerce,Delivered,5,10
O00314,C0498,2026-03-29,Store,Returned,1,10
O00315,C0315,2026-06-13,Store,Delivered,3,0
O00316,C0215,2026-08-25,Store,Delivered,4,10
O00317,C0477,2025-09-13,E-commerce,Delivered,5,10
O00318,C0082,2025-12-05,Store,Delivered,2,10
O00319,C0223,2026-04-09,E-commerce,Delivered,5,0
O00320,C0478,2026-04-26,Mobile App,Delivered,2,10
O00321,C0372,2025-12-03,E-commerce,Delivered,4,10
O00322,C0423,2026-08-04,E-commerce,Delivered,2,0
O00323,C0483,2026-05-27,Mobile App,Delivered,1,0
O00324,C0402,2026-02-18,E-commerce,Delivered,2,5
O00325,C0443,2025-12-03,E-commerce,Returned,2,15
O00326,C0490,2026-01-27,E-commerce,Delivered,5,10
O00327,C0103,2025-12-21,Mobile App,Delivered,4,15
O00328,C0273,2025-10-25,E-commerce,Delivered,2,5
O00329,C0014,2026-08-03,Store,Delivered,1,20
O00330,C0159,2025-12-25,E-commerce,Delivered,5,15
O00331,C0152,2026-01-21,E-commerce,Delivered,4,5
O00332,C0483,2026-03-20,E-commerce,Delivered,4,0
O00333,C0108,2026-02-27,E-commerce,Delivered,3,5
O00334,C0188,2026-03-21,E-commerce,Delivered,1,25
O00335,C0301,2026-08-30,E-commerce,Cancelled,5,5
O00336,C0098,2025-10-23,Store,Delivered,5,5
O00337,C0131,2026-02-27,Mobile App,Returned,1,0
O00338,C0293,2026-07-10,E-commerce,Delivered,4,15
O00339,C0171,2026-07-05,E-commerce,Delivered,2,5
O00340,C0424,2026-01-15,Store,Delivered,1,5
O00341,C0474,2026-03-01,E-commerce,Delivered,5,5
O00342,C0183,2025-09-01,E-commerce,Delivered,1,5
O00343,C0471,2025-10-14,Store,Delivered,4,5
O00344,C0364,2026-04-15,Mobile App,Delivered,3,10
O00345,C0039,2026-07-28,Mobile App,Delivered,3,15
O00346,C0015,2025-12-07,E-commerce,Returned,2,15
O00347,C0376,2026-03-27,E-commerce,Delivered,2,15
O00348,C0497,2026-05-23,Mobile App,Delivered,4,0
O00349,C0004,2026-06-15,E-commerce,Delivered,2,15
O00350,C0349,2026-05-29,Mobile App,Delivered,3,0
O00351,C0470,2026-01-18,Mobile App,Delivered,4,0
O00352,C0409,2026-04-25,E-commerce,Delivered,4,20
O00353,C0397,2025-11-11,Store,Delivered,4,15
O00354,C0210,2026-02-02,Store,Delivered,1,10
O00355,C0161,2026-03-09,Mobile App,Delivered,2,20
O00356,C0016,2026-05-26,E-commerce,Delivered,5,25
O00357,C0493,2026-07-18,E-commerce,Returned,3,10
O00358,C0426,2025-12-16,E-commerce,Delivered,2,10
O00359,C0108,2026-04-20,E-commerce,Delivered,3,15
O00360,C0382,2025-10-12,Store,Cancelled,2,0
O00361,C0450,2026-03-09,E-commerce,Delivered,5,0
O00362,C0311,2026-01-17,E-commerce,Delivered,3,15
O00363,C0227,2025-12-12,E-commerce,Delivered,5,5
O00364,C0170,2026-02-18,Mobile App,Delivered,3,0
O00365,C0034,2026-08-17,E-commerce,Returned,1,5
O00366,C0414,2026-05-31,E-commerce,Delivered,1,5
O00367,C0251,2026-04-09,E-commerce,Delivered,3,25
O00368,C0247,2026-04-01,Store,Delivered,3,10
O00369,C0269,2026-08-07,E-commerce,Cancelled,5,10
O00370,C0141,2025-10-26,Store,Delivered,4,25
O00371,C0274,2026-08-08,Store,Delivered,3,20
O00372,C0416,2025-12-11,E-commerce,Returned,2,10
O00373,C0096,2026-03-11,Store,Delivered,2,20
O00374,C0227,2026-07-07,E-commerce,Delivered,2,5
O00375,C0379,2026-03-19,Store,Delivered,1,0
O00376,C0039,2026-04-21,Mobile App,Delivered,5,0
O00377,C0302,2026-04-15,E-commerce,Delivered,1,10
O00378,C0500,2026-01-17,E-commerce,Delivered,2,10
O00379,C0029,2026-08-10,E-commerce,Delivered,3,10
O00380,C0446,2026-07-02,Store,Delivered,2,10
O00381,C0497,2026-01-27,E-commerce,Delivered,3,0
O00382,C0477,2025-12-24,Mobile App,Delivered,5,0
O00383,C0318,2025-11-02,E-commerce,Delivered,4,10
O00384,C0245,2025-12-13,Store,Returned,3,0
O00385,C0236,2026-08-05,E-commerce,Delivered,1,10
O00386,C0185,2026-08-25,Mobile App,Returned,2,10
O00387,C0272,2026-02-03,E-commerce,Delivered,2,10
O00388,C0440,2026-05-31,Mobile App,Delivered,2,5
O00389,C0236,2025-09-06,E-commerce,Delivered,3,10
O00390,C0239,2026-01-25,E-commerce,Delivered,5,15
O00391,C0377,2026-03-03,E-commerce,Delivered,3,25
O00392,C0266,2025-09-28,Mobile App,Delivered,1,15
O00393,C0414,2025-10-08,E-commerce,Cancelled,2,10
O00394,C0409,2025-12-28,Mobile App,Delivered,3,0
O00395,C0359,2026-06-20,E-commerce,Delivered,2,10
O00396,C0340,2026-05-02,Store,Returned,1,20
O00397,C0389,2025-11-07,Store,Cancelled,4,0
O00398,C0065,2026-04-02,Mobile App,Returned,4,5
O00399,C0478,2026-04-06,E-commerce,Delivered,4,0
O00400,C0177,2026-02-24,E-commerce,Delivered,2,15
O00401,C0003,2026-06-26,E-commerce,Delivered,3,5
O00402,C0429,2026-02-11,E-commerce,Delivered,2,0
O00403,C0142,2025-10-28,Mobile App,Delivered,5,20
O00404,C0376,2026-05-27,Mobile App,Delivered,3,10
O00405,C0158,2026-07-05,Store,Delivered,1,5
O00406,C0498,2025-10-28,E-commerce,Delivered,4,5
O00407,C0324,2026-06-15,Mobile App,Delivered,3,5
O00408,C0146,2025-12-14,E-commerce,Delivered,3,10
O00409,C0446,2026-04-16,Mobile App,Delivered,4,5
O00410,C0293,2026-05-05,E-commerce,Delivered,1,10
O00411,C0153,2026-03-07,E-commerce,Delivered,2,15
O00412,C0432,2025-11-22,E-commerce,Delivered,2,10
O00413,C0193,2026-03-05,Mobile App,Delivered,3,5
O00414,C0437,2026-05-10,Store,Delivered,4,10
O00415,C0494,2026-08-21,E-commerce,Delivered,5,15
O00416,C0463,2026-04-26,E-commerce,Cancelled,1,0
O00417,C0073,2026-08-26,E-commerce,Delivered,2,0
O00418,C0399,2026-03-03,Mobile App,Delivered,1,10
O00419,C0305,2026-06-11,E-commerce,Delivered,1,10
O00420,C0377,2026-03-29,Store,Delivered,1,0
O00421,C0344,2026-07-01,Store,Delivered,4,15
O00422,C0452,2026-06-23,Store,Delivered,4,10
O00423,C0140,2025-12-06,E-commerce,Delivered,4,20
O00424,C0187,2026-03-27,Store,Delivered,3,0
O00425,C0293,2026-01-15,Mobile App,Delivered,4,15
O00426,C0061,2026-03-03,E-commerce,Delivered,3,0
O00427,C0485,2025-11-15,Mobile App,Delivered,2,10
O00428,C0427,2026-06-14,Store,Delivered,2,10
O00429,C0380,2026-01-20,E-commerce,Delivered,2,5
O00430,C0198,2026-04-25,E-commerce,Delivered,2,15
O00431,C0295,2025-09-25,E-commerce,Delivered,2,0
O00432,C0440,2026-06-17,Mobile App,Delivered,4,10
O00433,C0319,2025-11-06,E-commerce,Delivered,5,0
O00434,C0302,2026-05-08,Store,Delivered,4,15
O00435,C0344,2025-12-27,Mobile App,Delivered,5,0
O00436,C0011,2025-11-12,Mobile App,Delivered,4,15
O00437,C0062,2026-06-09,E-commerce,Delivered,2,15
O00438,C0333,2026-08-26,Mobile App,Delivered,1,15
O00439,C0226,2025-09-10,E-commerce,Cancelled,5,0
O00440,C0153,2026-03-30,E-commerce,Delivered,1,10
O00441,C0199,2026-07-20,Mobile App,Delivered,2,0
O00442,C0052,2026-01-30,E-commerce,Delivered,5,15
O00443,C0260,2025-09-05,Mobile App,Delivered,1,15
O00444,C0059,2026-03-14,E-commerce,Cancelled,4,10
O00445,C0072,2026-06-10,E-commerce,Delivered,2,15
O00446,C0148,2025-12-22,E-commerce,Delivered,4,0
O00447,C0349,2026-05-29,Store,Delivered,4,10
O00448,C0063,2026-02-10,Mobile App,Delivered,2,5
O00449,C0310,2025-12-14,Mobile App,Delivered,5,25
O00450,C0373,2026-02-28,E-commerce,Delivered,3,20
O00451,C0243,2025-10-14,E-commerce,Delivered,3,15
O00452,C0493,2026-06-09,Store,Delivered,2,20
O00453,C0366,2026-02-22,E-commerce,Returned,3,5
O00454,C0330,2026-02-09,E-commerce,Delivered,1,20
O00455,C0107,2026-08-17,Mobile App,Delivered,5,5
O00456,C0226,2026-08-06,E-commerce,Returned,4,15
O00457,C0313,2026-01-18,Store,Delivered,4,15
O00458,C0218,2026-01-10,Mobile App,Cancelled,2,0
O00459,C0425,2025-11-26,E-commerce,Delivered,4,5
O00460,C0241,2026-02-23,E-commerce,Delivered,1,0
O00461,C0259,2026-03-02,E-commerce,Delivered,1,25
O00462,C0376,2026-01-07,Store,Delivered,2,0
O00463,C0262,2026-05-04,Mobile App,Delivered,4,10
O00464,C0005,2025-11-28,E-commerce,Delivered,3,15
O00465,C0261,2025-11-05,E-commerce,Delivered,3,0
O00466,C0054,2026-02-05,Mobile App,Delivered,5,10
O00467,C0047,2026-01-27,Mobile App,Delivered,2,10
O00468,C0215,2026-08-06,E-commerce,Delivered,5,0
O00469,C0177,2025-12-25,E-commerce,Returned,3,15
O00470,C0009,2026-04-02,E-commerce,Delivered,3,5
O00471,C0099,2026-06-21,Mobile App,Delivered,3,0
O00472,C0020,2026-05-11,Store,Delivered,5,10
O00473,C0378,2026-01-21,E-commerce,Returned,2,5
O00474,C0241,2026-05-08,Mobile App,Returned,1,20
O00475,C0061,2026-06-29,E-commerce,Delivered,1,20
O00476,C0379,2025-09-25,E-commerce,Cancelled,3,10
O00477,C0490,2026-06-04,E-commerce,Delivered,2,5
O00478,C0419,2025-11-09,Store,Returned,2,5
O00479,C0178,2025-12-22,E-commerce,Delivered,4,5
O00480,C0338,2026-08-29,Mobile App,Delivered,4,10
O00481,C0062,2025-12-21,E-commerce,Delivered,5,15
O00482,C0145,2026-08-30,E-commerce,Delivered,4,5
O00483,C0216,2026-06-30,E-commerce,Delivered,5,0
O00484,C0003,2025-11-30,Mobile App,Delivered,1,10
O00485,C0160,2025-09-18,E-commerce,Returned,3,0
O00486,C0227,2026-01-27,Mobile App,Delivered,2,15
O00487,C0486,2026-04-15,E-commerce,Delivered,1,10
O00488,C0269,2026-04-02,E-commerce,Delivered,1,10
O00489,C0120,2026-08-26,E-commerce,Delivered,5,5
O00490,C0381,2026-01-29,E-commerce,Delivered,3,20
O00491,C0495,2026-03-11,E-commerce,Delivered,5,0
O00492,C0089,2025-10-10,E-commerce,Delivered,1,20
O00493,C0329,2026-04-30,Mobile App,Delivered,2,5
O00494,C0068,2026-01-16,Mobile App,Delivered,4,20
O00495,C0398,2026-08-11,E-commerce,Returned,5,15
O00496,C0357,2026-02-27,E-commerce,Delivered,1,0
O00497,C0098,2026-03-19,E-commerce,Cancelled,4,15
O00498,C0267,2026-03-22,E-commerce,Delivered,4,10
O00499,C0105,2025-10-31,E-commerce,Delivered,1,0
O00500,C0440,2026-03-11,Store,Returned,3,0
O00501,C0323,2025-09-05,E-commerce,Delivered,1,10
O00502,C0123,2026-04-25,E-commerce,Delivered,2,10
O00503,C0476,2026-02-28,E-commerce,Delivered,4,15
O00504,C0029,2026-07-08,E-commerce,Delivered,2,15
O00505,C0137,2025-10-07,Mobile App,Delivered,5,10
O00506,C0195,2025-10-26,E-commerce,Delivered,4,15
O00507,C0409,2026-04-25,E-commerce,Cancelled,3,10
O00508,C0226,2026-08-24,Mobile App,Delivered,1,5
O00509,C0332,2026-08-15,E-commerce,Delivered,5,20
O00510,C0170,2026-03-16,Mobile App,Delivered,2,0
O00511,C0009,2025-11-12,Mobile App,Delivered,5,5
O00512,C0463,2025-10-29,E-commerce,Returned,3,15
O00513,C0040,2026-04-28,Mobile App,Delivered,1,5
O00514,C0025,2025-09-02,E-commerce,Delivered,5,0
O00515,C0261,2026-08-26,Mobile App,Cancelled,2,0
O00516,C0395,2026-03-07,E-commerce,Delivered,5,10
O00517,C0443,2026-07-04,E-commerce,Delivered,1,25
O00518,C0226,2025-09-30,Mobile App,Delivered,5,10
O00519,C0472,2026-05-25,Store,Delivered,2,10
O00520,C0124,2025-12-17,Store,Delivered,1,5
O00521,C0463,2026-07-29,Mobile App,Delivered,3,5
O00522,C0038,2025-11-29,E-commerce,Delivered,3,0
O00523,C0328,2026-03-24,E-commerce,Delivered,4,5
O00524,C0251,2026-04-08,E-commerce,Delivered,5,5
O00525,C0389,2025-12-03,E-commerce,Delivered,2,0
O00526,C0176,2025-12-12,E-commerce,Delivered,5,0
O00527,C0090,2026-04-11,Store,Returned,1,15
O00528,C0402,2026-03-05,E-commerce,Delivered,4,20
O00529,C0454,2026-03-03,E-commerce,Delivered,2,20
O00530,C0037,2026-02-09,E-commerce,Delivered,5,10
O00531,C0316,2026-05-05,Store,Delivered,2,0
O00532,C0176,2025-10-01,Mobile App,Delivered,1,15
O00533,C0461,2025-10-22,Mobile App,Delivered,4,0
O00534,C0284,2026-08-11,E-commerce,Delivered,2,10
O00535,C0453,2025-11-15,Store,Delivered,1,15
O00536,C0461,2026-06-05,E-commerce,Delivered,3,15
O00537,C0081,2025-10-10,Store,Delivered,2,25
O00538,C0114,2025-12-10,Mobile App,Delivered,4,15
O00539,C0040,2025-12-20,E-commerce,Delivered,2,10
O00540,C0301,2026-07-18,E-commerce,Delivered,2,5
O00541,C0224,2026-05-07,Mobile App,Delivered,1,20
O00542,C0318,2026-03-10,E-commerce,Delivered,5,0
O00543,C0349,2026-03-01,Store,Delivered,5,20
O00544,C0115,2026-08-01,E-commerce,Delivered,2,5
O00545,C0186,2026-03-28,E-commerce,Delivered,4,0
O00546,C0323,2025-09-22,E-commerce,Cancelled,4,15
O00547,C0056,2026-02-13,E-commerce,Delivered,1,0
O00548,C0040,2025-12-08,E-commerce,Delivered,2,15
O00549,C0354,2026-03-27,E-commerce,Delivered,2,5
O00550,C0040,2025-09-08,Mobile App,Delivered,5,20
O00551,C0347,2026-03-09,E-commerce,Delivered,1,10
O00552,C0461,2026-02-22,Store,Delivered,3,10
O00553,C0237,2026-05-31,Mobile App,Delivered,4,5
O00554,C0289,2025-09-17,Store,Delivered,4,0
O00555,C0262,2025-11-29,E-commerce,Delivered,2,15
O00556,C0216,2026-01-19,E-commerce,Delivered,1,0
O00557,C0147,2026-01-23,E-commerce,Delivered,3,5
O00558,C0336,2026-02-13,Mobile App,Delivered,4,10
O00559,C0168,2026-08-03,Store,Delivered,1,10
O00560,C0092,2025-11-17,E-commerce,Returned,3,0
O00561,C0353,2026-05-20,E-commerce,Delivered,2,0
O00562,C0059,2026-02-10,Store,Delivered,5,0
O00563,C0059,2025-09-14,E-commerce,Delivered,4,20
O00564,C0304,2026-04-27,Mobile App,Delivered,4,0
O00565,C0169,2025-11-11,Mobile App,Delivered,3,25
O00566,C0269,2026-01-21,Store,Delivered,5,0
O00567,C0363,2026-07-07,E-commerce,Delivered,1,0
O00568,C0045,2026-06-10,E-commerce,Delivered,2,10
O00569,C0345,2026-05-27,Mobile App,Delivered,1,0
O00570,C0181,2026-04-29,Store,Returned,3,10
O00571,C0170,2026-05-03,E-commerce,Delivered,4,20
O00572,C0356,2026-02-10,E-commerce,Returned,4,0
O00573,C0191,2025-10-30,Mobile App,Delivered,1,15
O00574,C0155,2025-09-06,Store,Cancelled,2,5
O00575,C0422,2026-03-16,Store,Delivered,3,0
O00576,C0188,2025-10-28,Store,Returned,2,0
O00577,C0007,2026-07-02,E-commerce,Delivered,3,20
O00578,C0133,2026-04-05,E-commerce,Delivered,2,0
O00579,C0235,2025-09-26,Mobile App,Delivered,1,20
O00580,C0045,2026-06-30,Store,Delivered,5,10
O00581,C0314,2025-09-05,E-commerce,Delivered,3,0
O00582,C0249,2025-09-20,E-commerce,Returned,1,10
O00583,C0499,2026-03-17,Store,Delivered,4,15
O00584,C0031,2025-10-29,E-commerce,Delivered,4,15
O00585,C0023,2026-04-30,E-commerce,Delivered,2,10
O00586,C0426,2026-01-24,Mobile App,Delivered,4,20
O00587,C0394,2026-05-31,Mobile App,Delivered,5,0
O00588,C0160,2026-05-07,Mobile App,Delivered,3,20
O00589,C0363,2025-09-14,E-commerce,Delivered,2,15
O00590,C0437,2025-09-13,Mobile App,Delivered,3,15
O00591,C0158,2025-10-14,Mobile App,Delivered,3,15
O00592,C0039,2025-09-19,Mobile App,Delivered,1,10
O00593,C0415,2025-11-02,Mobile App,Delivered,4,10
O00594,C0082,2026-04-27,E-commerce,Delivered,3,10
O00595,C0356,2026-08-03,E-commerce,Delivered,5,5
O00596,C0258,2025-12-09,E-commerce,Delivered,5,10
O00597,C0206,2026-02-10,E-commerce,Delivered,4,5
O00598,C0077,2025-12-31,Mobile App,Delivered,4,5
O00599,C0477,2025-10-14,Store,Delivered,2,5
O00600,C0012,2026-08-26,Mobile App,Delivered,2,0
O00601,C0295,2026-07-14,Store,Delivered,2,5
O00602,C0450,2026-01-23,E-commerce,Delivered,4,20
O00603,C0224,2026-07-24,E-commerce,Delivered,3,5
O00604,C0013,2026-08-29,E-commerce,Delivered,1,15
O00605,C0046,2025-10-20,E-commerce,Delivered,2,0
O00606,C0155,2025-11-04,E-commerce,Delivered,1,5
O00607,C0113,2026-08-21,Mobile App,Returned,5,0
O00608,C0233,2026-06-15,Store,Delivered,4,0
O00609,C0017,2026-02-11,E-commerce,Delivered,5,10
O00610,C0360,2026-01-19,E-commerce,Delivered,2,10
O00611,C0223,2026-07-11,Store,Delivered,3,0
O00612,C0354,2026-01-06,E-commerce,Delivered,2,10
O00613,C0188,2026-04-27,Store,Delivered,1,20
O00614,C0448,2026-07-21,Mobile App,Cancelled,2,0
O00615,C0344,2026-06-23,Store,Delivered,3,0
O00616,C0365,2026-03-06,E-commerce,Delivered,3,10
O00617,C0163,2026-03-27,Mobile App,Delivered,4,0
O00618,C0496,2026-04-08,E-commerce,Delivered,4,25
O00619,C0326,2026-03-09,Mobile App,Delivered,3,10
O00620,C0467,2026-08-12,E-commerce,Delivered,3,10
O00621,C0414,2026-06-11,E-commerce,Delivered,1,5
O00622,C0455,2026-08-18,Mobile App,Delivered,2,10
O00623,C0074,2026-04-25,Mobile App,Cancelled,4,0
O00624,C0233,2026-03-13,Store,Delivered,1,20
O00625,C0224,2026-06-14,Mobile App,Delivered,2,10
O00626,C0482,2026-05-17,Mobile App,Delivered,4,0
O00627,C0319,2026-05-04,E-commerce,Delivered,1,10
O00628,C0412,2026-01-14,Mobile App,Cancelled,5,0
O00629,C0060,2026-06-07,Mobile App,Delivered,5,0
O00630,C0335,2026-05-29,Store,Delivered,4,10
O00631,C0222,2026-02-18,Store,Delivered,1,10
O00632,C0037,2026-02-06,E-commerce,Delivered,2,10
O00633,C0477,2026-03-20,Store,Delivered,2,0
O00634,C0278,2025-10-15,E-commerce,Delivered,1,10
O00635,C0196,2026-05-22,E-commerce,Returned,5,0
O00636,C0404,2025-11-10,Mobile App,Delivered,1,10
O00637,C0352,2026-08-30,E-commerce,Delivered,5,10
O00638,C0484,2025-12-12,Mobile App,Delivered,5,10
O00639,C0242,2026-01-03,E-commerce,Delivered,2,20
O00640,C0324,2026-07-10,E-commerce,Delivered,4,20
O00641,C0219,2026-06-13,Mobile App,Delivered,3,25
O00642,C0192,2026-04-18,Mobile App,Delivered,1,25
O00643,C0017,2026-01-24,Store,Delivered,5,15
O00644,C0012,2026-03-16,Mobile App,Delivered,1,25
O00645,C0406,2026-04-09,Mobile App,Delivered,4,20
O00646,C0401,2025-10-30,E-commerce,Cancelled,4,15
O00647,C0394,2025-12-07,E-commerce,Delivered,3,0
O00648,C0374,2026-02-18,E-commerce,Delivered,3,0
O00649,C0193,2026-02-20,Mobile App,Delivered,5,15
O00650,C0022,2026-01-29,Mobile App,Delivered,3,10
O00651,C0474,2026-08-16,E-commerce,Delivered,5,15
O00652,C0120,2025-12-31,Mobile App,Delivered,2,5
O00653,C0210,2025-12-17,Mobile App,Returned,5,5
O00654,C0306,2025-09-04,E-commerce,Delivered,3,15
O00655,C0270,2025-12-02,E-commerce,Cancelled,1,20
O00656,C0192,2025-09-06,Store,Delivered,3,0
O00657,C0175,2026-06-15,Mobile App,Delivered,4,20
O00658,C0285,2025-12-15,Store,Delivered,3,15
O00659,C0204,2026-01-24,E-commerce,Delivered,2,5
O00660,C0164,2026-05-29,Store,Delivered,5,5
O00661,C0251,2025-12-05,E-commerce,Delivered,4,0
O00662,C0227,2026-04-17,E-commerce,Delivered,5,0
O00663,C0436,2026-03-21,Store,Delivered,5,10
O00664,C0381,2026-03-31,E-commerce,Delivered,3,0
O00665,C0460,2025-09-06,Mobile App,Delivered,1,0
O00666,C0007,2025-12-21,E-commerce,Delivered,4,15
O00667,C0029,2026-07-20,Mobile App,Delivered,2,10
O00668,C0395,2025-12-15,Store,Delivered,2,10
O00669,C0033,2026-01-17,E-commerce,Delivered,1,0
O00670,C0134,2026-06-26,Mobile App,Delivered,1,15
O00671,C0367,2025-12-05,E-commerce,Delivered,3,20
O00672,C0079,2026-08-03,Mobile App,Cancelled,2,10
O00673,C0416,2026-06-24,E-commerce,Cancelled,4,20
O00674,C0435,2026-04-02,E-commerce,Cancelled,1,15
O00675,C0459,2026-06-18,E-commerce,Delivered,1,15
O00676,C0058,2025-09-22,E-commerce,Delivered,1,15
O00677,C0471,2026-03-12,Store,Delivered,4,0
O00678,C0026,2026-01-28,E-commerce,Delivered,2,5
O00679,C0482,2026-05-05,E-commerce,Cancelled,4,0
O00680,C0430,2026-05-25,E-commerce,Delivered,4,0
O00681,C0226,2026-05-09,E-commerce,Delivered,3,0
O00682,C0285,2025-09-03,Mobile App,Delivered,1,20
O00683,C0004,2026-07-13,Store,Delivered,2,0
O00684,C0465,2025-11-15,E-commerce,Delivered,3,25
O00685,C0099,2025-11-26,Store,Delivered,3,10
O00686,C0397,2026-05-28,Mobile App,Cancelled,5,0
O00687,C0489,2026-04-13,E-commerce,Returned,1,10
O00688,C0039,2025-09-18,Mobile App,Delivered,2,0
O00689,C0271,2025-12-22,Mobile App,Delivered,2,25
O00690,C0375,2026-05-09,Mobile App,Delivered,2,15
O00691,C0285,2026-04-21,Store,Delivered,1,0
O00692,C0157,2026-07-26,E-commerce,Cancelled,2,20
O00693,C0075,2026-06-06,Store,Delivered,4,15
O00694,C0372,2026-03-21,Store,Delivered,4,0
O00695,C0288,2025-11-22,E-commerce,Delivered,1,10
O00696,C0130,2026-01-03,Mobile App,Delivered,2,10
O00697,C0175,2026-02-22,E-commerce,Delivered,5,0
O00698,C0462,2025-11-08,Store,Delivered,5,15
O00699,C0084,2025-10-17,Mobile App,Delivered,5,0
O00700,C0022,2026-05-14,E-commerce,Delivered,4,10
O00701,C0459,2026-04-03,E-commerce,Delivered,5,0
O00702,C0027,2025-09-30,Mobile App,Delivered,2,25
O00703,C0195,2026-06-08,E-commerce,Delivered,2,15
O00704,C0337,2026-04-25,E-commerce,Delivered,5,0
O00705,C0382,2026-05-06,E-commerce,Delivered,3,5
O00706,C0236,2025-09-25,E-commerce,Delivered,5,0
O00707,C0440,2025-11-13,E-commerce,Delivered,3,15
O00708,C0092,2026-03-25,E-commerce,Returned,1,0
O00709,C0477,2026-07-11,E-commerce,Delivered,1,15
O00710,C0021,2025-12-03,Mobile App,Delivered,2,20
O00711,C0303,2026-01-05,Mobile App,Delivered,4,10
O00712,C0464,2025-09-25,E-commerce,Delivered,2,0
O00713,C0357,2026-07-31,E-commerce,Delivered,2,5
O00714,C0443,2026-08-21,Mobile App,Cancelled,4,10
O00715,C0084,2025-12-25,E-commerce,Delivered,2,10
O00716,C0262,2025-10-18,E-commerce,Delivered,4,10
O00717,C0147,2026-04-14,E-commerce,Delivered,2,10
O00718,C0441,2026-05-24,Store,Delivered,1,5
O00719,C0453,2025-12-08,Store,Delivered,3,20
O00720,C0387,2025-09-11,Store,Delivered,2,0
O00721,C0257,2025-11-24,Mobile App,Delivered,3,10
O00722,C0058,2026-04-02,Mobile App,Delivered,5,15
O00723,C0380,2026-02-20,E-commerce,Delivered,2,0
O00724,C0422,2026-03-28,Mobile App,Delivered,1,15
O00725,C0015,2025-11-03,E-commerce,Delivered,4,15
O00726,C0162,2026-05-16,Mobile App,Delivered,1,10
O00727,C0445,2026-07-29,Store,Delivered,3,0
O00728,C0163,2025-12-30,Mobile App,Delivered,4,0
O00729,C0320,2026-06-25,E-commerce,Delivered,1,5
O00730,C0497,2025-10-24,E-commerce,Delivered,1,0
O00731,C0281,2026-07-28,Mobile App,Delivered,1,25
O00732,C0280,2026-05-30,Mobile App,Delivered,4,10
O00733,C0012,2026-04-29,Store,Delivered,1,5
O00734,C0274,2026-05-01,E-commerce,Delivered,1,20
O00735,C0271,2025-09-18,Store,Delivered,3,15
O00736,C0492,2026-03-06,Mobile App,Delivered,1,5
O00737,C0208,2026-08-12,Store,Delivered,1,5
O00738,C0027,2026-01-22,Mobile App,Delivered,5,0
O00739,C0072,2026-05-20,Mobile App,Delivered,4,25
O00740,C0060,2026-08-30,Mobile App,Delivered,5,10
O00741,C0430,2026-04-27,Mobile App,Delivered,3,20
O00742,C0473,2026-07-01,Store,Delivered,5,5
O00743,C0145,2026-06-25,E-commerce,Delivered,2,20
O00744,C0093,2025-11-15,E-commerce,Delivered,4,0
O00745,C0309,2026-03-07,Store,Delivered,1,25
O00746,C0008,2026-07-30,Mobile App,Delivered,5,20
O00747,C0079,2026-05-04,Mobile App,Delivered,5,5
O00748,C0027,2026-01-08,E-commerce,Delivered,1,15
O00749,C0174,2026-07-12,E-commerce,Delivered,1,15
O00750,C0050,2026-06-10,Store,Cancelled,3,20
O00751,C0500,2025-11-18,Mobile App,Delivered,5,5
O00752,C0199,2025-11-11,E-commerce,Delivered,5,10
O00753,C0387,2026-05-21,E-commerce,Delivered,2,20
O00754,C0349,2026-03-10,Store,Delivered,2,15
O00755,C0448,2025-11-02,E-commerce,Delivered,5,5
O00756,C0428,2025-09-12,Store,Delivered,2,15
O00757,C0181,2026-01-19,E-commerce,Delivered,5,0
O00758,C0024,2026-05-12,Mobile App,Delivered,4,15
O00759,C0316,2025-10-13,Store,Delivered,3,0
O00760,C0378,2025-09-17,Mobile App,Delivered,2,5
O00761,C0387,2025-11-02,E-commerce,Delivered,5,10
O00762,C0404,2026-05-11,Mobile App,Delivered,2,5
O00763,C0046,2026-06-19,E-commerce,Returned,3,10
O00764,C0015,2025-09-08,E-commerce,Delivered,4,10
O00765,C0153,2026-07-22,Store,Delivered,1,5
O00766,C0222,2025-11-29,Store,Delivered,1,0
O00767,C0206,2026-03-27,Mobile App,Delivered,2,15
O00768,C0455,2026-06-19,E-commerce,Delivered,5,5
O00769,C0273,2026-06-11,E-commerce,Delivered,3,10
O00770,C0382,2025-12-27,E-commerce,Cancelled,4,10
O00771,C0236,2026-08-15,Mobile App,Delivered,4,20
O00772,C0340,2026-02-22,Store,Delivered,4,15
O00773,C0228,2025-11-15,Mobile App,Delivered,1,0
O00774,C0009,2025-12-10,Store,Delivered,3,15
O00775,C0166,2026-01-29,E-commerce,Delivered,1,25
O00776,C0432,2026-05-28,E-commerce,Delivered,2,10
O00777,C0444,2025-11-10,E-commerce,Delivered,4,25
O00778,C0319,2026-02-27,E-commerce,Delivered,3,10
O00779,C0214,2026-01-02,E-commerce,Delivered,4,10
O00780,C0117,2026-06-20,Store,Delivered,1,5
O00781,C0386,2026-06-12,E-commerce,Delivered,1,10
O00782,C0344,2026-03-14,Store,Delivered,1,0
O00783,C0072,2026-04-16,E-commerce,Delivered,4,0
O00784,C0395,2026-06-02,Store,Delivered,3,0
O00785,C0064,2025-12-15,Mobile App,Delivered,3,5
O00786,C0205,2025-09-21,Store,Delivered,2,5
O00787,C0209,2025-11-03,E-commerce,Cancelled,4,10
O00788,C0072,2026-02-12,Mobile App,Cancelled,2,5
O00789,C0277,2025-09-27,Store,Delivered,2,25
O00790,C0274,2026-07-08,E-commerce,Cancelled,2,5
O00791,C0478,2026-06-12,E-commerce,Delivered,2,5
O00792,C0320,2026-01-26,E-commerce,Delivered,1,0
O00793,C0338,2026-06-08,Store,Delivered,2,5
O00794,C0366,2026-07-23,Mobile App,Delivered,3,0
O00795,C0495,2026-07-16,Mobile App,Delivered,2,10
O00796,C0095,2026-02-11,E-commerce,Delivered,1,15
O00797,C0166,2026-04-12,E-commerce,Delivered,5,0
O00798,C0032,2026-05-30,Store,Delivered,5,5
O00799,C0011,2026-01-24,E-commerce,Delivered,5,0
O00800,C0301,2026-08-22,Mobile App,Delivered,4,15
O00801,C0217,2025-09-30,Store,Delivered,3,15
O00802,C0289,2025-10-15,E-commerce,Delivered,1,0
O00803,C0102,2026-06-02,Mobile App,Cancelled,5,5
O00804,C0425,2025-10-04,E-commerce,Delivered,1,25
O00805,C0392,2026-01-19,Mobile App,Delivered,1,5
O00806,C0267,2026-07-15,E-commerce,Delivered,4,10
O00807,C0214,2026-04-09,Mobile App,Delivered,5,5
O00808,C0179,2026-08-22,E-commerce,Delivered,2,10
O00809,C0088,2025-09-22,E-commerce,Cancelled,1,25
O00810,C0041,2026-02-27,Mobile App,Delivered,5,25
O00811,C0401,2026-07-26,E-commerce,Delivered,1,15
O00812,C0076,2026-04-19,Mobile App,Delivered,4,5
O00813,C0377,2025-10-08,E-commerce,Delivered,4,10
O00814,C0046,2025-11-09,Mobile App,Delivered,2,5
O00815,C0160,2025-12-25,E-commerce,Delivered,4,25
O00816,C0463,2026-04-27,Mobile App,Delivered,5,15
O00817,C0080,2026-08-01,E-commerce,Delivered,4,5
O00818,C0310,2026-01-26,E-commerce,Delivered,2,0
O00819,C0086,2025-09-09,E-commerce,Delivered,3,10
O00820,C0092,2026-06-15,Mobile App,Delivered,1,25
O00821,C0148,2025-10-20,E-commerce,Delivered,1,10
O00822,C0161,2026-08-04,Store,Cancelled,5,0
O00823,C0202,2025-09-05,Store,Delivered,2,0
O00824,C0424,2026-08-09,E-commerce,Delivered,2,5
O00825,C0416,2026-01-04,Mobile App,Delivered,2,20
O00826,C0242,2025-11-14,E-commerce,Delivered,1,25
O00827,C0353,2026-02-12,E-commerce,Delivered,4,20
O00828,C0002,2026-06-05,Mobile App,Delivered,1,15
O00829,C0225,2026-07-21,Mobile App,Delivered,1,10
O00830,C0289,2026-06-27,Mobile App,Delivered,1,10
O00831,C0233,2026-06-17,E-commerce,Delivered,4,10
O00832,C0461,2025-11-16,E-commerce,Returned,3,15
O00833,C0414,2026-06-25,E-commerce,Delivered,5,5
O00834,C0417,2026-01-15,Mobile App,Delivered,3,10
O00835,C0077,2025-12-15,Mobile App,Delivered,3,0
O00836,C0116,2025-12-04,Mobile App,Delivered,1,5
O00837,C0154,2026-01-13,E-commerce,Delivered,3,15
O00838,C0406,2025-11-07,E-commerce,Delivered,1,20
O00839,C0103,2026-01-25,E-commerce,Delivered,1,10
O00840,C0194,2026-02-06,E-commerce,Delivered,5,0
O00841,C0166,2026-02-10,E-commerce,Delivered,2,20
O00842,C0359,2026-08-07,Store,Cancelled,1,15
O00843,C0090,2026-03-08,Store,Delivered,3,5
O00844,C0174,2026-08-05,Mobile App,Delivered,5,10
O00845,C0122,2025-12-04,E-commerce,Delivered,3,5
O00846,C0498,2026-02-28,E-commerce,Cancelled,2,10
O00847,C0143,2026-06-15,Store,Delivered,4,20
O00848,C0482,2026-07-19,E-commerce,Delivered,2,0
O00849,C0106,2026-03-06,Store,Delivered,5,0
O00850,C0375,2026-01-16,E-commerce,Delivered,2,0
O00851,C0428,2026-01-08,E-commerce,Delivered,2,5
O00852,C0305,2026-03-13,Store,Returned,5,0
O00853,C0360,2026-07-13,E-commerce,Delivered,5,0
O00854,C0459,2026-05-31,Mobile App,Delivered,3,0
O00855,C0317,2026-08-18,Mobile App,Delivered,1,0
O00856,C0451,2026-01-22,E-commerce,Delivered,4,5
O00857,C0123,2025-09-16,E-commerce,Delivered,4,0
O00858,C0390,2026-06-29,Mobile App,Returned,4,10
O00859,C0009,2026-05-03,Mobile App,Delivered,2,10
O00860,C0262,2025-12-16,E-commerce,Returned,5,0
O00861,C0073,2025-11-27,Store,Delivered,5,10
O00862,C0359,2026-01-07,E-commerce,Delivered,5,25
O00863,C0223,2026-08-07,E-commerce,Delivered,1,20
O00864,C0416,2025-09-04,E-commerce,Delivered,5,0
O00865,C0041,2026-07-24,E-commerce,Delivered,5,15
O00866,C0370,2026-07-03,E-commerce,Delivered,2,5
O00867,C0204,2025-12-04,Store,Delivered,3,0
O00868,C0264,2026-03-28,E-commerce,Delivered,4,5
O00869,C0328,2026-04-13,E-commerce,Delivered,2,5
O00870,C0178,2026-08-14,E-commerce,Delivered,2,10
O00871,C0348,2026-07-18,Mobile App,Delivered,2,10
O00872,C0318,2025-10-17,Store,Delivered,4,15
O00873,C0084,2026-02-28,E-commerce,Delivered,2,0
O00874,C0318,2025-12-15,E-commerce,Delivered,3,5
O00875,C0111,2026-03-18,E-commerce,Delivered,5,5
O00876,C0251,2025-12-15,E-commerce,Delivered,3,5
O00877,C0383,2026-06-07,E-commerce,Delivered,5,25
O00878,C0007,2026-05-18,E-commerce,Delivered,5,15
O00879,C0459,2025-12-17,E-commerce,Delivered,2,25
O00880,C0084,2025-09-19,Mobile App,Delivered,2,10
O00881,C0208,2026-06-23,E-commerce,Delivered,4,5
O00882,C0388,2026-07-03,Store,Returned,1,5
O00883,C0390,2026-02-18,Store,Delivered,3,10
O00884,C0314,2026-07-28,Mobile App,Delivered,4,5
O00885,C0022,2026-03-14,E-commerce,Delivered,4,15
O00886,C0410,2025-09-12,E-commerce,Delivered,3,10
O00887,C0383,2026-03-14,E-commerce,Delivered,3,5
O00888,C0003,2026-06-10,Mobile App,Delivered,5,15
O00889,C0127,2026-03-01,E-commerce,Returned,1,20
O00890,C0297,2026-07-02,Store,Delivered,2,5
O00891,C0188,2026-01-22,Store,Delivered,1,10
O00892,C0362,2026-07-13,E-commerce,Delivered,1,0
O00893,C0014,2026-03-01,Mobile App,Delivered,2,10
O00894,C0459,2025-09-30,E-commerce,Delivered,1,0
O00895,C0466,2025-11-23,E-commerce,Delivered,4,0
O00896,C0012,2026-02-13,E-commerce,Delivered,4,10
O00897,C0087,2026-06-11,E-commerce,Delivered,2,5
O00898,C0012,2026-06-08,Store,Delivered,2,15
O00899,C0397,2025-12-05,E-commerce,Delivered,3,20
O00900,C0025,2026-05-24,E-commerce,Delivered,3,0
O00901,C0301,2026-06-25,Mobile App,Cancelled,1,15
O00902,C0243,2026-06-23,Mobile App,Delivered,1,10
O00903,C0122,2026-04-13,E-commerce,Delivered,2,0
O00904,C0147,2026-07-30,Store,Delivered,1,10
O00905,C0055,2026-08-27,Mobile App,Cancelled,5,10
O00906,C0238,2025-10-12,E-commerce,Delivered,4,10
O00907,C0356,2026-06-30,E-commerce,Delivered,1,20
O00908,C0173,2026-05-04,E-commerce,Delivered,1,10
O00909,C0392,2026-03-27,Store,Delivered,3,25
O00910,C0221,2026-04-25,Mobile App,Delivered,5,10
O00911,C0119,2025-09-22,Store,Returned,1,0
O00912,C0309,2026-03-04,E-commerce,Cancelled,4,10
O00913,C0183,2026-04-30,E-commerce,Delivered,1,0
O00914,C0288,2026-08-29,E-commerce,Delivered,2,10
O00915,C0307,2026-06-10,E-commerce,Delivered,5,10
O00916,C0300,2025-10-11,Mobile App,Delivered,1,10
O00917,C0082,2026-08-02,Store,Cancelled,5,0
O00918,C0454,2026-02-09,E-commerce,Delivered,1,10
O00919,C0402,2026-02-07,E-commerce,Delivered,4,0
O00920,C0211,2025-11-28,E-commerce,Delivered,4,10
O00921,C0150,2026-07-19,E-commerce,Delivered,5,15
O00922,C0037,2025-09-12,E-commerce,Delivered,3,25
O00923,C0352,2025-11-12,E-commerce,Delivered,3,0
O00924,C0312,2025-11-15,E-commerce,Delivered,2,10
O00925,C0361,2026-08-12,E-commerce,Delivered,3,10
O00926,C0059,2026-03-20,E-commerce,Returned,5,20
O00927,C0131,2025-09-10,E-commerce,Delivered,3,10
O00928,C0412,2026-08-18,Mobile App,Delivered,2,0
O00929,C0202,2026-04-14,E-commerce,Delivered,1,5
O00930,C0243,2026-02-23,Store,Delivered,3,10
O00931,C0035,2026-06-03,E-commerce,Delivered,5,15
O00932,C0445,2025-10-09,E-commerce,Delivered,5,20
O00933,C0093,2025-10-30,E-commerce,Delivered,2,0
O00934,C0438,2025-11-05,E-commerce,Delivered,2,25
O00935,C0447,2026-07-18,Store,Delivered,4,0
O00936,C0207,2026-01-02,E-commerce,Cancelled,4,25
O00937,C0353,2026-02-11,Store,Delivered,4,20
O00938,C0391,2026-02-06,Store,Delivered,1,10
O00939,C0332,2025-10-27,Mobile App,Returned,5,15
O00940,C0305,2025-11-17,Mobile App,Delivered,4,0
O00941,C0350,2026-03-13,Mobile App,Delivered,5,0
O00942,C0213,2026-06-12,E-commerce,Delivered,2,0
O00943,C0159,2025-09-15,Mobile App,Delivered,1,0
O00944,C0442,2025-09-12,E-commerce,Delivered,2,10
O00945,C0445,2025-12-10,E-commerce,Delivered,5,0
O00946,C0024,2026-02-03,E-commerce,Delivered,4,20
O00947,C0404,2026-08-06,Mobile App,Delivered,2,5
O00948,C0293,2026-01-03,Store,Delivered,3,10
O00949,C0004,2026-08-25,E-commerce,Delivered,1,10
O00950,C0220,2026-06-07,Store,Delivered,5,5
O00951,C0364,2025-12-19,E-commerce,Delivered,4,0
O00952,C0382,2026-07-31,E-commerce,Delivered,2,5
O00953,C0020,2026-08-23,E-commerce,Returned,1,15
O00954,C0444,2026-01-24,E-commerce,Delivered,4,10
O00955,C0152,2026-04-04,E-commerce,Delivered,2,5
O00956,C0050,2026-02-09,Mobile App,Delivered,5,15
O00957,C0177,2026-01-06,Store,Delivered,3,0
O00958,C0435,2026-07-11,E-commerce,Returned,3,10
O00959,C0096,2026-07-29,E-commerce,Delivered,5,5
O00960,C0105,2026-01-28,Store,Delivered,1,15
O00961,C0420,2025-10-06,Mobile App,Delivered,5,20
O00962,C0250,2026-02-20,E-commerce,Cancelled,2,15
O00963,C0117,2025-09-22,E-commerce,Cancelled,1,5
O00964,C0354,2026-03-25,Store,Delivered,3,0
O00965,C0228,2026-01-05,Mobile App,Cancelled,2,15
O00966,C0066,2026-08-02,E-commerce,Delivered,4,10
O00967,C0335,2026-08-22,E-commerce,Delivered,4,0
O00968,C0418,2026-04-05,Store,Delivered,4,15
O00969,C0420,2025-12-05,E-commerce,Cancelled,3,5
O00970,C0262,2026-02-11,Store,Delivered,5,0
O00971,C0295,2026-01-26,E-commerce,Delivered,1,20
O00972,C0426,2025-09-18,Store,Delivered,3,10
O00973,C0243,2026-06-21,E-commerce,Delivered,2,5
O00974,C0371,2026-03-14,E-commerce,Cancelled,2,15
O00975,C0186,2026-01-29,Store,Delivered,4,20
O00976,C0246,2026-08-31,E-commerce,Returned,1,0
O00977,C0125,2026-01-01,Mobile App,Returned,4,10
O00978,C0268,2026-03-06,E-commerce,Delivered,2,15
O00979,C0131,2026-01-27,E-commerce,Delivered,2,0
O00980,C0237,2025-12-13,E-commerce,Delivered,5,10
O00981,C0018,2026-05-01,Mobile App,Delivered,5,0
O00982,C0040,2026-04-19,E-commerce,Delivered,5,15
O00983,C0021,2026-03-25,E-commerce,Delivered,4,15
O00984,C0399,2026-03-17,E-commerce,Delivered,1,0
O00985,C0225,2026-08-03,Mobile App,Cancelled,5,15
O00986,C0355,2025-11-26,Mobile App,Delivered,3,15
O00987,C0282,2026-01-20,E-commerce,Delivered,5,5
O00988,C0008,2026-07-14,E-commerce,Returned,4,10
O00989,C0100,2026-03-18,Store,Delivered,1,0
O00990,C0240,2025-10-16,E-commerce,Delivered,5,20
O00991,C0478,2026-06-15,Store,Delivered,1,10
O00992,C0087,2025-09-15,Store,Delivered,3,10
O00993,C0298,2025-10-14,Store,Delivered,2,10
O00994,C0428,2026-02-16,E-commerce,Delivered,1,10
O00995,C0014,2026-07-07,Store,Delivered,5,20
O00996,C0334,2025-10-14,Store,Delivered,4,10
O00997,C0002,2025-12-07,Mobile App,Delivered,4,20
O00998,C0375,2026-05-19,E-commerce,Delivered,4,10
O00999,C0293,2025-12-18,E-commerce,Delivered,4,0
O01000,C0325,2026-06-10,E-commerce,Delivered,1,20
O01001,C0422,2026-08-09,Mobile App,Delivered,4,10
O01002,C0493,2025-12-13,Mobile App,Delivered,2,10
O01003,C0041,2026-05-14,E-commerce,Delivered,3,25
O01004,C0318,2026-03-25,E-commerce,Delivered,1,0
O01005,C0316,2026-08-01,E-commerce,Delivered,1,5
O01006,C0381,2025-10-13,Mobile App,Delivered,4,0
O01007,C0111,2026-08-19,Store,Delivered,4,10
O01008,C0014,2026-05-03,E-commerce,Delivered,1,15
O01009,C0231,2026-06-14,E-commerce,Delivered,4,25
O01010,C0473,2026-08-21,E-commerce,Delivered,4,10
O01011,C0084,2026-05-31,Mobile App,Delivered,4,15
O01012,C0130,2025-11-22,Mobile App,Delivered,4,20
O01013,C0231,2025-12-19,Store,Cancelled,4,10
O01014,C0326,2026-03-09,E-commerce,Delivered,5,0
O01015,C0145,2026-06-15,Store,Delivered,5,10
O01016,C0379,2026-05-09,E-commerce,Delivered,5,25
O01017,C0345,2026-03-31,Mobile App,Delivered,1,25
O01018,C0028,2026-06-18,E-commerce,Delivered,3,10
O01019,C0066,2026-01-11,Store,Delivered,1,20
O01020,C0163,2026-03-20,Mobile App,Delivered,5,0
O01021,C0229,2026-06-12,Mobile App,Returned,1,0
O01022,C0261,2026-07-23,Store,Cancelled,3,25
O01023,C0449,2025-12-04,E-commerce,Delivered,4,0
O01024,C0424,2026-06-05,E-commerce,Returned,2,0
O01025,C0460,2026-07-22,Store,Delivered,5,5
O01026,C0440,2026-04-07,E-commerce,Delivered,5,10
O01027,C0164,2025-11-28,E-commerce,Delivered,3,10
O01028,C0301,2025-11-11,E-commerce,Delivered,4,5
O01029,C0407,2026-05-05,Mobile App,Delivered,4,20
O01030,C0303,2026-01-07,E-commerce,Delivered,2,20
O01031,C0287,2026-03-31,E-commerce,Delivered,4,5
O01032,C0395,2026-08-09,E-commerce,Delivered,3,5
O01033,C0010,2025-12-05,E-commerce,Delivered,4,15
O01034,C0195,2025-11-14,Store,Delivered,3,10
O01035,C0118,2025-10-24,Store,Delivered,5,5
O01036,C0270,2026-08-10,Mobile App,Cancelled,5,5
O01037,C0080,2025-10-24,E-commerce,Delivered,5,5
O01038,C0458,2026-04-06,Store,Delivered,1,0
O01039,C0093,2025-09-16,Mobile App,Returned,5,10
O01040,C0266,2025-12-08,E-commerce,Delivered,3,10
O01041,C0332,2025-09-20,Store,Delivered,2,15
O01042,C0350,2025-10-16,Store,Delivered,4,15
O01043,C0361,2026-03-12,Mobile App,Delivered,5,5
O01044,C0257,2025-10-28,Mobile App,Delivered,1,15
O01045,C0133,2025-12-20,E-commerce,Delivered,1,0
O01046,C0276,2026-01-07,E-commerce,Delivered,3,10
O01047,C0264,2026-08-03,Mobile App,Delivered,2,15
O01048,C0171,2026-03-13,E-commerce,Cancelled,5,10
O01049,C0460,2026-08-06,E-commerce,Delivered,5,10
O01050,C0001,2026-07-23,Store,Cancelled,1,10
O01051,C0313,2025-09-08,Store,Returned,3,20
O01052,C0064,2025-09-29,E-commerce,Delivered,1,10
O01053,C0374,2025-12-21,Store,Delivered,1,15
O01054,C0468,2026-02-08,Store,Delivered,2,25
O01055,C0284,2026-01-09,Mobile App,Cancelled,3,15
O01056,C0121,2026-03-07,E-commerce,Delivered,2,10
O01057,C0107,2026-02-10,E-commerce,Delivered,3,0
O01058,C0421,2026-03-16,E-commerce,Delivered,5,5
O01059,C0175,2026-08-30,E-commerce,Delivered,4,10
O01060,C0485,2026-03-23,E-commerce,Returned,4,15
O01061,C0204,2026-03-31,E-commerce,Delivered,3,5
O01062,C0165,2025-12-18,E-commerce,Cancelled,4,25
O01063,C0305,2026-06-03,Store,Delivered,1,5
O01064,C0497,2025-11-12,E-commerce,Delivered,5,15
O01065,C0120,2026-02-14,Mobile App,Returned,5,5
O01066,C0044,2026-05-18,Mobile App,Delivered,4,10
O01067,C0312,2026-05-01,E-commerce,Returned,3,15
O01068,C0156,2026-06-02,Store,Delivered,1,5
O01069,C0367,2025-12-11,Mobile App,Delivered,3,0
O01070,C0207,2026-02-20,E-commerce,Delivered,4,10
O01071,C0390,2026-02-18,Store,Returned,5,10
O01072,C0108,2026-01-19,E-commerce,Returned,5,15
O01073,C0251,2026-03-07,Mobile App,Delivered,3,25
O01074,C0445,2025-11-25,E-commerce,Delivered,2,0
O01075,C0404,2025-10-22,Store,Delivered,3,10
O01076,C0370,2025-12-20,E-commerce,Delivered,2,10
O01077,C0334,2026-08-31,Mobile App,Delivered,3,25
O01078,C0130,2026-08-08,E-commerce,Delivered,2,20
O01079,C0457,2025-10-13,Mobile App,Returned,2,15
O01080,C0293,2026-03-30,Store,Delivered,2,10
O01081,C0020,2026-03-19,E-commerce,Delivered,2,0
O01082,C0282,2026-06-25,Mobile App,Delivered,1,5
O01083,C0285,2026-08-12,E-commerce,Delivered,2,10
O01084,C0001,2026-04-28,Store,Returned,2,15
O01085,C0119,2025-12-24,E-commerce,Delivered,5,10
O01086,C0035,2025-09-26,Store,Cancelled,1,15
O01087,C0198,2026-06-26,Store,Returned,2,5
O01088,C0485,2025-11-16,E-commerce,Delivered,4,15
O01089,C0245,2026-01-15,E-commerce,Delivered,1,0
O01090,C0059,2025-09-20,E-commerce,Delivered,5,0
O01091,C0325,2026-03-30,Store,Delivered,3,0
O01092,C0161,2026-04-28,E-commerce,Delivered,5,20
O01093,C0497,2025-10-09,Mobile App,Delivered,5,0
O01094,C0179,2026-05-26,Store,Delivered,1,15
O01095,C0206,2026-03-26,E-commerce,Delivered,1,0
O01096,C0012,2026-05-25,Mobile App,Delivered,4,10
O01097,C0490,2026-02-01,E-commerce,Delivered,4,20
O01098,C0276,2025-10-12,E-commerce,Delivered,1,10
O01099,C0181,2025-09-11,Store,Delivered,1,0
O01100,C0242,2026-06-21,E-commerce,Delivered,1,5
O01101,C0216,2025-12-07,E-commerce,Delivered,3,20
O01102,C0251,2026-06-02,Store,Delivered,5,5
O01103,C0299,2026-04-18,E-commerce,Delivered,4,10
O01104,C0126,2026-04-08,Store,Delivered,4,10
O01105,C0482,2025-11-04,Store,Delivered,2,5
O01106,C0217,2026-08-21,E-commerce,Delivered,3,0
O01107,C0306,2026-04-20,E-commerce,Returned,1,10
O01108,C0285,2026-07-25,Mobile App,Delivered,1,15
O01109,C0185,2025-10-22,E-commerce,Delivered,3,5
O01110,C0039,2026-05-21,E-commerce,Delivered,4,15
O01111,C0223,2026-05-25,Mobile App,Delivered,1,20
O01112,C0184,2026-08-25,E-commerce,Delivered,2,20
O01113,C0495,2026-07-14,Store,Returned,4,0
O01114,C0427,2026-07-21,E-commerce,Delivered,5,5
O01115,C0178,2026-02-01,E-commerce,Cancelled,3,20
O01116,C0407,2026-08-24,E-commerce,Delivered,4,0
O01117,C0428,2026-01-18,Store,Returned,5,0
O01118,C0294,2025-10-21,Mobile App,Delivered,2,20
O01119,C0340,2025-12-26,Store,Delivered,3,5
O01120,C0151,2025-10-16,E-commerce,Delivered,1,5
O01121,C0384,2026-07-06,E-commerce,Delivered,1,5
O01122,C0126,2025-11-27,E-commerce,Delivered,5,15
O01123,C0301,2026-03-27,E-commerce,Delivered,4,5
O01124,C0308,2026-05-27,Mobile App,Delivered,2,20
O01125,C0336,2025-11-28,Mobile App,Delivered,5,10
O01126,C0434,2025-12-27,E-commerce,Delivered,2,10
O01127,C0234,2025-10-24,Store,Delivered,2,5
O01128,C0380,2025-12-25,E-commerce,Returned,2,0
O01129,C0375,2025-12-27,Store,Delivered,3,10
O01130,C0008,2026-05-18,E-commerce,Delivered,5,5
O01131,C0498,2025-11-14,E-commerce,Delivered,3,20
O01132,C0341,2026-07-02,E-commerce,Delivered,4,10
O01133,C0129,2025-09-07,E-commerce,Cancelled,4,10
O01134,C0264,2025-12-31,Mobile App,Delivered,1,5
O01135,C0157,2025-09-11,E-commerce,Delivered,1,15
O01136,C0352,2026-08-14,E-commerce,Cancelled,1,5
O01137,C0358,2026-04-03,Mobile App,Delivered,4,5
O01138,C0005,2026-06-06,Mobile App,Delivered,2,20
O01139,C0495,2025-09-28,Store,Returned,2,10
O01140,C0086,2026-04-23,E-commerce,Delivered,5,10
O01141,C0175,2026-07-10,Mobile App,Delivered,4,10
O01142,C0290,2025-09-26,Mobile App,Delivered,1,15
O01143,C0193,2025-10-24,E-commerce,Delivered,4,5
O01144,C0311,2025-09-29,E-commerce,Returned,2,0
O01145,C0119,2026-08-19,E-commerce,Delivered,2,15
O01146,C0218,2026-02-11,E-commerce,Delivered,3,0
O01147,C0427,2026-05-28,E-commerce,Delivered,3,15
O01148,C0458,2026-07-31,E-commerce,Delivered,5,0
O01149,C0414,2025-10-05,Mobile App,Delivered,4,5
O01150,C0114,2026-06-13,Mobile App,Delivered,3,0
O01151,C0466,2026-08-14,Store,Delivered,3,10
O01152,C0145,2026-05-31,Mobile App,Returned,4,10
O01153,C0026,2026-03-27,E-commerce,Delivered,2,0
O01154,C0136,2026-04-26,Store,Delivered,5,5
O01155,C0303,2025-12-02,Store,Delivered,5,20
O01156,C0232,2026-02-20,E-commerce,Delivered,5,5
O01157,C0369,2025-11-18,Mobile App,Delivered,3,15
O01158,C0076,2025-12-19,Store,Delivered,2,20
O01159,C0475,2026-04-05,Mobile App,Cancelled,5,25
O01160,C0328,2026-08-24,Store,Returned,4,20
O01161,C0345,2025-12-15,E-commerce,Delivered,5,5
O01162,C0302,2025-10-17,E-commerce,Delivered,1,25
O01163,C0452,2026-02-28,E-commerce,Delivered,2,15
O01164,C0289,2025-11-03,Mobile App,Delivered,1,15
O01165,C0001,2026-05-04,Store,Delivered,2,0
O01166,C0147,2026-05-02,Store,Delivered,4,25
O01167,C0287,2026-07-17,E-commerce,Delivered,3,15
O01168,C0464,2025-11-26,E-commerce,Delivered,3,15
O01169,C0142,2026-04-05,Store,Delivered,2,0
O01170,C0053,2025-09-07,Mobile App,Delivered,5,0
O01171,C0304,2026-06-05,E-commerce,Delivered,1,25
O01172,C0069,2026-08-03,E-commerce,Cancelled,4,10
O01173,C0361,2026-03-29,Mobile App,Returned,5,5
O01174,C0090,2026-02-16,Store,Delivered,3,15
O01175,C0446,2026-07-27,E-commerce,Delivered,5,0
O01176,C0220,2026-01-16,E-commerce,Delivered,1,5
O01177,C0450,2026-07-03,Store,Delivered,3,5
O01178,C0498,2026-04-18,Mobile App,Delivered,2,5
O01179,C0192,2026-07-05,E-commerce,Delivered,4,5
O01180,C0454,2026-02-08,E-commerce,Delivered,4,0
O01181,C0063,2025-09-01,Mobile App,Delivered,3,0
O01182,C0073,2026-04-24,E-commerce,Delivered,2,10
O01183,C0161,2026-03-07,E-commerce,Returned,1,20
O01184,C0169,2025-09-04,Mobile App,Delivered,4,10
O01185,C0089,2026-01-10,E-commerce,Delivered,3,5
O01186,C0176,2026-04-06,Mobile App,Delivered,4,0
O01187,C0269,2026-05-18,E-commerce,Delivered,2,15
O01188,C0073,2025-09-01,Mobile App,Delivered,1,25
O01189,C0245,2025-11-10,E-commerce,Delivered,2,5
O01190,C0077,2026-02-25,E-commerce,Delivered,5,5
O01191,C0159,2026-03-08,E-commerce,Delivered,2,10
O01192,C0489,2026-06-18,Store,Delivered,2,15
O01193,C0459,2025-09-08,Store,Delivered,4,10
O01194,C0324,2026-05-11,E-commerce,Delivered,2,10
O01195,C0098,2026-06-19,Store,Delivered,3,15
O01196,C0381,2026-05-02,Mobile App,Delivered,4,25
O01197,C0102,2026-01-01,Store,Delivered,4,0
O01198,C0494,2026-06-26,E-commerce,Delivered,5,25
O01199,C0132,2026-06-10,Mobile App,Delivered,3,5
O01200,C0102,2025-10-02,E-commerce,Returned,2,15
O01201,C0019,2026-07-31,E-commerce,Returned,5,10
O01202,C0454,2026-01-24,Store,Delivered,3,10
O01203,C0482,2026-02-03,Mobile App,Cancelled,5,10
O01204,C0082,2025-09-16,E-commerce,Delivered,1,5
O01205,C0397,2026-08-21,E-commerce,Returned,2,0
O01206,C0489,2025-10-17,Mobile App,Delivered,5,10
O01207,C0279,2026-05-09,Mobile App,Delivered,1,10
O01208,C0339,2026-03-06,E-commerce,Delivered,2,0
O01209,C0365,2025-10-01,Store,Delivered,5,20
O01210,C0331,2026-05-18,E-commerce,Delivered,5,0
O01211,C0129,2025-09-17,E-commerce,Returned,5,5
O01212,C0344,2025-10-09,Store,Delivered,5,0
O01213,C0310,2026-07-01,E-commerce,Delivered,4,10
O01214,C0455,2025-10-09,E-commerce,Delivered,5,5
O01215,C0089,2026-01-10,Mobile App,Delivered,4,10
O01216,C0213,2025-09-30,Store,Delivered,4,0
O01217,C0143,2026-02-05,E-commerce,Delivered,1,0
O01218,C0065,2026-06-05,Store,Delivered,2,15
O01219,C0076,2026-03-22,Store,Delivered,4,10
O01220,C0199,2025-11-05,E-commerce,Delivered,3,5
O01221,C0143,2025-12-17,Mobile App,Delivered,4,0
O01222,C0405,2026-05-26,E-commerce,Delivered,3,20
O01223,C0403,2026-04-10,E-commerce,Cancelled,1,0
O01224,C0316,2026-06-19,Store,Delivered,3,20
O01225,C0093,2025-09-18,Store,Delivered,1,10
O01226,C0473,2025-11-29,E-commerce,Delivered,1,5
O01227,C0417,2026-02-28,E-commerce,Delivered,1,15
O01228,C0305,2026-05-13,E-commerce,Delivered,3,20
O01229,C0224,2026-05-11,E-commerce,Delivered,3,5
O01230,C0497,2026-05-15,E-commerce,Delivered,1,5
O01231,C0291,2026-08-12,E-commerce,Delivered,1,5
O01232,C0428,2025-11-26,Mobile App,Delivered,2,20
O01233,C0102,2025-11-29,E-commerce,Delivered,1,10
O01234,C0474,2026-04-25,E-commerce,Delivered,5,0
O01235,C0267,2025-11-09,Store,Delivered,2,0
O01236,C0355,2025-10-14,Store,Delivered,2,0
O01237,C0456,2026-03-19,E-commerce,Delivered,2,5
O01238,C0110,2026-01-30,E-commerce,Delivered,5,0
O01239,C0462,2025-11-25,Mobile App,Delivered,2,10
O01240,C0330,2025-09-19,E-commerce,Delivered,2,0
O01241,C0450,2025-12-10,E-commerce,Delivered,3,5
O01242,C0430,2025-12-04,Mobile App,Delivered,3,10
O01243,C0265,2026-05-12,E-commerce,Delivered,1,5
O01244,C0003,2026-08-23,E-commerce,Delivered,1,0
O01245,C0085,2025-09-30,E-commerce,Delivered,4,0
O01246,C0282,2026-05-07,E-commerce,Delivered,5,0
O01247,C0328,2025-10-03,E-commerce,Delivered,3,15
O01248,C0304,2026-04-17,Store,Delivered,1,10
O01249,C0450,2025-09-12,E-commerce,Delivered,5,0
O01250,C0454,2025-12-27,E-commerce,Delivered,2,5
O01251,C0412,2026-08-16,E-commerce,Delivered,5,5
O01252,C0117,2026-02-02,Store,Returned,3,10
O01253,C0221,2026-05-04,Mobile App,Returned,4,10
O01254,C0154,2026-07-29,E-commerce,Returned,3,10
O01255,C0153,2026-05-05,Store,Delivered,1,5
O01256,C0012,2025-09-29,E-commerce,Delivered,1,0
O01257,C0133,2026-02-08,E-commerce,Delivered,5,15
O01258,C0482,2026-04-23,E-commerce,Delivered,3,20
O01259,C0304,2026-03-09,E-commerce,Delivered,1,20
O01260,C0293,2025-12-26,E-commerce,Delivered,2,0
O01261,C0463,2026-05-29,Mobile App,Returned,2,15
O01262,C0300,2026-05-16,E-commerce,Delivered,4,15
O01263,C0228,2026-02-27,Mobile App,Delivered,5,20
O01264,C0271,2026-02-19,E-commerce,Delivered,1,5
O01265,C0043,2026-06-01,E-commerce,Delivered,4,15
O01266,C0432,2026-05-17,E-commerce,Delivered,2,0
O01267,C0343,2026-01-13,Store,Delivered,4,10
O01268,C0326,2026-02-18,E-commerce,Delivered,4,5
O01269,C0302,2026-03-29,Mobile App,Delivered,1,15
O01270,C0498,2026-04-24,E-commerce,Cancelled,1,20
O01271,C0364,2026-03-05,E-commerce,Delivered,1,5
O01272,C0379,2026-08-30,E-commerce,Delivered,5,10
O01273,C0427,2025-12-04,E-commerce,Delivered,4,0
O01274,C0493,2025-09-11,E-commerce,Cancelled,4,5
O01275,C0021,2025-11-07,E-commerce,Delivered,5,5
O01276,C0407,2026-03-29,Store,Delivered,2,0
O01277,C0107,2026-03-15,E-commerce,Delivered,3,20
O01278,C0336,2025-12-07,Mobile App,Cancelled,2,0
O01279,C0303,2025-12-02,E-commerce,Delivered,5,10
O01280,C0117,2025-09-22,Mobile App,Delivered,4,20
O01281,C0124,2026-02-19,Mobile App,Delivered,4,20
O01282,C0399,2026-01-12,E-commerce,Delivered,1,15
O01283,C0281,2025-09-25,E-commerce,Delivered,1,0
O01284,C0292,2026-03-04,Mobile App,Delivered,4,15
O01285,C0203,2025-11-24,Store,Delivered,4,5
O01286,C0051,2025-10-25,E-commerce,Returned,1,20
O01287,C0271,2026-05-09,E-commerce,Delivered,1,15
O01288,C0324,2026-01-22,Store,Cancelled,2,15
O01289,C0277,2026-08-17,E-commerce,Delivered,4,0
O01290,C0141,2026-02-14,Mobile App,Delivered,4,10
O01291,C0470,2026-04-12,E-commerce,Delivered,5,15
O01292,C0275,2026-04-08,E-commerce,Delivered,2,20
O01293,C0290,2026-02-26,Mobile App,Delivered,3,0
O01294,C0334,2025-12-28,Mobile App,Delivered,3,20
O01295,C0381,2026-05-23,E-commerce,Delivered,3,0
O01296,C0452,2026-01-28,E-commerce,Delivered,1,10
O01297,C0496,2026-04-03,Store,Delivered,3,10
O01298,C0373,2026-03-16,Mobile App,Delivered,5,0
O01299,C0052,2025-10-12,E-commerce,Delivered,1,0
O01300,C0494,2025-10-23,Mobile App,Returned,1,15
O01301,C0027,2026-07-27,Mobile App,Delivered,3,5
O01302,C0157,2026-05-09,Store,Delivered,1,0
O01303,C0239,2026-06-22,Mobile App,Returned,2,15
O01304,C0156,2026-05-29,E-commerce,Returned,2,15
O01305,C0291,2026-01-01,Mobile App,Delivered,3,10
O01306,C0136,2026-08-05,Mobile App,Delivered,5,0
O01307,C0144,2026-05-24,E-commerce,Delivered,1,0
O01308,C0106,2026-08-14,E-commerce,Delivered,4,15
O01309,C0420,2025-09-29,E-commerce,Delivered,3,10
O01310,C0158,2025-10-05,Mobile App,Delivered,1,10
O01311,C0146,2025-09-06,E-commerce,Delivered,3,15
O01312,C0002,2025-12-20,Mobile App,Delivered,3,5
O01313,C0433,2026-06-21,Store,Delivered,5,0
O01314,C0077,2025-11-16,Store,Delivered,4,20
O01315,C0132,2026-08-15,Store,Delivered,1,10
O01316,C0090,2026-01-25,Store,Delivered,3,10
O01317,C0345,2025-11-06,E-commerce,Delivered,3,20
O01318,C0350,2025-09-08,Mobile App,Delivered,1,20
O01319,C0459,2025-12-31,E-commerce,Delivered,3,10
O01320,C0263,2026-08-06,Store,Delivered,3,5
O01321,C0351,2026-02-22,E-commerce,Delivered,3,25
O01322,C0108,2026-02-26,Store,Delivered,2,10
O01323,C0074,2025-11-24,Mobile App,Delivered,2,5
O01324,C0039,2025-10-15,Store,Delivered,4,10
O01325,C0397,2026-01-14,E-commerce,Delivered,5,5
O01326,C0159,2026-08-09,E-commerce,Delivered,1,20
O01327,C0071,2025-09-16,Store,Delivered,5,10
O01328,C0447,2026-07-30,E-commerce,Delivered,5,15
O01329,C0312,2026-03-14,Store,Delivered,2,15
O01330,C0241,2025-09-09,E-commerce,Returned,4,15
O01331,C0426,2026-07-13,Mobile App,Delivered,5,15
O01332,C0445,2026-07-31,E-commerce,Delivered,5,20
O01333,C0298,2026-07-30,Mobile App,Returned,3,5
O01334,C0440,2026-07-24,Mobile App,Cancelled,1,0
O01335,C0036,2025-09-15,E-commerce,Delivered,4,15
O01336,C0084,2026-07-24,E-commerce,Delivered,1,10
O01337,C0452,2025-12-11,E-commerce,Delivered,2,0
O01338,C0374,2026-04-14,Mobile App,Delivered,5,0
O01339,C0263,2026-06-05,Mobile App,Delivered,5,0
O01340,C0310,2025-12-22,Mobile App,Delivered,1,15
O01341,C0385,2025-09-01,Mobile App,Delivered,2,15
O01342,C0172,2026-05-24,E-commerce,Delivered,3,0
O01343,C0376,2026-03-27,E-commerce,Delivered,3,15
O01344,C0173,2025-12-19,E-commerce,Cancelled,5,5
O01345,C0362,2026-03-19,E-commerce,Delivered,5,15
O01346,C0047,2026-07-03,Store,Delivered,4,10
O01347,C0379,2025-09-12,Store,Delivered,1,15
O01348,C0141,2026-08-11,E-commerce,Delivered,5,5
O01349,C0375,2026-03-07,Mobile App,Delivered,2,5
O01350,C0406,2026-02-01,Store,Returned,1,15
O01351,C0118,2026-07-31,E-commerce,Cancelled,4,0
O01352,C0277,2026-06-06,E-commerce,Delivered,3,25
O01353,C0214,2026-02-18,E-commerce,Delivered,4,10
O01354,C0220,2026-01-12,Mobile App,Delivered,1,5
O01355,C0393,2025-09-25,Store,Delivered,3,10
O01356,C0026,2025-09-18,Mobile App,Delivered,2,0
O01357,C0009,2026-03-09,E-commerce,Delivered,3,10
O01358,C0271,2026-01-19,E-commerce,Delivered,3,25
O01359,C0010,2025-10-13,Store,Delivered,2,0
O01360,C0472,2026-07-31,Store,Delivered,5,15
O01361,C0378,2026-06-11,Mobile App,Returned,5,5
O01362,C0121,2026-01-24,Mobile App,Delivered,3,10
O01363,C0125,2026-07-12,E-commerce,Delivered,3,0
O01364,C0170,2026-07-16,Store,Delivered,4,10
O01365,C0072,2025-12-01,Store,Delivered,5,25
O01366,C0152,2026-02-26,E-commerce,Delivered,2,0
O01367,C0208,2025-10-26,Mobile App,Delivered,3,10
O01368,C0049,2026-02-02,E-commerce,Delivered,3,10
O01369,C0154,2026-02-07,E-commerce,Delivered,4,10
O01370,C0347,2025-12-20,E-commerce,Delivered,4,10
O01371,C0293,2026-01-15,E-commerce,Delivered,4,10
O01372,C0068,2026-04-20,E-commerce,Cancelled,1,0
O01373,C0050,2026-04-08,E-commerce,Returned,2,20
O01374,C0152,2025-11-07,Mobile App,Delivered,1,15
O01375,C0019,2026-06-29,E-commerce,Delivered,3,0
O01376,C0100,2026-05-07,E-commerce,Delivered,4,5
O01377,C0060,2026-07-20,E-commerce,Delivered,4,15
O01378,C0167,2025-09-06,Mobile App,Delivered,4,25
O01379,C0202,2026-06-07,E-commerce,Delivered,5,25
O01380,C0345,2025-12-03,E-commerce,Delivered,2,20
O01381,C0146,2026-05-27,Store,Delivered,1,0
O01382,C0403,2026-03-16,Mobile App,Delivered,2,20
O01383,C0164,2025-09-25,Store,Cancelled,4,20
O01384,C0458,2026-01-26,E-commerce,Delivered,3,5
O01385,C0481,2025-12-27,E-commerce,Delivered,5,5
O01386,C0439,2026-08-04,Mobile App,Delivered,2,10
O01387,C0242,2026-08-04,E-commerce,Delivered,3,10
O01388,C0069,2025-11-05,E-commerce,Delivered,4,5
O01389,C0175,2026-06-28,E-commerce,Delivered,4,0
O01390,C0049,2026-02-22,Store,Delivered,4,0
O01391,C0483,2026-07-16,E-commerce,Delivered,4,5
O01392,C0108,2025-11-15,Store,Delivered,5,5
O01393,C0226,2025-12-23,Store,Delivered,5,15
O01394,C0161,2025-12-20,E-commerce,Returned,2,0
O01395,C0119,2026-05-07,Mobile App,Delivered,4,20
O01396,C0149,2026-03-22,Mobile App,Delivered,5,20
O01397,C0465,2026-01-25,Store,Delivered,3,20
O01398,C0150,2025-10-05,E-commerce,Cancelled,5,15
O01399,C0432,2026-07-06,Store,Delivered,5,0
O01400,C0293,2025-09-26,E-commerce,Delivered,2,5
O01401,C0143,2026-04-26,Store,Cancelled,5,0
O01402,C0419,2025-09-14,E-commerce,Delivered,3,25
O01403,C0476,2025-10-15,E-commerce,Delivered,4,5
O01404,C0455,2026-04-04,Store,Delivered,1,10
O01405,C0160,2026-04-21,Store,Delivered,2,15
O01406,C0011,2026-03-12,Mobile App,Delivered,3,20
O01407,C0138,2025-10-21,E-commerce,Delivered,2,15
O01408,C0457,2026-04-02,E-commerce,Delivered,4,10
O01409,C0078,2026-01-29,Store,Delivered,5,10
O01410,C0077,2026-06-02,Store,Delivered,5,10
O01411,C0441,2026-08-04,Store,Delivered,3,0
O01412,C0254,2025-11-15,E-commerce,Delivered,4,20
O01413,C0409,2026-04-08,E-commerce,Delivered,1,10
O01414,C0258,2026-08-14,Mobile App,Delivered,1,0
O01415,C0320,2026-03-06,Store,Cancelled,5,20
O01416,C0291,2026-06-16,E-commerce,Delivered,4,10
O01417,C0263,2025-09-28,Store,Cancelled,4,20
O01418,C0085,2026-02-27,Mobile App,Delivered,3,20
O01419,C0146,2026-05-11,E-commerce,Delivered,1,15
O01420,C0323,2026-01-04,E-commerce,Delivered,3,0
O01421,C0042,2026-02-24,E-commerce,Delivered,2,0
O01422,C0374,2025-10-07,Mobile App,Returned,4,20
O01423,C0125,2025-12-08,E-commerce,Cancelled,1,20
O01424,C0167,2025-12-07,E-commerce,Delivered,3,10
O01425,C0425,2026-01-05,Store,Delivered,5,5
O01426,C0241,2026-02-15,E-commerce,Delivered,2,0
O01427,C0459,2025-11-19,E-commerce,Delivered,3,25
O01428,C0487,2026-06-21,E-commerce,Delivered,5,0
O01429,C0280,2026-07-30,Mobile App,Delivered,1,0
O01430,C0188,2026-01-04,Store,Delivered,1,10
O01431,C0302,2026-08-09,E-commerce,Delivered,2,0
O01432,C0019,2026-07-07,Store,Delivered,5,20
O01433,C0068,2026-01-28,Mobile App,Delivered,4,0
O01434,C0218,2025-09-16,E-commerce,Delivered,1,0
O01435,C0102,2025-09-28,E-commerce,Cancelled,4,10
O01436,C0042,2026-02-20,E-commerce,Delivered,4,10
O01437,C0288,2025-10-16,E-commerce,Delivered,3,0
O01438,C0167,2026-07-25,Mobile App,Delivered,3,10
O01439,C0109,2026-04-24,Mobile App,Delivered,1,5
O01440,C0494,2026-04-02,E-commerce,Delivered,4,20
O01441,C0036,2025-11-24,E-commerce,Cancelled,3,0
O01442,C0232,2026-06-09,E-commerce,Returned,5,25
O01443,C0229,2026-04-20,Mobile App,Delivered,5,10
O01444,C0353,2025-11-24,E-commerce,Delivered,5,0
O01445,C0164,2025-11-04,Mobile App,Delivered,5,0
O01446,C0387,2026-01-12,E-commerce,Delivered,4,10
O01447,C0073,2026-01-29,Mobile App,Delivered,5,0
O01448,C0136,2025-12-24,Store,Delivered,4,5
O01449,C0353,2025-11-03,E-commerce,Delivered,1,0
O01450,C0379,2026-08-09,E-commerce,Delivered,1,10
O01451,C0070,2026-08-29,Store,Delivered,5,10
O01452,C0425,2026-08-18,E-commerce,Delivered,5,0
O01453,C0487,2026-02-05,Mobile App,Delivered,5,10
O01454,C0196,2025-11-16,E-commerce,Delivered,1,15
O01455,C0269,2026-01-24,Mobile App,Delivered,3,0
O01456,C0049,2026-08-09,E-commerce,Delivered,1,20
O01457,C0316,2026-04-13,Store,Delivered,5,10
O01458,C0130,2026-07-10,Mobile App,Cancelled,3,25
O01459,C0444,2025-12-12,Store,Delivered,3,0
O01460,C0005,2026-08-13,Mobile App,Delivered,2,25
O01461,C0428,2026-06-28,Mobile App,Delivered,4,10
O01462,C0027,2025-11-27,E-commerce,Delivered,5,10
O01463,C0160,2026-06-30,Store,Delivered,4,10
O01464,C0149,2026-02-15,Store,Delivered,2,0
O01465,C0264,2026-02-17,E-commerce,Returned,4,20
O01466,C0230,2026-01-13,Store,Delivered,5,10
O01467,C0200,2025-10-20,Mobile App,Delivered,2,0
O01468,C0050,2026-08-06,Mobile App,Delivered,4,0
O01469,C0067,2026-08-13,E-commerce,Delivered,1,0
O01470,C0300,2026-01-12,E-commerce,Delivered,3,10
O01471,C0381,2026-08-13,E-commerce,Delivered,2,10
O01472,C0058,2026-01-15,E-commerce,Cancelled,1,10
O01473,C0259,2026-05-03,Mobile App,Delivered,5,5
O01474,C0342,2025-12-18,E-commerce,Delivered,3,10
O01475,C0326,2026-07-10,E-commerce,Delivered,2,10
O01476,C0130,2026-06-14,Store,Delivered,3,0
O01477,C0215,2025-09-21,E-commerce,Delivered,2,5
O01478,C0172,2025-11-29,E-commerce,Delivered,2,0
O01479,C0258,2026-06-23,E-commerce,Cancelled,4,20
O01480,C0102,2025-12-21,E-commerce,Delivered,3,15
O01481,C0209,2026-06-28,Store,Delivered,3,25
O01482,C0291,2025-11-16,Mobile App,Returned,1,5
O01483,C0354,2026-02-24,Store,Cancelled,5,20
O01484,C0471,2026-08-09,E-commerce,Delivered,1,10
O01485,C0286,2026-01-26,Mobile App,Returned,4,10
O01486,C0116,2025-12-10,E-commerce,Delivered,2,0
O01487,C0264,2026-05-04,E-commerce,Delivered,4,15
O01488,C0150,2025-12-26,E-commerce,Delivered,4,20
O01489,C0300,2025-12-01,E-commerce,Cancelled,1,0
O01490,C0442,2025-09-28,E-commerce,Delivered,2,0
O01491,C0036,2025-09-25,E-commerce,Delivered,5,10
O01492,C0453,2025-10-28,Store,Delivered,4,25
O01493,C0333,2026-06-24,E-commerce,Delivered,5,15
O01494,C0477,2026-01-12,E-commerce,Delivered,2,5
O01495,C0287,2026-07-28,E-commerce,Delivered,2,5
O01496,C0303,2026-05-07,Mobile App,Returned,1,5
O01497,C0311,2025-10-08,E-commerce,Delivered,3,20
O01498,C0208,2025-11-14,Store,Delivered,1,15
O01499,C0106,2026-01-20,Store,Delivered,5,10
O01500,C0446,2026-07-19,E-commerce,Returned,1,5
O01501,C0158,2026-02-15,E-commerce,Delivered,2,20
O01502,C0121,2026-05-17,E-commerce,Delivered,4,10
O01503,C0055,2026-08-21,Mobile App,Cancelled,3,25
O01504,C0400,2026-04-13,E-commerce,Delivered,2,10
O01505,C0012,2026-01-30,E-commerce,Delivered,4,15
O01506,C0145,2025-09-19,E-commerce,Delivered,5,15
O01507,C0400,2026-01-24,Mobile App,Cancelled,5,5
O01508,C0396,2026-04-29,E-commerce,Delivered,5,25
O01509,C0136,2026-08-10,E-commerce,Delivered,1,0
O01510,C0468,2026-04-25,Mobile App,Cancelled,5,15
O01511,C0003,2025-10-05,Mobile App,Delivered,5,25
O01512,C0144,2026-03-09,Store,Delivered,1,5
O01513,C0030,2025-09-01,E-commerce,Delivered,4,10
O01514,C0237,2026-01-31,Store,Delivered,2,10
O01515,C0279,2026-01-04,Mobile App,Delivered,3,15
O01516,C0348,2026-08-11,E-commerce,Delivered,5,20
O01517,C0115,2026-04-14,Mobile App,Cancelled,5,10
O01518,C0104,2026-04-09,E-commerce,Delivered,5,15
O01519,C0118,2026-03-30,Store,Delivered,1,5
O01520,C0005,2025-09-25,E-commerce,Delivered,1,0
O01521,C0468,2025-09-16,Mobile App,Delivered,1,5
O01522,C0360,2026-03-01,E-commerce,Delivered,3,10
O01523,C0248,2026-07-26,Store,Returned,2,0
O01524,C0364,2026-01-07,E-commerce,Delivered,5,10
O01525,C0321,2025-10-12,Store,Returned,4,5
O01526,C0121,2026-08-02,Store,Delivered,5,15
O01527,C0286,2026-04-24,E-commerce,Delivered,5,0
O01528,C0149,2026-08-26,Store,Delivered,5,10
O01529,C0084,2025-10-04,Store,Delivered,5,10
O01530,C0454,2026-08-11,E-commerce,Delivered,2,20
O01531,C0406,2025-10-15,E-commerce,Delivered,4,15
O01532,C0466,2026-01-12,Mobile App,Delivered,1,15
O01533,C0456,2025-09-21,E-commerce,Delivered,4,20
O01534,C0231,2025-12-31,E-commerce,Delivered,5,10
O01535,C0288,2025-11-09,E-commerce,Delivered,4,5
O01536,C0161,2026-08-18,E-commerce,Delivered,5,20
O01537,C0272,2026-08-27,E-commerce,Delivered,4,15
O01538,C0460,2025-10-18,E-commerce,Delivered,3,5
O01539,C0038,2025-10-09,Store,Delivered,4,15
O01540,C0500,2026-06-14,Mobile App,Delivered,1,20
O01541,C0226,2025-09-10,E-commerce,Delivered,1,25
O01542,C0142,2025-09-30,Mobile App,Delivered,4,25
O01543,C0292,2026-05-02,Mobile App,Delivered,4,5
O01544,C0481,2026-06-01,Store,Cancelled,2,5
O01545,C0151,2025-11-27,E-commerce,Delivered,4,0
O01546,C0114,2026-05-02,E-commerce,Delivered,1,0
O01547,C0237,2026-07-26,Store,Delivered,3,20
O01548,C0066,2025-09-15,Store,Delivered,1,5
O01549,C0361,2025-09-04,Mobile App,Delivered,2,10
O01550,C0341,2026-03-10,Store,Returned,4,10
O01551,C0258,2026-02-15,E-commerce,Delivered,3,15
O01552,C0475,2025-09-09,Mobile App,Delivered,1,0
O01553,C0249,2025-12-18,E-commerce,Delivered,3,5
O01554,C0457,2026-01-15,E-commerce,Delivered,5,5
O01555,C0449,2026-02-01,Store,Cancelled,1,5
O01556,C0331,2026-03-28,E-commerce,Delivered,5,25
O01557,C0323,2026-05-30,E-commerce,Delivered,3,15
O01558,C0180,2026-01-21,Store,Delivered,4,10
O01559,C0190,2025-12-08,E-commerce,Delivered,4,20
O01560,C0407,2026-07-05,Store,Delivered,4,5
O01561,C0154,2025-11-08,Store,Cancelled,5,15
O01562,C0196,2026-05-05,Mobile App,Delivered,4,0
O01563,C0466,2026-05-19,E-commerce,Delivered,2,15
O01564,C0311,2026-06-03,E-commerce,Delivered,1,10
O01565,C0262,2025-11-18,E-commerce,Delivered,1,0
O01566,C0419,2026-01-24,E-commerce,Delivered,3,5
O01567,C0406,2025-12-20,E-commerce,Delivered,5,5
O01568,C0427,2026-05-16,Store,Delivered,1,15
O01569,C0143,2025-12-02,E-commerce,Delivered,5,0
O01570,C0342,2025-09-13,Mobile App,Cancelled,3,10
O01571,C0316,2026-05-18,E-commerce,Delivered,4,15
O01572,C0101,2025-12-18,Mobile App,Delivered,3,10
O01573,C0244,2026-07-27,Store,Delivered,2,15
O01574,C0490,2026-03-08,E-commerce,Delivered,4,0
O01575,C0012,2025-12-04,E-commerce,Delivered,4,10
O01576,C0239,2025-12-14,Mobile App,Returned,4,20
O01577,C0049,2025-09-08,Mobile App,Delivered,3,10
O01578,C0042,2025-11-06,Mobile App,Delivered,2,10
O01579,C0166,2026-03-10,E-commerce,Delivered,5,15
O01580,C0082,2026-05-14,E-commerce,Delivered,3,5
O01581,C0429,2025-09-09,Store,Delivered,1,15
O01582,C0291,2025-12-26,Store,Cancelled,1,20
O01583,C0158,2026-05-25,E-commerce,Delivered,3,0
O01584,C0216,2025-12-08,Store,Delivered,5,20
O01585,C0490,2026-06-25,E-commerce,Delivered,1,0
O01586,C0158,2026-02-11,E-commerce,Delivered,5,10
O01587,C0462,2026-01-19,E-commerce,Delivered,4,20
O01588,C0134,2026-05-26,E-commerce,Cancelled,3,15
O01589,C0067,2025-10-07,Mobile App,Delivered,4,20
O01590,C0336,2025-11-13,E-commerce,Cancelled,1,20
O01591,C0007,2025-11-12,E-commerce,Delivered,5,5
O01592,C0436,2026-07-05,Store,Delivered,4,10
O01593,C0014,2026-03-18,Mobile App,Delivered,1,5
O01594,C0073,2026-01-08,Mobile App,Delivered,2,5
O01595,C0399,2026-05-04,Store,Cancelled,4,5
O01596,C0405,2026-07-09,E-commerce,Delivered,2,15
O01597,C0163,2025-10-30,Mobile App,Delivered,2,10
O01598,C0066,2026-06-06,Store,Delivered,1,15
O01599,C0347,2025-12-12,Mobile App,Delivered,3,15
O01600,C0130,2026-06-23,E-commerce,Delivered,5,0
O01601,C0419,2026-07-17,E-commerce,Delivered,1,10
O01602,C0466,2026-08-07,Store,Delivered,4,5
O01603,C0206,2026-01-29,E-commerce,Delivered,5,10
O01604,C0276,2026-02-04,Store,Delivered,3,15
O01605,C0466,2026-03-25,Mobile App,Delivered,1,10
O01606,C0256,2026-02-26,Mobile App,Cancelled,3,20
O01607,C0266,2026-03-16,Store,Delivered,4,15
O01608,C0025,2026-04-11,Mobile App,Cancelled,1,10
O01609,C0450,2025-11-28,E-commerce,Delivered,4,15
O01610,C0281,2026-06-14,Mobile App,Delivered,5,0
O01611,C0253,2026-06-03,Store,Delivered,5,0
O01612,C0310,2026-04-24,E-commerce,Delivered,3,0
O01613,C0289,2026-03-02,E-commerce,Cancelled,3,5
O01614,C0164,2026-03-28,E-commerce,Delivered,5,0
O01615,C0095,2026-01-08,Store,Delivered,2,25
O01616,C0270,2026-01-31,E-commerce,Delivered,5,10
O01617,C0321,2025-09-13,Mobile App,Delivered,1,10
O01618,C0110,2025-12-31,E-commerce,Delivered,4,5
O01619,C0336,2026-08-25,E-commerce,Delivered,5,5
O01620,C0310,2026-04-08,Mobile App,Delivered,5,5
O01621,C0238,2025-12-15,E-commerce,Delivered,4,10
O01622,C0381,2025-11-09,Mobile App,Delivered,4,10
O01623,C0436,2026-03-14,Store,Delivered,1,10
O01624,C0387,2026-03-05,Store,Delivered,4,10
O01625,C0483,2025-12-08,E-commerce,Delivered,3,15
O01626,C0425,2025-11-21,Store,Delivered,5,0
O01627,C0390,2025-11-14,Mobile App,Delivered,4,15
O01628,C0025,2026-08-06,Store,Delivered,1,10
O01629,C0141,2026-03-11,E-commerce,Delivered,4,10
O01630,C0117,2026-07-22,Mobile App,Delivered,5,5
O01631,C0482,2026-04-02,Store,Delivered,2,5
O01632,C0392,2026-07-12,Store,Delivered,4,0
O01633,C0405,2026-07-15,E-commerce,Returned,3,25
O01634,C0482,2026-01-22,E-commerce,Cancelled,5,10
O01635,C0452,2026-04-04,E-commerce,Delivered,1,25
O01636,C0025,2026-08-27,E-commerce,Delivered,5,10
O01637,C0079,2026-07-21,E-commerce,Returned,2,0
O01638,C0068,2025-09-15,E-commerce,Delivered,1,10
O01639,C0173,2026-04-05,Store,Delivered,2,0
O01640,C0444,2025-10-05,E-commerce,Delivered,2,20
O01641,C0012,2026-03-02,Mobile App,Delivered,3,15
O01642,C0288,2026-05-28,E-commerce,Delivered,4,15
O01643,C0128,2026-08-24,E-commerce,Returned,3,10
O01644,C0096,2025-12-09,E-commerce,Delivered,3,10
O01645,C0092,2025-09-07,E-commerce,Delivered,3,25
O01646,C0141,2025-09-30,Store,Delivered,1,5
O01647,C0031,2026-07-02,Store,Delivered,4,15
O01648,C0334,2026-01-22,E-commerce,Delivered,4,10
O01649,C0020,2025-12-20,E-commerce,Delivered,1,25
O01650,C0146,2026-04-20,E-commerce,Delivered,3,15
O01651,C0477,2026-02-26,Store,Returned,3,25
O01652,C0316,2025-11-11,Store,Delivered,2,10
O01653,C0447,2026-03-29,Mobile App,Delivered,2,0
O01654,C0390,2026-04-08,Mobile App,Delivered,5,10
O01655,C0160,2025-11-19,Store,Delivered,2,15
O01656,C0349,2025-11-22,E-commerce,Delivered,4,15
O01657,C0043,2025-10-12,E-commerce,Cancelled,1,0
O01658,C0254,2026-05-31,Store,Cancelled,3,10
O01659,C0130,2026-03-10,Mobile App,Delivered,5,0
O01660,C0060,2026-02-20,Mobile App,Delivered,2,20
O01661,C0151,2025-09-07,Mobile App,Delivered,5,0
O01662,C0467,2026-02-02,E-commerce,Delivered,1,10
O01663,C0287,2025-09-10,Mobile App,Delivered,1,5
O01664,C0499,2025-10-04,Mobile App,Returned,5,5
O01665,C0005,2025-10-06,E-commerce,Delivered,5,20
O01666,C0467,2025-09-06,Mobile App,Delivered,5,0
O01667,C0418,2026-04-03,Store,Delivered,3,0
O01668,C0266,2026-01-12,E-commerce,Delivered,4,0
O01669,C0345,2026-06-12,E-commerce,Delivered,2,10
O01670,C0130,2026-01-04,E-commerce,Delivered,2,10
O01671,C0382,2026-08-03,Mobile App,Delivered,2,5
O01672,C0267,2026-02-21,E-commerce,Delivered,5,10
O01673,C0178,2026-01-30,Mobile App,Delivered,5,0
O01674,C0253,2026-07-28,Store,Delivered,5,20
O01675,C0415,2025-09-26,E-commerce,Delivered,3,15
O01676,C0056,2025-12-24,Store,Cancelled,3,25
O01677,C0463,2026-06-11,Store,Delivered,3,20
O01678,C0457,2025-11-14,E-commerce,Delivered,3,5
O01679,C0471,2026-02-13,E-commerce,Delivered,1,5
O01680,C0083,2026-03-08,Store,Delivered,3,15
O01681,C0393,2025-11-17,Store,Delivered,3,0
O01682,C0099,2025-11-29,E-commerce,Delivered,3,5
O01683,C0149,2026-02-23,E-commerce,Delivered,2,0
O01684,C0329,2025-09-21,E-commerce,Delivered,2,10
O01685,C0156,2025-10-24,Store,Delivered,2,10
O01686,C0190,2026-03-03,E-commerce,Delivered,4,0
O01687,C0494,2026-08-25,Mobile App,Delivered,1,0
O01688,C0371,2026-04-10,Store,Delivered,5,15
O01689,C0263,2026-07-12,E-commerce,Delivered,3,0
O01690,C0080,2026-07-25,Mobile App,Delivered,2,25
O01691,C0400,2026-02-26,E-commerce,Delivered,1,0
O01692,C0252,2026-06-03,Store,Delivered,3,10
O01693,C0097,2025-12-21,E-commerce,Cancelled,4,5
O01694,C0260,2026-04-12,Mobile App,Returned,5,0
O01695,C0260,2026-04-02,Mobile App,Delivered,3,10
O01696,C0103,2025-10-29,E-commerce,Delivered,5,10
O01697,C0040,2026-07-24,E-commerce,Delivered,3,20
O01698,C0273,2025-12-18,E-commerce,Delivered,4,15
O01699,C0101,2026-02-04,E-commerce,Delivered,1,0
O01700,C0359,2026-03-10,Store,Delivered,5,0
O01701,C0380,2026-03-19,Store,Delivered,5,5
O01702,C0308,2026-07-09,E-commerce,Delivered,1,0
O01703,C0221,2026-03-15,Mobile App,Delivered,5,10
O01704,C0308,2025-10-05,Mobile App,Delivered,2,25
O01705,C0420,2026-05-04,Store,Delivered,1,10
O01706,C0124,2026-04-25,E-commerce,Delivered,4,15
O01707,C0422,2025-12-13,E-commerce,Delivered,3,10
O01708,C0231,2025-09-07,E-commerce,Delivered,3,15
O01709,C0178,2026-06-10,Mobile App,Delivered,1,0
O01710,C0063,2025-09-01,E-commerce,Delivered,2,15
O01711,C0485,2026-04-07,E-commerce,Delivered,4,20
O01712,C0116,2026-04-18,E-commerce,Delivered,3,0
O01713,C0191,2026-02-19,Mobile App,Delivered,3,5
O01714,C0062,2025-11-26,E-commerce,Delivered,2,25
O01715,C0256,2025-10-11,E-commerce,Delivered,5,15
O01716,C0483,2026-01-01,E-commerce,Delivered,1,5
O01717,C0007,2026-07-28,E-commerce,Delivered,2,10
O01718,C0155,2026-06-25,Mobile App,Delivered,2,5
O01719,C0092,2026-02-25,E-commerce,Delivered,2,10
O01720,C0470,2025-11-02,E-commerce,Returned,2,5
O01721,C0014,2026-02-12,Mobile App,Delivered,5,5
O01722,C0455,2026-03-06,E-commerce,Delivered,4,10
O01723,C0229,2026-03-28,E-commerce,Delivered,2,15
O01724,C0086,2026-04-15,Store,Delivered,2,20
O01725,C0133,2025-10-18,E-commerce,Delivered,1,0
O01726,C0183,2026-04-12,E-commerce,Delivered,3,15
O01727,C0386,2025-09-03,E-commerce,Delivered,5,5
O01728,C0062,2026-02-22,E-commerce,Delivered,2,5
O01729,C0219,2025-12-08,Mobile App,Delivered,4,20
O01730,C0405,2025-12-25,Mobile App,Cancelled,4,10
O01731,C0246,2026-05-28,Mobile App,Delivered,4,0
O01732,C0230,2026-05-11,E-commerce,Delivered,1,0
O01733,C0079,2026-07-14,E-commerce,Cancelled,4,10
O01734,C0149,2025-12-04,Store,Cancelled,1,15
O01735,C0138,2026-05-31,Store,Delivered,5,25
O01736,C0471,2025-09-24,E-commerce,Delivered,4,15
O01737,C0314,2025-12-25,E-commerce,Delivered,3,20
O01738,C0376,2026-01-29,E-commerce,Delivered,2,15
O01739,C0423,2026-08-04,E-commerce,Returned,5,20
O01740,C0389,2025-10-20,E-commerce,Delivered,3,0
O01741,C0065,2026-03-25,E-commerce,Delivered,5,20
O01742,C0013,2026-08-01,Mobile App,Cancelled,4,5
O01743,C0213,2025-11-18,Mobile App,Delivered,5,20
O01744,C0474,2025-11-09,E-commerce,Delivered,5,0
O01745,C0242,2025-09-27,E-commerce,Returned,5,15
O01746,C0493,2026-05-29,Store,Delivered,1,15
O01747,C0213,2025-10-20,E-commerce,Delivered,3,25
O01748,C0181,2026-06-19,Mobile App,Delivered,4,15
O01749,C0338,2026-05-05,E-commerce,Delivered,2,5
O01750,C0485,2026-05-22,Mobile App,Delivered,4,10
O01751,C0173,2025-11-18,E-commerce,Delivered,4,5
O01752,C0160,2026-03-09,E-commerce,Returned,1,0
O01753,C0164,2025-10-17,E-commerce,Delivered,1,0
O01754,C0465,2026-08-27,E-commerce,Delivered,5,0
O01755,C0483,2026-08-20,E-commerce,Delivered,4,10
O01756,C0497,2026-08-18,Mobile App,Delivered,3,20
O01757,C0188,2026-03-08,E-commerce,Delivered,1,20
O01758,C0395,2026-05-14,E-commerce,Delivered,1,0
O01759,C0191,2026-04-10,Mobile App,Delivered,3,0
O01760,C0405,2026-04-29,Mobile App,Delivered,1,0
O01761,C0308,2026-05-27,Store,Returned,3,5
O01762,C0256,2025-09-01,Mobile App,Delivered,2,0
O01763,C0183,2025-10-04,E-commerce,Delivered,3,5
O01764,C0117,2025-11-18,Mobile App,Delivered,2,10
O01765,C0282,2026-04-24,Store,Returned,5,10
O01766,C0196,2026-07-31,Store,Delivered,5,10
O01767,C0034,2026-08-15,E-commerce,Delivered,1,5
O01768,C0052,2025-12-07,E-commerce,Delivered,3,15
O01769,C0112,2025-11-21,E-commerce,Delivered,1,15
O01770,C0252,2026-03-11,Mobile App,Delivered,3,5
O01771,C0082,2026-05-11,Mobile App,Delivered,1,0
O01772,C0232,2025-10-08,Mobile App,Delivered,5,5
O01773,C0227,2025-09-14,E-commerce,Returned,5,0
O01774,C0233,2026-08-13,Mobile App,Delivered,1,10
O01775,C0221,2026-07-07,Store,Delivered,3,0
O01776,C0436,2026-03-28,E-commerce,Delivered,4,10
O01777,C0413,2026-08-23,Mobile App,Delivered,3,0
O01778,C0422,2025-11-28,E-commerce,Delivered,1,15
O01779,C0042,2025-10-26,Store,Delivered,3,0
O01780,C0021,2025-12-03,Store,Delivered,2,10
O01781,C0042,2025-12-02,Mobile App,Delivered,3,0
O01782,C0397,2026-08-06,Mobile App,Delivered,5,0
O01783,C0113,2025-11-24,Store,Delivered,5,20
O01784,C0105,2026-05-03,E-commerce,Delivered,2,10
O01785,C0192,2025-09-22,E-commerce,Delivered,3,0
O01786,C0017,2026-06-18,Store,Delivered,4,10
O01787,C0120,2026-05-30,E-commerce,Delivered,3,10
O01788,C0393,2026-07-03,E-commerce,Delivered,5,10
O01789,C0425,2025-12-31,Store,Returned,5,5
O01790,C0129,2026-01-06,Mobile App,Returned,1,20
O01791,C0130,2025-12-22,E-commerce,Returned,5,0
O01792,C0060,2026-05-31,E-commerce,Delivered,1,5
O01793,C0048,2026-08-02,E-commerce,Delivered,5,5
O01794,C0029,2026-01-08,E-commerce,Delivered,5,15
O01795,C0097,2026-01-10,E-commerce,Delivered,4,20
O01796,C0010,2025-11-24,Mobile App,Delivered,1,15
O01797,C0242,2026-08-16,E-commerce,Returned,1,15
O01798,C0314,2025-11-20,E-commerce,Delivered,5,25
O01799,C0444,2026-07-22,E-commerce,Delivered,1,10
O01800,C0232,2025-11-08,Store,Delivered,5,15
O01801,C0277,2026-01-26,E-commerce,Cancelled,5,25
O01802,C0284,2025-09-16,E-commerce,Delivered,3,0
O01803,C0203,2026-07-04,E-commerce,Delivered,1,10
O01804,C0247,2025-12-14,Mobile App,Cancelled,2,15
O01805,C0290,2026-02-12,Mobile App,Delivered,1,20
O01806,C0264,2026-03-20,E-commerce,Delivered,1,20
O01807,C0443,2026-03-16,E-commerce,Delivered,4,15
O01808,C0214,2026-03-04,E-commerce,Delivered,2,20
O01809,C0200,2026-07-19,Mobile App,Delivered,2,10
O01810,C0433,2026-05-23,Mobile App,Delivered,4,0
O01811,C0079,2026-08-29,E-commerce,Returned,4,0
O01812,C0401,2025-12-09,E-commerce,Delivered,1,10
O01813,C0444,2026-08-08,E-commerce,Delivered,3,5
O01814,C0343,2026-07-17,E-commerce,Delivered,4,10
O01815,C0344,2026-04-02,Mobile App,Delivered,2,5
O01816,C0173,2026-06-05,E-commerce,Delivered,2,20
O01817,C0467,2026-02-09,E-commerce,Delivered,1,5
O01818,C0069,2026-02-04,E-commerce,Delivered,3,20
O01819,C0416,2026-05-09,Store,Delivered,5,20
O01820,C0428,2025-12-06,Store,Delivered,4,10
O01821,C0449,2025-09-18,E-commerce,Delivered,4,5
O01822,C0087,2026-07-24,E-commerce,Delivered,1,15
O01823,C0101,2025-12-06,E-commerce,Delivered,3,15
O01824,C0008,2025-09-01,E-commerce,Delivered,2,5
O01825,C0333,2026-04-04,E-commerce,Delivered,2,0
O01826,C0200,2026-01-10,Mobile App,Delivered,5,5
O01827,C0087,2026-05-18,Mobile App,Delivered,2,0
O01828,C0043,2026-01-03,Store,Returned,4,5
O01829,C0385,2025-11-21,E-commerce,Delivered,5,5
O01830,C0109,2026-06-10,Store,Delivered,3,10
O01831,C0435,2026-02-18,Store,Delivered,5,25
O01832,C0408,2025-10-29,E-commerce,Delivered,3,10
O01833,C0483,2025-10-02,E-commerce,Delivered,2,20
O01834,C0152,2026-02-08,E-commerce,Delivered,1,15
O01835,C0017,2026-06-11,E-commerce,Delivered,5,15
O01836,C0133,2025-12-15,E-commerce,Delivered,5,5
O01837,C0148,2025-12-14,Mobile App,Delivered,4,5
O01838,C0277,2026-04-16,E-commerce,Delivered,4,15
O01839,C0232,2026-03-07,Store,Cancelled,3,20
O01840,C0314,2025-11-09,E-commerce,Returned,1,10
O01841,C0415,2026-07-15,Store,Delivered,4,0
O01842,C0366,2026-06-17,E-commerce,Delivered,4,15
O01843,C0228,2025-11-26,Store,Delivered,2,5
O01844,C0139,2026-08-28,E-commerce,Delivered,2,0
O01845,C0436,2025-10-26,E-commerce,Returned,4,15
O01846,C0399,2025-12-22,Store,Delivered,3,10
O01847,C0211,2025-09-13,E-commerce,Delivered,1,10
O01848,C0391,2025-09-18,Mobile App,Delivered,4,20
O01849,C0499,2026-03-01,Mobile App,Delivered,3,10
O01850,C0028,2025-12-22,E-commerce,Delivered,3,10
O01851,C0051,2026-04-17,E-commerce,Delivered,4,5
O01852,C0491,2026-02-18,Mobile App,Delivered,3,5
O01853,C0442,2026-06-22,E-commerce,Delivered,5,15
O01854,C0261,2026-03-08,Mobile App,Delivered,3,5
O01855,C0261,2025-11-18,Store,Delivered,4,0
O01856,C0350,2026-01-24,E-commerce,Delivered,3,0
O01857,C0352,2026-03-01,E-commerce,Delivered,4,10
O01858,C0008,2026-06-13,Mobile App,Delivered,2,10
O01859,C0320,2026-05-08,E-commerce,Cancelled,4,10
O01860,C0138,2026-08-20,E-commerce,Cancelled,3,10
O01861,C0038,2026-07-11,E-commerce,Returned,4,0
O01862,C0111,2026-03-15,Mobile App,Delivered,1,10
O01863,C0480,2026-07-20,E-commerce,Cancelled,4,20
O01864,C0368,2025-11-10,E-commerce,Delivered,4,0
O01865,C0220,2026-05-06,Store,Cancelled,1,10
O01866,C0337,2026-01-24,E-commerce,Delivered,1,10
O01867,C0223,2025-12-15,E-commerce,Returned,1,15
O01868,C0136,2026-05-21,Store,Delivered,5,0
O01869,C0256,2026-06-23,Mobile App,Delivered,4,20
O01870,C0360,2025-11-09,Store,Delivered,1,10
O01871,C0409,2026-03-12,E-commerce,Delivered,1,15
O01872,C0329,2025-11-07,Store,Delivered,2,0
O01873,C0450,2026-07-02,E-commerce,Delivered,5,15
O01874,C0463,2025-10-22,E-commerce,Delivered,4,15
O01875,C0434,2026-08-29,E-commerce,Delivered,3,5
O01876,C0451,2026-06-12,E-commerce,Delivered,5,5
O01877,C0049,2026-07-31,Store,Delivered,5,10
O01878,C0292,2025-09-09,E-commerce,Delivered,2,0
O01879,C0382,2026-05-09,Mobile App,Delivered,4,15
O01880,C0324,2026-07-29,Mobile App,Delivered,4,0
O01881,C0078,2026-06-25,Mobile App,Delivered,1,0
O01882,C0105,2026-03-03,E-commerce,Delivered,1,10
O01883,C0169,2026-02-26,Mobile App,Delivered,5,0
O01884,C0217,2026-03-17,E-commerce,Delivered,2,25
O01885,C0378,2026-01-06,E-commerce,Delivered,4,20
O01886,C0119,2025-09-20,Store,Delivered,2,10
O01887,C0190,2026-07-25,E-commerce,Returned,3,15
O01888,C0255,2025-11-04,E-commerce,Delivered,4,20
O01889,C0370,2026-03-01,Store,Delivered,1,5
O01890,C0266,2026-04-29,E-commerce,Delivered,5,15
O01891,C0149,2025-09-24,Mobile App,Delivered,2,0
O01892,C0164,2025-11-22,E-commerce,Delivered,1,5
O01893,C0140,2026-07-16,E-commerce,Delivered,5,10
O01894,C0347,2026-03-04,E-commerce,Delivered,1,15
O01895,C0488,2026-07-13,E-commerce,Delivered,4,0
O01896,C0258,2025-12-08,E-commerce,Delivered,2,5
O01897,C0374,2025-11-01,Mobile App,Delivered,3,10
O01898,C0269,2026-06-13,Mobile App,Returned,1,5
O01899,C0181,2025-09-22,Store,Delivered,2,15
O01900,C0160,2026-03-31,E-commerce,Delivered,4,10
O01901,C0351,2026-01-04,Mobile App,Returned,1,0
O01902,C0400,2025-10-12,Mobile App,Delivered,4,0
O01903,C0288,2025-12-07,Store,Delivered,3,10
O01904,C0288,2025-10-01,E-commerce,Delivered,3,10
O01905,C0380,2026-02-05,Mobile App,Delivered,5,0
O01906,C0226,2025-12-21,Store,Delivered,5,5
O01907,C0011,2026-05-05,E-commerce,Delivered,5,5
O01908,C0010,2025-12-31,Store,Delivered,4,0
O01909,C0271,2026-05-31,E-commerce,Delivered,5,10
O01910,C0273,2026-06-21,Mobile App,Delivered,2,15
O01911,C0424,2026-03-26,Store,Delivered,4,10
O01912,C0402,2025-12-19,Mobile App,Delivered,4,15
O01913,C0183,2026-06-05,E-commerce,Delivered,5,0
O01914,C0457,2025-10-26,E-commerce,Delivered,5,5
O01915,C0153,2025-10-27,Store,Delivered,4,10
O01916,C0488,2026-06-18,E-commerce,Delivered,3,10
O01917,C0315,2025-12-23,E-commerce,Returned,3,10
O01918,C0334,2026-07-05,Mobile App,Delivered,5,15
O01919,C0124,2026-08-07,E-commerce,Delivered,3,10
O01920,C0473,2026-03-17,E-commerce,Cancelled,2,0
O01921,C0114,2026-07-18,E-commerce,Delivered,2,10
O01922,C0278,2026-02-26,E-commerce,Cancelled,2,15
O01923,C0500,2026-04-07,Mobile App,Delivered,4,25
O01924,C0414,2026-06-04,Mobile App,Delivered,4,10
O01925,C0468,2025-09-16,Mobile App,Delivered,4,10
O01926,C0213,2025-10-31,Store,Delivered,4,10
O01927,C0172,2025-10-24,Store,Delivered,4,20
O01928,C0288,2026-02-15,Mobile App,Cancelled,5,25
O01929,C0435,2025-09-26,E-commerce,Delivered,3,15
O01930,C0174,2026-08-02,Mobile App,Delivered,5,10
O01931,C0113,2025-11-04,E-commerce,Delivered,3,0
O01932,C0376,2025-12-09,Mobile App,Delivered,5,15
O01933,C0405,2025-11-13,Mobile App,Delivered,2,15
O01934,C0483,2026-03-11,E-commerce,Delivered,1,15
O01935,C0122,2026-02-18,Store,Delivered,4,0
O01936,C0032,2026-05-31,E-commerce,Delivered,1,10
O01937,C0222,2026-03-06,Mobile App,Delivered,1,5
O01938,C0119,2025-09-23,E-commerce,Cancelled,2,15
O01939,C0039,2026-02-28,Store,Delivered,1,0
O01940,C0497,2026-07-24,E-commerce,Delivered,1,10
O01941,C0268,2025-12-17,E-commerce,Delivered,2,5
O01942,C0233,2026-08-01,E-commerce,Delivered,3,0
O01943,C0431,2026-02-09,E-commerce,Delivered,5,10
O01944,C0018,2026-06-29,E-commerce,Returned,1,0
O01945,C0149,2026-03-25,Mobile App,Delivered,4,10
O01946,C0397,2025-11-17,E-commerce,Delivered,2,20
O01947,C0149,2025-09-16,E-commerce,Delivered,1,25
O01948,C0126,2026-07-24,E-commerce,Delivered,3,0
O01949,C0392,2025-12-05,Store,Delivered,3,15
O01950,C0302,2026-01-25,Mobile App,Cancelled,4,5
O01951,C0360,2025-09-02,Mobile App,Delivered,1,20
O01952,C0238,2025-09-10,Mobile App,Delivered,4,15
O01953,C0135,2026-01-03,E-commerce,Delivered,3,0
O01954,C0151,2025-11-20,E-commerce,Delivered,3,5
O01955,C0236,2026-01-18,E-commerce,Delivered,5,5
O01956,C0224,2026-07-23,Store,Delivered,3,15
O01957,C0203,2026-01-28,Store,Delivered,2,5
O01958,C0256,2026-06-15,E-commerce,Returned,5,10
O01959,C0086,2026-08-27,E-commerce,Delivered,4,10
O01960,C0150,2026-08-06,E-commerce,Delivered,3,25
O01961,C0235,2026-01-07,E-commerce,Delivered,2,20
O01962,C0345,2026-04-27,Mobile App,Delivered,5,5
O01963,C0022,2025-10-28,E-commerce,Returned,2,15
O01964,C0348,2026-03-17,Store,Delivered,5,15
O01965,C0285,2026-03-30,E-commerce,Delivered,5,20
O01966,C0269,2025-10-15,Store,Delivered,5,0
O01967,C0466,2025-12-06,Store,Delivered,4,5
O01968,C0258,2026-06-06,Store,Delivered,5,5
O01969,C0029,2025-09-23,Mobile App,Delivered,5,5
O01970,C0213,2026-08-01,Mobile App,Delivered,2,0
O01971,C0463,2025-10-14,Mobile App,Cancelled,5,10
O01972,C0436,2025-09-27,Mobile App,Delivered,4,10
O01973,C0283,2026-06-09,Mobile App,Cancelled,2,10
O01974,C0050,2025-12-06,Store,Delivered,5,10
O01975,C0095,2025-10-06,Mobile App,Delivered,2,0
O01976,C0463,2025-12-18,Store,Delivered,4,20
O01977,C0499,2025-10-25,Store,Delivered,2,20
O01978,C0407,2026-03-11,E-commerce,Cancelled,4,10
O01979,C0088,2026-04-07,E-commerce,Delivered,3,20
O01980,C0044,2026-03-04,E-commerce,Delivered,5,0
O01981,C0461,2025-11-08,Mobile App,Delivered,4,15
O01982,C0278,2026-07-14,Store,Delivered,5,0
O01983,C0171,2026-01-08,E-commerce,Cancelled,4,5
O01984,C0421,2025-10-25,Mobile App,Delivered,1,5
O01985,C0189,2025-12-06,Mobile App,Delivered,1,10
O01986,C0353,2026-08-02,E-commerce,Delivered,1,5
O01987,C0184,2025-11-26,Mobile App,Delivered,4,10
O01988,C0003,2026-06-21,Store,Delivered,5,5
O01989,C0191,2025-12-28,E-commerce,Delivered,1,20
O01990,C0118,2026-03-27,Mobile App,Delivered,5,10
O01991,C0019,2026-07-31,Mobile App,Delivered,4,0
O01992,C0023,2026-02-01,E-commerce,Delivered,5,5
O01993,C0413,2025-10-05,E-commerce,Delivered,5,15
O01994,C0030,2025-11-18,Store,Delivered,1,5
O01995,C0295,2025-11-06,E-commerce,Delivered,2,10
O01996,C0108,2026-08-09,E-commerce,Cancelled,3,10
O01997,C0367,2025-10-04,E-commerce,Delivered,4,5
O01998,C0281,2025-12-06,Mobile App,Returned,4,5
O01999,C0128,2026-02-16,Mobile App,Delivered,4,10
O02000,C0229,2026-02-16,Mobile App,Delivered,3,0
O02001,C0111,2026-01-29,E-commerce,Delivered,2,5
O02002,C0136,2025-11-10,Store,Delivered,5,0
O02003,C0362,2025-09-03,E-commerce,Delivered,4,5
O02004,C0186,2026-07-11,E-commerce,Cancelled,5,5
O02005,C0144,2025-10-02,E-commerce,Delivered,1,25
O02006,C0072,2026-06-14,E-commerce,Delivered,1,10
O02007,C0129,2025-11-21,Store,Delivered,1,15
O02008,C0364,2025-10-13,Store,Delivered,4,0
O02009,C0261,2025-12-14,E-commerce,Delivered,3,0
O02010,C0003,2025-09-01,Store,Cancelled,4,15
O02011,C0449,2025-10-31,Store,Delivered,1,10
O02012,C0388,2026-05-28,Store,Delivered,1,0
O02013,C0104,2026-02-27,E-commerce,Delivered,4,5
O02014,C0483,2026-04-12,Mobile App,Cancelled,3,10
O02015,C0224,2025-09-06,E-commerce,Returned,3,15
O02016,C0320,2025-12-12,Store,Delivered,5,0
O02017,C0362,2025-09-10,E-commerce,Returned,2,10
O02018,C0354,2025-11-10,Mobile App,Delivered,1,15
O02019,C0491,2025-11-29,E-commerce,Returned,3,25
O02020,C0473,2026-04-14,E-commerce,Delivered,1,15
O02021,C0010,2026-02-05,Mobile App,Delivered,2,5
O02022,C0405,2026-04-16,Store,Delivered,1,15
O02023,C0384,2026-01-04,Mobile App,Delivered,3,15
O02024,C0302,2026-03-28,Store,Delivered,5,15
O02025,C0231,2025-12-06,E-commerce,Delivered,4,15
O02026,C0219,2025-11-13,Mobile App,Delivered,4,20
O02027,C0411,2025-12-24,E-commerce,Returned,3,0
O02028,C0066,2026-03-10,E-commerce,Delivered,3,0
O02029,C0425,2026-02-17,Mobile App,Delivered,2,15
O02030,C0112,2026-07-04,Mobile App,Delivered,1,5
O02031,C0013,2026-03-23,Mobile App,Returned,2,0
O02032,C0393,2025-10-26,Mobile App,Returned,4,5
O02033,C0500,2026-03-27,Mobile App,Delivered,1,15
O02034,C0420,2025-10-11,E-commerce,Delivered,2,0
O02035,C0086,2025-10-02,E-commerce,Delivered,4,10
O02036,C0234,2025-09-15,Mobile App,Delivered,1,0
O02037,C0090,2025-11-01,E-commerce,Delivered,5,0
O02038,C0314,2026-02-02,E-commerce,Cancelled,5,5
O02039,C0054,2026-06-11,E-commerce,Delivered,2,0
O02040,C0012,2026-03-28,Mobile App,Delivered,3,15
O02041,C0209,2026-07-17,E-commerce,Delivered,1,20
O02042,C0462,2026-03-06,Mobile App,Delivered,2,15
O02043,C0014,2026-01-08,Mobile App,Delivered,3,0
O02044,C0121,2026-01-05,E-commerce,Delivered,3,10
O02045,C0418,2026-06-19,Store,Delivered,1,0
O02046,C0437,2025-12-23,Mobile App,Delivered,1,5
O02047,C0377,2026-03-18,Mobile App,Delivered,3,10
O02048,C0020,2025-09-13,Mobile App,Delivered,4,15
O02049,C0075,2026-05-29,E-commerce,Returned,2,0
O02050,C0400,2025-11-28,Mobile App,Delivered,1,5
O02051,C0243,2026-04-03,E-commerce,Delivered,3,20
O02052,C0223,2026-06-05,Store,Delivered,4,5
O02053,C0070,2026-03-22,Store,Delivered,5,20
O02054,C0312,2025-11-13,Mobile App,Delivered,3,25
O02055,C0211,2025-09-25,E-commerce,Delivered,4,10
O02056,C0101,2025-12-10,E-commerce,Delivered,5,5
O02057,C0186,2026-02-23,E-commerce,Delivered,4,15
O02058,C0132,2025-12-26,E-commerce,Delivered,1,0
O02059,C0111,2026-02-13,E-commerce,Cancelled,3,5
O02060,C0381,2025-10-11,Mobile App,Delivered,5,15
O02061,C0132,2026-08-10,E-commerce,Cancelled,4,5
O02062,C0020,2025-12-29,Store,Delivered,5,0
O02063,C0394,2025-12-06,E-commerce,Delivered,2,10
O02064,C0024,2026-01-23,Store,Delivered,3,15
O02065,C0227,2026-04-04,Store,Delivered,1,0
O02066,C0154,2026-04-17,Mobile App,Delivered,5,5
O02067,C0293,2026-07-10,Mobile App,Delivered,4,0
O02068,C0230,2026-01-08,E-commerce,Delivered,5,5
O02069,C0469,2026-08-18,Mobile App,Delivered,4,15
O02070,C0310,2026-07-15,E-commerce,Cancelled,5,15
O02071,C0488,2026-01-15,E-commerce,Delivered,1,10
O02072,C0359,2026-07-21,Mobile App,Delivered,1,0
O02073,C0405,2026-08-03,E-commerce,Delivered,3,0
O02074,C0202,2026-05-31,Mobile App,Returned,1,0
O02075,C0038,2025-12-26,E-commerce,Delivered,5,5
O02076,C0430,2026-07-03,E-commerce,Cancelled,5,0
O02077,C0260,2025-12-03,E-commerce,Delivered,1,5
O02078,C0188,2026-02-15,E-commerce,Delivered,2,0
O02079,C0057,2026-03-22,E-commerce,Delivered,5,15
O02080,C0429,2026-08-07,E-commerce,Delivered,3,15
O02081,C0020,2026-01-27,E-commerce,Returned,2,10
O02082,C0273,2026-03-02,Store,Delivered,1,0
O02083,C0119,2026-01-30,E-commerce,Returned,4,20
O02084,C0071,2025-11-13,Mobile App,Delivered,5,25
O02085,C0004,2026-08-31,E-commerce,Delivered,4,0
O02086,C0221,2026-06-01,Store,Delivered,3,15
O02087,C0014,2025-10-12,E-commerce,Delivered,2,15
O02088,C0003,2026-03-31,E-commerce,Delivered,4,10
O02089,C0216,2025-12-10,Mobile App,Delivered,3,5
O02090,C0229,2025-10-15,E-commerce,Delivered,4,10
O02091,C0336,2025-11-21,Mobile App,Delivered,4,10
O02092,C0186,2025-09-17,E-commerce,Delivered,3,5
O02093,C0055,2025-11-12,Store,Delivered,5,20
O02094,C0500,2025-09-14,E-commerce,Delivered,4,15
O02095,C0388,2026-02-04,E-commerce,Delivered,3,0
O02096,C0376,2026-04-11,Mobile App,Delivered,4,10
O02097,C0254,2026-01-10,E-commerce,Cancelled,5,10
O02098,C0024,2026-08-04,Store,Delivered,3,0
O02099,C0162,2025-10-17,E-commerce,Delivered,4,5
O02100,C0158,2025-12-16,Mobile App,Delivered,1,20
O02101,C0082,2025-12-17,E-commerce,Delivered,5,10
O02102,C0403,2026-05-23,Store,Delivered,4,0
O02103,C0159,2026-03-24,Mobile App,Delivered,2,0
O02104,C0188,2025-11-18,E-commerce,Delivered,3,10
O02105,C0060,2026-02-02,E-commerce,Delivered,4,10
O02106,C0403,2026-05-29,E-commerce,Delivered,5,5
O02107,C0305,2026-05-05,Store,Delivered,5,10
O02108,C0319,2025-09-19,E-commerce,Delivered,2,0
O02109,C0366,2026-08-12,E-commerce,Delivered,2,0
O02110,C0211,2025-09-26,E-commerce,Delivered,4,10
O02111,C0406,2026-04-05,E-commerce,Delivered,1,0
O02112,C0152,2026-02-01,Mobile App,Delivered,5,20
O02113,C0109,2026-02-01,Store,Cancelled,1,0
O02114,C0076,2026-02-21,Mobile App,Delivered,1,10
O02115,C0030,2025-12-01,Store,Delivered,4,5
O02116,C0314,2026-08-04,Mobile App,Delivered,3,5
O02117,C0486,2026-02-28,E-commerce,Delivered,3,15
O02118,C0117,2026-01-09,E-commerce,Delivered,3,10
O02119,C0415,2026-06-25,Mobile App,Delivered,2,15
O02120,C0356,2026-06-02,Store,Delivered,5,10
O02121,C0192,2026-05-31,Store,Delivered,2,10
O02122,C0019,2025-11-15,E-commerce,Delivered,5,15
O02123,C0432,2026-02-24,E-commerce,Delivered,5,10
O02124,C0173,2026-03-03,E-commerce,Returned,5,10
O02125,C0228,2026-07-16,Store,Delivered,4,15
O02126,C0350,2026-01-09,Store,Returned,3,20
O02127,C0183,2026-08-29,Store,Delivered,2,5
O02128,C0113,2025-10-19,E-commerce,Delivered,2,10
O02129,C0183,2025-10-25,Mobile App,Delivered,4,0
O02130,C0481,2026-02-01,E-commerce,Cancelled,5,5
O02131,C0146,2026-08-21,E-commerce,Returned,3,5
O02132,C0319,2026-03-19,Mobile App,Delivered,1,15
O02133,C0116,2026-07-05,E-commerce,Delivered,1,10
O02134,C0113,2026-08-22,E-commerce,Delivered,4,15
O02135,C0251,2025-12-27,Store,Delivered,3,0
O02136,C0476,2026-05-21,Store,Delivered,1,10
O02137,C0251,2025-10-16,E-commerce,Delivered,1,20
O02138,C0303,2026-06-29,Mobile App,Returned,2,0
O02139,C0459,2026-08-22,E-commerce,Delivered,3,0
O02140,C0313,2026-03-08,Mobile App,Delivered,1,5
O02141,C0118,2026-07-07,Store,Delivered,2,15
O02142,C0301,2026-07-15,Store,Delivered,3,10
O02143,C0161,2026-01-07,Mobile App,Delivered,5,10
O02144,C0401,2025-10-19,E-commerce,Delivered,3,10
O02145,C0198,2025-09-25,E-commerce,Delivered,4,5
O02146,C0260,2026-05-24,E-commerce,Delivered,2,15
O02147,C0148,2025-12-27,E-commerce,Returned,5,0
O02148,C0240,2026-01-22,Store,Delivered,2,5
O02149,C0047,2026-03-19,E-commerce,Delivered,2,10
O02150,C0475,2026-02-04,E-commerce,Delivered,1,15
O02151,C0399,2026-08-14,E-commerce,Delivered,3,15
O02152,C0198,2026-01-12,Store,Delivered,2,15
O02153,C0047,2026-01-26,E-commerce,Delivered,2,5
O02154,C0078,2026-08-02,Mobile App,Delivered,4,0
O02155,C0124,2025-11-10,E-commerce,Returned,4,0
O02156,C0075,2026-04-21,E-commerce,Delivered,4,20
O02157,C0359,2026-07-31,E-commerce,Delivered,2,20
O02158,C0137,2026-06-26,Mobile App,Returned,5,25
O02159,C0090,2026-02-01,Mobile App,Delivered,3,0
O02160,C0400,2025-11-29,Store,Delivered,2,10
O02161,C0325,2026-07-31,E-commerce,Delivered,1,10
O02162,C0500,2026-03-18,E-commerce,Returned,5,15
O02163,C0061,2026-02-08,Store,Delivered,5,10
O02164,C0138,2025-09-26,E-commerce,Cancelled,3,15
O02165,C0050,2025-12-30,Mobile App,Delivered,5,5
O02166,C0259,2026-06-28,Store,Delivered,3,0
O02167,C0461,2026-03-31,E-commerce,Delivered,5,0
O02168,C0107,2025-11-02,Mobile App,Delivered,3,0
O02169,C0113,2025-11-07,E-commerce,Delivered,4,5
O02170,C0350,2026-05-11,E-commerce,Delivered,4,0
O02171,C0254,2025-09-02,E-commerce,Delivered,5,5
O02172,C0118,2025-12-17,Store,Delivered,5,10
O02173,C0493,2026-06-13,E-commerce,Delivered,3,20
O02174,C0198,2025-10-19,Mobile App,Delivered,3,15
O02175,C0337,2026-01-18,Store,Delivered,2,5
O02176,C0365,2026-04-06,Mobile App,Delivered,4,0
O02177,C0051,2025-10-14,Mobile App,Delivered,2,0
O02178,C0245,2026-05-27,E-commerce,Delivered,2,25
O02179,C0403,2025-11-17,E-commerce,Delivered,1,10
O02180,C0426,2026-04-04,E-commerce,Delivered,3,0
O02181,C0035,2025-12-07,Mobile App,Delivered,1,15
O02182,C0302,2026-04-24,Store,Delivered,1,5
O02183,C0410,2026-06-09,Store,Returned,2,20
O02184,C0499,2026-01-27,Store,Delivered,1,5
O02185,C0069,2026-07-01,Store,Delivered,3,5
O02186,C0349,2025-11-05,E-commerce,Delivered,2,10
O02187,C0320,2026-04-22,Mobile App,Delivered,3,20
O02188,C0421,2025-11-26,Store,Delivered,5,20
O02189,C0468,2025-11-18,E-commerce,Delivered,1,10
O02190,C0049,2026-03-24,Store,Delivered,2,0
O02191,C0405,2026-06-06,E-commerce,Delivered,4,5
O02192,C0074,2026-08-03,Mobile App,Delivered,3,25
O02193,C0192,2026-05-12,Mobile App,Delivered,1,10
O02194,C0261,2026-07-01,Store,Delivered,3,15
O02195,C0356,2026-01-08,E-commerce,Delivered,3,5
O02196,C0070,2025-11-23,Mobile App,Delivered,5,10
O02197,C0090,2026-06-03,Mobile App,Delivered,3,5
O02198,C0260,2026-03-06,E-commerce,Delivered,5,15
O02199,C0126,2025-10-16,Store,Delivered,5,20
O02200,C0231,2026-03-02,Mobile App,Delivered,5,10
O02201,C0295,2026-05-26,Mobile App,Delivered,1,10
O02202,C0498,2026-06-23,E-commerce,Delivered,3,5
O02203,C0419,2026-07-19,E-commerce,Delivered,3,0
O02204,C0129,2025-12-09,Mobile App,Delivered,5,20
O02205,C0280,2025-11-17,E-commerce,Delivered,3,5
O02206,C0313,2026-05-30,E-commerce,Delivered,3,15
O02207,C0100,2026-08-05,Store,Delivered,5,15
O02208,C0326,2026-02-09,Mobile App,Delivered,4,15
O02209,C0297,2025-10-14,Mobile App,Delivered,4,20
O02210,C0182,2026-04-26,E-commerce,Delivered,5,10
O02211,C0174,2026-01-12,E-commerce,Delivered,1,20
O02212,C0316,2026-03-11,E-commerce,Delivered,3,0
O02213,C0364,2026-08-22,E-commerce,Delivered,3,10
O02214,C0188,2026-06-05,Mobile App,Delivered,4,15
O02215,C0057,2025-09-18,Mobile App,Delivered,5,5
O02216,C0031,2025-09-12,E-commerce,Cancelled,1,15
O02217,C0084,2026-02-27,E-commerce,Delivered,5,15
O02218,C0152,2026-01-01,E-commerce,Delivered,4,15
O02219,C0473,2026-05-04,E-commerce,Delivered,4,5
O02220,C0036,2026-04-10,E-commerce,Delivered,3,10
O02221,C0213,2025-10-21,Store,Cancelled,2,5
O02222,C0414,2025-11-10,Mobile App,Delivered,1,15
O02223,C0408,2025-10-18,Mobile App,Cancelled,1,10
O02224,C0364,2025-09-19,E-commerce,Delivered,2,10
O02225,C0106,2026-05-20,Store,Delivered,4,5
O02226,C0414,2025-11-23,Mobile App,Delivered,5,0
O02227,C0342,2026-02-02,Store,Delivered,1,0
O02228,C0220,2025-10-23,E-commerce,Delivered,2,0
O02229,C0391,2025-12-16,Store,Delivered,3,10
O02230,C0163,2026-08-23,Store,Delivered,3,15
O02231,C0439,2026-07-01,Store,Delivered,4,0
O02232,C0220,2026-01-13,E-commerce,Cancelled,1,0
O02233,C0270,2025-11-08,E-commerce,Delivered,5,10
O02234,C0120,2025-09-11,E-commerce,Delivered,1,15
O02235,C0394,2026-01-21,E-commerce,Delivered,3,0
O02236,C0336,2026-03-11,Store,Delivered,1,5
O02237,C0400,2025-11-08,E-commerce,Delivered,3,0
O02238,C0182,2025-09-23,E-commerce,Delivered,2,5
O02239,C0479,2026-02-28,E-commerce,Returned,2,0
O02240,C0106,2026-06-20,E-commerce,Cancelled,3,5
O02241,C0217,2025-09-09,E-commerce,Delivered,5,15
O02242,C0205,2026-05-29,Store,Delivered,5,10
O02243,C0070,2025-12-02,Mobile App,Delivered,1,0
O02244,C0044,2025-09-17,E-commerce,Delivered,3,10
O02245,C0329,2026-02-01,E-commerce,Delivered,4,10
O02246,C0301,2026-07-25,E-commerce,Delivered,5,20
O02247,C0228,2026-01-27,E-commerce,Cancelled,5,5
O02248,C0184,2026-05-25,Mobile App,Delivered,2,15
O02249,C0107,2026-07-25,Mobile App,Delivered,5,15
O02250,C0084,2025-12-15,Mobile App,Delivered,5,0
O02251,C0338,2025-10-05,Mobile App,Delivered,5,20
O02252,C0250,2025-12-28,E-commerce,Returned,3,10
O02253,C0363,2025-09-14,Store,Delivered,3,10
O02254,C0441,2025-09-14,Store,Delivered,2,0
O02255,C0021,2026-05-24,Store,Delivered,1,5
O02256,C0196,2026-01-18,E-commerce,Delivered,5,10
O02257,C0178,2026-06-21,Store,Delivered,1,5
O02258,C0417,2026-08-30,Store,Delivered,3,10
O02259,C0475,2025-12-28,Store,Delivered,5,5
O02260,C0007,2026-04-26,E-commerce,Delivered,1,10
O02261,C0070,2025-10-04,Mobile App,Delivered,1,10
O02262,C0127,2026-02-16,Store,Delivered,4,0
O02263,C0399,2025-09-10,Mobile App,Delivered,3,10
O02264,C0466,2025-12-31,Mobile App,Delivered,2,5
O02265,C0160,2026-01-23,Store,Delivered,2,5
O02266,C0248,2026-04-11,E-commerce,Cancelled,4,0
O02267,C0203,2026-05-15,Mobile App,Delivered,1,0
O02268,C0148,2026-05-26,E-commerce,Delivered,4,0
O02269,C0472,2026-08-25,Store,Delivered,4,20
O02270,C0143,2025-09-04,E-commerce,Delivered,3,5
O02271,C0432,2026-08-20,Mobile App,Delivered,5,0
O02272,C0199,2025-12-15,Mobile App,Cancelled,1,0
O02273,C0405,2025-11-24,Store,Cancelled,2,0
O02274,C0426,2026-04-02,Mobile App,Delivered,2,10
O02275,C0154,2025-12-30,Store,Delivered,4,0
O02276,C0492,2026-01-10,Store,Returned,4,10
O02277,C0376,2026-08-04,E-commerce,Delivered,4,5
O02278,C0384,2026-03-16,E-commerce,Cancelled,1,15
O02279,C0142,2025-09-19,E-commerce,Delivered,4,5
O02280,C0313,2026-01-08,E-commerce,Delivered,4,10
O02281,C0165,2025-09-12,Mobile App,Delivered,5,15
O02282,C0314,2025-11-20,Store,Delivered,1,5
O02283,C0021,2026-07-27,Store,Delivered,3,15
O02284,C0082,2026-08-20,E-commerce,Delivered,3,10
O02285,C0069,2026-05-20,E-commerce,Delivered,5,5
O02286,C0131,2026-01-03,Mobile App,Returned,2,10
O02287,C0087,2026-07-04,Mobile App,Delivered,3,25
O02288,C0218,2026-05-25,E-commerce,Delivered,1,10
O02289,C0421,2026-01-18,Store,Delivered,2,20
O02290,C0472,2026-07-26,Store,Delivered,4,0
O02291,C0305,2025-09-02,E-commerce,Delivered,1,10
O02292,C0403,2025-09-08,Store,Delivered,2,20
O02293,C0371,2026-05-08,E-commerce,Delivered,3,5
O02294,C0345,2026-01-17,Mobile App,Delivered,4,25
O02295,C0341,2026-01-02,E-commerce,Delivered,4,0
O02296,C0384,2026-07-06,E-commerce,Delivered,1,20
O02297,C0396,2026-04-16,Store,Delivered,4,5
O02298,C0445,2025-09-10,E-commerce,Cancelled,2,0
O02299,C0425,2026-03-31,Mobile App,Cancelled,5,20
O02300,C0161,2025-12-21,E-commerce,Returned,3,5
O02301,C0178,2025-09-08,E-commerce,Returned,1,0
O02302,C0117,2026-06-19,E-commerce,Delivered,5,0
O02303,C0196,2026-08-28,E-commerce,Delivered,5,10
O02304,C0383,2026-05-11,Mobile App,Delivered,1,25
O02305,C0490,2025-09-14,E-commerce,Delivered,2,0
O02306,C0327,2026-04-28,Mobile App,Cancelled,3,10
O02307,C0086,2026-04-30,Mobile App,Cancelled,1,0
O02308,C0289,2026-08-08,Mobile App,Delivered,5,15
O02309,C0081,2026-01-27,E-commerce,Delivered,5,0
O02310,C0152,2026-04-24,Store,Delivered,1,0
O02311,C0061,2026-07-03,E-commerce,Delivered,5,0
O02312,C0061,2026-02-14,E-commerce,Delivered,1,10
O02313,C0354,2025-09-20,E-commerce,Delivered,1,20
O02314,C0028,2026-04-04,E-commerce,Returned,3,10
O02315,C0442,2026-08-09,E-commerce,Delivered,1,0
O02316,C0043,2026-01-13,Mobile App,Cancelled,5,10
O02317,C0169,2026-01-07,E-commerce,Delivered,4,15
O02318,C0423,2026-06-21,E-commerce,Delivered,3,0
O02319,C0086,2026-05-04,Store,Delivered,5,0
O02320,C0177,2026-03-08,E-commerce,Cancelled,5,0
O02321,C0017,2025-10-14,E-commerce,Delivered,3,15
O02322,C0098,2025-11-25,E-commerce,Returned,3,10
O02323,C0454,2025-10-14,Store,Delivered,5,10
O02324,C0494,2026-07-27,E-commerce,Delivered,4,0
O02325,C0198,2026-01-23,E-commerce,Delivered,2,5
O02326,C0098,2025-10-21,Mobile App,Delivered,5,25
O02327,C0065,2026-04-30,Mobile App,Delivered,3,0
O02328,C0330,2026-06-21,Mobile App,Delivered,1,20
O02329,C0341,2025-10-21,Store,Delivered,1,10
O02330,C0005,2026-05-24,E-commerce,Delivered,3,0
O02331,C0002,2025-12-29,E-commerce,Returned,3,10
O02332,C0022,2026-03-19,E-commerce,Delivered,2,20
O02333,C0112,2026-05-06,E-commerce,Cancelled,3,5
O02334,C0057,2025-11-09,E-commerce,Delivered,1,20
O02335,C0066,2026-08-07,E-commerce,Delivered,4,5
O02336,C0330,2025-10-27,Mobile App,Delivered,3,10
O02337,C0098,2025-10-09,Mobile App,Delivered,2,15
O02338,C0144,2026-06-16,E-commerce,Delivered,4,20
O02339,C0368,2025-09-18,Mobile App,Delivered,2,10
O02340,C0435,2026-04-08,E-commerce,Delivered,4,10
O02341,C0125,2026-07-10,E-commerce,Delivered,3,0
O02342,C0167,2026-05-02,Mobile App,Delivered,1,5
O02343,C0086,2026-08-18,E-commerce,Delivered,4,5
O02344,C0076,2026-07-01,E-commerce,Delivered,5,0
O02345,C0344,2026-06-25,E-commerce,Cancelled,2,5
O02346,C0495,2026-06-10,Store,Delivered,4,5
O02347,C0424,2025-11-13,Mobile App,Delivered,2,25
O02348,C0294,2025-12-19,E-commerce,Delivered,1,10
O02349,C0444,2026-02-27,Store,Delivered,2,5
O02350,C0059,2025-10-02,Mobile App,Delivered,2,25
O02351,C0138,2026-04-22,Mobile App,Delivered,5,0
O02352,C0099,2026-06-09,Store,Cancelled,2,10
O02353,C0192,2025-09-25,E-commerce,Delivered,4,10
O02354,C0243,2026-07-28,E-commerce,Delivered,2,0
O02355,C0319,2026-06-06,Mobile App,Delivered,3,15
O02356,C0049,2026-04-14,Mobile App,Delivered,2,0
O02357,C0448,2025-10-27,Mobile App,Delivered,3,0
O02358,C0032,2026-02-27,Mobile App,Delivered,2,0
O02359,C0391,2026-04-20,Store,Delivered,2,20
O02360,C0277,2026-08-09,Store,Delivered,4,10
O02361,C0020,2026-06-14,Store,Delivered,3,10
O02362,C0154,2025-11-03,Store,Delivered,3,10
O02363,C0383,2026-04-20,Store,Delivered,5,5
O02364,C0068,2026-06-16,E-commerce,Delivered,2,10
O02365,C0366,2026-04-01,E-commerce,Delivered,2,5
O02366,C0372,2026-05-16,E-commerce,Delivered,4,0
O02367,C0214,2025-09-18,Store,Delivered,5,10
O02368,C0143,2026-02-22,Mobile App,Delivered,5,0
O02369,C0376,2026-04-17,Mobile App,Delivered,4,0
O02370,C0232,2026-04-14,E-commerce,Delivered,3,15
O02371,C0213,2025-11-23,E-commerce,Delivered,1,10
O02372,C0079,2026-06-18,Mobile App,Delivered,4,10
O02373,C0214,2026-05-04,E-commerce,Delivered,3,5
O02374,C0116,2025-12-19,E-commerce,Delivered,5,5
O02375,C0092,2026-05-12,E-commerce,Delivered,4,10
O02376,C0270,2025-11-27,E-commerce,Delivered,1,15
O02377,C0411,2025-11-11,Mobile App,Delivered,2,10
O02378,C0381,2025-09-30,E-commerce,Delivered,4,25
O02379,C0489,2026-02-19,Mobile App,Delivered,1,25
O02380,C0168,2026-07-06,E-commerce,Delivered,1,5
O02381,C0058,2026-08-09,Store,Delivered,4,15
O02382,C0284,2026-02-24,E-commerce,Delivered,3,10
O02383,C0026,2026-01-17,Mobile App,Cancelled,4,10
O02384,C0369,2026-03-13,Mobile App,Delivered,5,0
O02385,C0447,2026-03-05,E-commerce,Delivered,1,10
O02386,C0066,2026-04-06,Store,Delivered,1,20
O02387,C0409,2026-02-11,Mobile App,Delivered,2,15
O02388,C0248,2026-02-08,E-commerce,Delivered,1,15
O02389,C0254,2025-09-13,E-commerce,Returned,2,0
O02390,C0387,2026-06-23,Store,Cancelled,1,5
O02391,C0456,2025-11-28,Store,Delivered,1,0
O02392,C0044,2026-07-21,E-commerce,Delivered,4,5
O02393,C0097,2025-10-12,E-commerce,Delivered,4,10
O02394,C0042,2026-03-29,Store,Delivered,5,5
O02395,C0500,2026-04-17,Mobile App,Delivered,3,10
O02396,C0227,2026-08-16,Store,Delivered,5,5
O02397,C0262,2026-06-02,E-commerce,Delivered,1,5
O02398,C0167,2026-06-06,Mobile App,Delivered,5,0
O02399,C0436,2026-05-09,E-commerce,Delivered,4,20
O02400,C0279,2026-07-07,E-commerce,Returned,1,0
O02401,C0089,2026-03-27,Mobile App,Delivered,1,0
O02402,C0379,2026-07-18,Store,Returned,5,15
O02403,C0178,2026-01-18,E-commerce,Delivered,2,25
O02404,C0427,2026-06-07,E-commerce,Delivered,3,15
O02405,C0403,2025-10-04,Mobile App,Delivered,5,0
O02406,C0197,2026-07-06,Mobile App,Delivered,5,0
O02407,C0307,2025-09-18,Store,Delivered,3,25
O02408,C0267,2025-10-27,Store,Returned,1,15
O02409,C0268,2025-12-21,E-commerce,Returned,1,10
O02410,C0074,2025-09-05,Store,Delivered,2,0
O02411,C0008,2026-03-01,Store,Delivered,5,0
O02412,C0408,2025-09-13,Store,Delivered,3,0
O02413,C0476,2026-08-05,Mobile App,Delivered,5,10
O02414,C0297,2026-06-12,Store,Delivered,4,0
O02415,C0164,2026-05-17,E-commerce,Delivered,5,25
O02416,C0485,2025-11-29,E-commerce,Delivered,5,0
O02417,C0085,2025-12-13,Store,Delivered,4,15
O02418,C0072,2026-03-05,E-commerce,Delivered,4,0
O02419,C0055,2026-05-08,E-commerce,Delivered,3,10
O02420,C0393,2026-05-13,Store,Delivered,1,0
O02421,C0047,2025-11-15,Store,Returned,2,15
O02422,C0399,2025-12-17,E-commerce,Delivered,4,10
O02423,C0432,2026-02-03,Store,Cancelled,1,0
O02424,C0238,2025-11-21,Mobile App,Delivered,3,15
O02425,C0104,2025-11-16,Mobile App,Returned,5,10
O02426,C0210,2026-05-16,Store,Delivered,3,20
O02427,C0042,2026-01-05,E-commerce,Delivered,3,20
O02428,C0316,2026-06-09,E-commerce,Cancelled,4,20
O02429,C0468,2025-11-27,E-commerce,Delivered,2,0
O02430,C0454,2026-03-23,Mobile App,Delivered,4,0
O02431,C0268,2025-09-16,Mobile App,Returned,5,25
O02432,C0386,2026-01-29,Store,Delivered,4,10
O02433,C0263,2026-05-12,Store,Returned,5,0
O02434,C0336,2026-03-07,Mobile App,Delivered,4,15
O02435,C0387,2026-07-26,Store,Cancelled,2,5
O02436,C0365,2025-10-02,E-commerce,Delivered,1,15
O02437,C0259,2026-05-29,E-commerce,Delivered,2,15
O02438,C0283,2025-09-05,Store,Delivered,4,15
O02439,C0114,2026-07-27,E-commerce,Cancelled,3,5
O02440,C0363,2026-07-05,E-commerce,Delivered,1,5
O02441,C0040,2026-07-30,Mobile App,Delivered,3,5
O02442,C0486,2026-02-16,E-commerce,Delivered,2,10
O02443,C0417,2026-02-28,Store,Delivered,1,0
O02444,C0220,2026-02-25,E-commerce,Delivered,4,10
O02445,C0129,2026-01-21,E-commerce,Returned,3,10
O02446,C0008,2026-08-28,E-commerce,Delivered,4,10
O02447,C0101,2026-05-06,Mobile App,Delivered,5,15
O02448,C0416,2026-01-05,E-commerce,Delivered,1,10
O02449,C0380,2026-05-21,Mobile App,Delivered,3,0
O02450,C0176,2025-10-10,Store,Delivered,2,10
O02451,C0107,2026-08-21,Store,Delivered,2,15
O02452,C0101,2026-05-13,E-commerce,Delivered,2,5
O02453,C0260,2026-01-21,E-commerce,Delivered,2,10
O02454,C0478,2026-04-28,Mobile App,Delivered,3,0
O02455,C0454,2026-04-16,Store,Delivered,5,5
O02456,C0366,2026-08-07,Store,Delivered,2,20
O02457,C0246,2026-03-17,E-commerce,Delivered,2,20
O02458,C0275,2025-11-04,Mobile App,Delivered,2,10
O02459,C0032,2025-09-11,E-commerce,Delivered,5,15
O02460,C0137,2025-12-17,E-commerce,Delivered,1,20
O02461,C0012,2025-09-26,E-commerce,Cancelled,2,25
O02462,C0395,2026-01-29,E-commerce,Delivered,2,10
O02463,C0302,2026-04-09,E-commerce,Delivered,2,10
O02464,C0375,2026-08-07,E-commerce,Delivered,1,5
O02465,C0016,2026-04-25,Mobile App,Delivered,2,0
O02466,C0129,2026-04-25,E-commerce,Delivered,1,5
O02467,C0063,2026-04-07,Mobile App,Delivered,1,15
O02468,C0109,2026-01-29,E-commerce,Delivered,4,15
O02469,C0375,2026-01-01,E-commerce,Delivered,4,20
O02470,C0021,2026-01-22,E-commerce,Delivered,2,0
O02471,C0158,2026-03-08,E-commerce,Delivered,3,10
O02472,C0269,2026-05-13,Mobile App,Delivered,4,0
O02473,C0162,2025-11-07,E-commerce,Delivered,4,0
O02474,C0260,2025-12-13,Mobile App,Delivered,3,20
O02475,C0412,2026-08-02,E-commerce,Delivered,5,10
O02476,C0102,2026-02-06,Mobile App,Delivered,2,15
O02477,C0223,2026-07-06,Store,Delivered,5,0
O02478,C0059,2026-08-28,E-commerce,Delivered,5,5
O02479,C0247,2026-06-27,E-commerce,Delivered,1,10
O02480,C0128,2025-11-29,E-commerce,Delivered,1,0
O02481,C0283,2026-08-23,Mobile App,Delivered,2,5
O02482,C0325,2026-05-14,E-commerce,Delivered,3,0
O02483,C0025,2026-08-19,Mobile App,Returned,1,10
O02484,C0131,2026-04-08,Mobile App,Delivered,4,25
O02485,C0353,2025-09-09,Store,Returned,2,15
O02486,C0196,2025-09-12,Mobile App,Delivered,5,25
O02487,C0281,2026-07-22,Mobile App,Delivered,2,15
O02488,C0404,2026-05-02,E-commerce,Delivered,1,20
O02489,C0418,2026-03-01,Store,Delivered,3,10
O02490,C0154,2026-06-11,Store,Delivered,5,10
O02491,C0382,2026-07-09,E-commerce,Delivered,3,5
O02492,C0133,2025-12-08,Store,Delivered,2,15
O02493,C0227,2026-03-16,E-commerce,Delivered,3,0
O02494,C0189,2026-04-14,Store,Delivered,3,0
O02495,C0476,2026-07-30,Store,Returned,2,20
O02496,C0477,2025-12-12,E-commerce,Cancelled,5,0
O02497,C0265,2025-12-15,Mobile App,Delivered,3,25
O02498,C0372,2026-08-31,E-commerce,Cancelled,3,15
O02499,C0486,2025-10-28,E-commerce,Cancelled,2,5
O02500,C0434,2025-11-17,E-commerce,Delivered,4,10
O02501,C0134,2025-11-14,Mobile App,Delivered,3,15
O02502,C0211,2025-10-12,E-commerce,Delivered,1,0
O02503,C0060,2026-07-21,E-commerce,Delivered,5,15
O02504,C0428,2026-02-28,Mobile App,Delivered,3,15
O02505,C0377,2025-10-03,E-commerce,Delivered,2,0
O02506,C0395,2025-11-10,E-commerce,Delivered,1,0
O02507,C0450,2025-10-26,E-commerce,Delivered,2,0
O02508,C0431,2025-12-14,E-commerce,Delivered,3,0
O02509,C0364,2026-03-19,E-commerce,Delivered,1,0
O02510,C0364,2025-12-10,E-commerce,Delivered,5,15
O02511,C0457,2026-05-14,Store,Cancelled,5,5
O02512,C0213,2026-07-04,Mobile App,Delivered,5,20
O02513,C0216,2025-11-13,E-commerce,Delivered,4,5
O02514,C0226,2026-02-18,E-commerce,Returned,2,10
O02515,C0470,2026-01-21,E-commerce,Cancelled,3,10
O02516,C0131,2026-02-13,Mobile App,Delivered,1,20
O02517,C0076,2026-05-19,E-commerce,Delivered,2,10
O02518,C0476,2026-04-09,E-commerce,Returned,3,5
O02519,C0286,2025-11-22,Store,Delivered,4,20
O02520,C0474,2026-03-01,E-commerce,Delivered,3,5
O02521,C0496,2026-07-04,E-commerce,Delivered,2,0
O02522,C0277,2025-09-10,Store,Delivered,3,5
O02523,C0156,2025-09-04,Mobile App,Delivered,1,15
O02524,C0248,2026-08-17,E-commerce,Delivered,4,0
O02525,C0218,2026-08-02,Mobile App,Returned,1,10
O02526,C0190,2026-06-19,E-commerce,Delivered,4,10
O02527,C0417,2026-06-08,Mobile App,Delivered,4,20
O02528,C0469,2026-04-03,E-commerce,Delivered,3,5
O02529,C0163,2025-12-07,Store,Returned,1,5
O02530,C0180,2025-12-10,Store,Delivered,4,5
O02531,C0034,2025-09-09,Store,Delivered,4,5
O02532,C0041,2025-10-31,Store,Cancelled,3,15
O02533,C0307,2026-07-06,Mobile App,Delivered,2,10
O02534,C0431,2026-01-24,E-commerce,Delivered,2,15
O02535,C0338,2025-11-02,E-commerce,Cancelled,5,15
O02536,C0314,2025-12-30,Mobile App,Returned,5,20
O02537,C0075,2026-04-14,Store,Delivered,4,5
O02538,C0441,2025-12-14,E-commerce,Cancelled,2,25
O02539,C0279,2026-05-18,Store,Delivered,4,0
O02540,C0176,2026-08-15,Store,Delivered,1,15
O02541,C0384,2026-05-13,Store,Cancelled,2,10
O02542,C0150,2026-03-26,Store,Returned,2,15
O02543,C0273,2025-09-28,E-commerce,Delivered,2,10
O02544,C0325,2026-02-17,E-commerce,Delivered,5,15
O02545,C0108,2026-08-02,E-commerce,Delivered,3,20
O02546,C0139,2025-11-15,E-commerce,Delivered,3,15
O02547,C0350,2025-12-25,Mobile App,Delivered,5,15
O02548,C0271,2025-11-08,Store,Delivered,5,0
O02549,C0347,2026-08-20,Store,Delivered,5,0
O02550,C0419,2026-04-22,Mobile App,Delivered,3,25
O02551,C0289,2025-09-01,E-commerce,Delivered,4,10
O02552,C0212,2026-02-14,E-commerce,Delivered,5,10
O02553,C0381,2026-08-18,E-commerce,Delivered,4,5
O02554,C0272,2026-04-06,E-commerce,Delivered,4,0
O02555,C0418,2026-05-31,Mobile App,Cancelled,1,5
O02556,C0066,2026-05-09,E-commerce,Delivered,3,10
O02557,C0483,2026-08-13,E-commerce,Delivered,4,0
O02558,C0424,2026-08-10,E-commerce,Delivered,3,0
O02559,C0248,2026-02-21,Mobile App,Delivered,3,10
O02560,C0156,2026-02-17,E-commerce,Delivered,1,10
O02561,C0047,2026-05-04,E-commerce,Delivered,3,0
O02562,C0423,2025-11-29,E-commerce,Delivered,4,10
O02563,C0454,2025-10-19,Store,Delivered,2,20
O02564,C0201,2026-06-21,E-commerce,Delivered,4,10
O02565,C0148,2026-01-28,Mobile App,Delivered,4,20
O02566,C0124,2026-01-10,Mobile App,Cancelled,3,20
O02567,C0001,2025-10-29,Mobile App,Delivered,4,0
O02568,C0456,2026-07-21,Store,Delivered,2,0
O02569,C0247,2026-03-18,E-commerce,Delivered,3,10
O02570,C0343,2026-04-03,E-commerce,Delivered,5,10
O02571,C0128,2025-10-19,E-commerce,Cancelled,4,5
O02572,C0191,2026-04-20,Mobile App,Delivered,4,5
O02573,C0067,2026-05-05,E-commerce,Returned,1,10
O02574,C0004,2026-04-27,E-commerce,Delivered,5,0
O02575,C0442,2026-02-15,Mobile App,Returned,5,25
O02576,C0409,2025-10-18,Mobile App,Delivered,2,0
O02577,C0303,2025-10-21,E-commerce,Delivered,5,20
O02578,C0294,2026-06-26,Mobile App,Delivered,1,0
O02579,C0143,2025-12-07,Mobile App,Delivered,2,0
O02580,C0191,2026-04-04,E-commerce,Delivered,5,0
O02581,C0021,2026-02-24,E-commerce,Delivered,2,25
O02582,C0227,2025-11-19,Mobile App,Delivered,5,0
O02583,C0313,2026-03-04,Mobile App,Returned,5,10
O02584,C0117,2025-09-27,E-commerce,Delivered,5,20
O02585,C0437,2026-03-14,E-commerce,Delivered,4,10
O02586,C0302,2026-04-02,Mobile App,Returned,5,5
O02587,C0500,2026-08-08,Store,Cancelled,4,25
O02588,C0142,2025-12-23,Mobile App,Delivered,3,20
O02589,C0484,2026-04-30,E-commerce,Delivered,1,5
O02590,C0460,2026-01-02,E-commerce,Delivered,2,10
O02591,C0401,2026-07-02,Store,Delivered,2,25
O02592,C0039,2025-11-15,E-commerce,Delivered,3,25
O02593,C0393,2026-07-08,Store,Delivered,5,5
O02594,C0355,2026-07-09,Store,Delivered,1,15
O02595,C0252,2026-03-15,E-commerce,Delivered,3,5
O02596,C0333,2026-08-17,Store,Returned,3,5
O02597,C0207,2025-10-14,E-commerce,Delivered,2,0
O02598,C0210,2026-03-05,Store,Delivered,4,0
O02599,C0115,2026-08-09,E-commerce,Delivered,4,10
O02600,C0225,2026-05-04,E-commerce,Delivered,5,10
O02601,C0134,2025-11-23,Mobile App,Delivered,5,0
O02602,C0251,2026-03-26,Store,Delivered,3,5
O02603,C0219,2026-01-29,E-commerce,Cancelled,5,5
O02604,C0407,2026-02-03,Mobile App,Delivered,4,25
O02605,C0443,2025-09-16,E-commerce,Delivered,1,20
O02606,C0091,2026-02-12,E-commerce,Delivered,2,5
O02607,C0354,2026-01-23,E-commerce,Delivered,4,20
O02608,C0376,2025-10-07,E-commerce,Delivered,5,5
O02609,C0046,2026-07-30,E-commerce,Delivered,2,10
O02610,C0038,2025-10-15,E-commerce,Delivered,2,25
O02611,C0142,2026-03-25,E-commerce,Delivered,3,5
O02612,C0100,2025-11-01,E-commerce,Delivered,5,10
O02613,C0328,2026-08-22,E-commerce,Delivered,3,5
O02614,C0190,2026-07-05,Store,Delivered,2,5
O02615,C0035,2025-09-19,E-commerce,Delivered,3,10
O02616,C0147,2026-08-31,Store,Delivered,5,25
O02617,C0030,2026-06-27,Mobile App,Delivered,4,10
O02618,C0334,2025-09-07,Mobile App,Cancelled,1,20
O02619,C0084,2026-05-07,Mobile App,Delivered,4,20
O02620,C0369,2025-12-26,Store,Delivered,2,5
O02621,C0281,2025-11-07,E-commerce,Delivered,4,5
O02622,C0424,2025-10-04,Mobile App,Delivered,3,10
O02623,C0344,2026-03-13,Mobile App,Delivered,5,10
O02624,C0270,2026-07-22,Mobile App,Delivered,4,0
O02625,C0154,2025-10-25,Store,Delivered,4,25
O02626,C0102,2026-05-24,E-commerce,Delivered,5,15
O02627,C0215,2025-10-12,Mobile App,Delivered,3,5
O02628,C0150,2026-06-24,Mobile App,Delivered,1,10
O02629,C0432,2026-04-19,E-commerce,Delivered,4,0
O02630,C0083,2025-09-10,E-commerce,Delivered,2,10
O02631,C0110,2026-08-24,Mobile App,Returned,3,20
O02632,C0435,2026-01-06,Store,Cancelled,3,20
O02633,C0387,2026-02-26,E-commerce,Delivered,4,5
O02634,C0426,2026-03-12,Store,Delivered,5,10
O02635,C0275,2025-12-01,E-commerce,Delivered,4,10
O02636,C0201,2026-04-19,E-commerce,Returned,4,5
O02637,C0284,2025-11-17,E-commerce,Delivered,5,0
O02638,C0468,2025-11-24,E-commerce,Cancelled,2,10
O02639,C0173,2025-09-30,E-commerce,Delivered,5,10
O02640,C0327,2026-04-01,E-commerce,Delivered,4,0
O02641,C0206,2025-10-19,Mobile App,Returned,1,0
O02642,C0063,2026-05-23,Mobile App,Delivered,5,0
O02643,C0073,2026-01-23,E-commerce,Delivered,2,5
O02644,C0251,2025-11-08,E-commerce,Delivered,5,10
O02645,C0124,2025-10-28,E-commerce,Delivered,5,5
O02646,C0375,2026-03-04,Mobile App,Delivered,3,5
O02647,C0121,2025-11-01,E-commerce,Delivered,3,20
O02648,C0275,2026-07-05,E-commerce,Delivered,4,0
O02649,C0431,2026-06-23,Store,Delivered,4,10
O02650,C0500,2026-02-13,Store,Delivered,5,25
O02651,C0398,2026-02-18,E-commerce,Returned,1,10
O02652,C0120,2025-11-02,E-commerce,Delivered,4,15
O02653,C0422,2026-01-25,E-commerce,Delivered,5,5
O02654,C0437,2026-07-03,Store,Delivered,5,0
O02655,C0317,2026-02-08,Mobile App,Delivered,5,10
O02656,C0164,2026-01-19,E-commerce,Returned,5,10
O02657,C0424,2026-07-31,Mobile App,Delivered,5,0
O02658,C0465,2025-12-06,E-commerce,Delivered,3,10
O02659,C0286,2026-04-09,E-commerce,Delivered,2,20
O02660,C0265,2025-10-13,E-commerce,Delivered,2,0
O02661,C0320,2026-06-19,E-commerce,Returned,5,10
O02662,C0161,2025-12-17,E-commerce,Returned,4,10
O02663,C0376,2026-05-24,E-commerce,Delivered,1,15
O02664,C0308,2025-12-04,E-commerce,Returned,5,15
O02665,C0089,2026-05-20,E-commerce,Delivered,1,15
O02666,C0142,2026-07-10,Store,Delivered,3,5
O02667,C0203,2025-11-10,E-commerce,Delivered,2,0
O02668,C0309,2026-04-07,E-commerce,Delivered,3,5
O02669,C0227,2025-09-21,Mobile App,Delivered,4,10
O02670,C0489,2025-12-01,Store,Cancelled,4,15
O02671,C0443,2026-01-05,Store,Delivered,5,25
O02672,C0334,2025-11-19,E-commerce,Delivered,4,10
O02673,C0222,2026-07-09,E-commerce,Delivered,4,10
O02674,C0041,2026-04-26,Mobile App,Delivered,3,10
O02675,C0196,2026-03-01,Mobile App,Delivered,1,0
O02676,C0068,2025-09-25,E-commerce,Delivered,2,10
O02677,C0476,2026-02-03,Store,Delivered,4,10
O02678,C0264,2025-09-05,E-commerce,Delivered,4,25
O02679,C0002,2025-12-29,Store,Delivered,3,5
O02680,C0361,2026-06-04,Store,Cancelled,2,25
O02681,C0125,2025-09-18,Mobile App,Delivered,3,10
O02682,C0110,2026-03-17,Store,Delivered,1,0
O02683,C0086,2025-10-27,Mobile App,Delivered,3,0
O02684,C0425,2025-12-02,E-commerce,Delivered,2,0
O02685,C0120,2025-09-19,E-commerce,Cancelled,2,10
O02686,C0127,2026-08-19,E-commerce,Delivered,4,0
O02687,C0255,2026-03-12,E-commerce,Delivered,1,5
O02688,C0183,2026-04-25,Mobile App,Cancelled,5,25
O02689,C0016,2026-06-04,E-commerce,Delivered,4,10
O02690,C0477,2026-04-15,E-commerce,Delivered,3,15
O02691,C0062,2026-04-21,Mobile App,Delivered,3,0
O02692,C0369,2025-10-10,Store,Delivered,2,10
O02693,C0432,2026-07-20,E-commerce,Delivered,2,5
O02694,C0158,2026-01-31,E-commerce,Delivered,2,20
O02695,C0268,2026-01-05,E-commerce,Cancelled,5,0
O02696,C0035,2026-04-25,Mobile App,Delivered,5,10
O02697,C0267,2025-10-25,E-commerce,Delivered,4,10
O02698,C0064,2026-02-19,Mobile App,Delivered,5,10
O02699,C0494,2025-12-18,E-commerce,Delivered,2,15
O02700,C0050,2026-08-20,E-commerce,Delivered,4,0
O02701,C0469,2026-03-03,Store,Delivered,4,5
O02702,C0255,2026-03-17,E-commerce,Delivered,1,15
O02703,C0149,2025-11-26,E-commerce,Delivered,5,10
O02704,C0325,2026-03-20,E-commerce,Delivered,3,5
O02705,C0304,2026-08-03,E-commerce,Delivered,3,0
O02706,C0276,2026-07-19,Mobile App,Delivered,1,15
O02707,C0357,2026-06-02,E-commerce,Delivered,2,25
O02708,C0451,2026-03-30,E-commerce,Delivered,1,10
O02709,C0172,2025-12-27,E-commerce,Delivered,2,20
O02710,C0417,2026-03-10,Mobile App,Delivered,5,10
O02711,C0201,2025-10-12,Store,Cancelled,5,0
O02712,C0445,2025-10-12,Mobile App,Delivered,4,0
O02713,C0393,2026-07-12,Mobile App,Delivered,4,10
O02714,C0324,2026-06-03,E-commerce,Delivered,4,10
O02715,C0035,2026-07-26,E-commerce,Delivered,4,15
O02716,C0465,2025-09-17,E-commerce,Delivered,3,10
O02717,C0482,2026-06-10,E-commerce,Delivered,4,25
O02718,C0216,2026-05-16,E-commerce,Delivered,4,10
O02719,C0480,2025-11-02,Mobile App,Delivered,4,5
O02720,C0065,2025-11-01,Mobile App,Delivered,2,5
O02721,C0008,2025-12-09,Store,Delivered,4,10
O02722,C0301,2025-09-19,E-commerce,Delivered,1,20
O02723,C0343,2025-09-17,Mobile App,Delivered,4,0
O02724,C0431,2026-07-22,Store,Returned,4,25
O02725,C0424,2026-05-04,Mobile App,Delivered,3,25
O02726,C0332,2026-05-09,E-commerce,Delivered,4,10
O02727,C0438,2025-11-20,E-commerce,Delivered,2,5
O02728,C0076,2025-10-09,E-commerce,Delivered,5,0
O02729,C0174,2025-10-06,E-commerce,Delivered,4,5
O02730,C0047,2026-03-16,Mobile App,Delivered,4,0
O02731,C0015,2026-02-05,E-commerce,Delivered,4,10
O02732,C0361,2026-03-23,E-commerce,Delivered,3,0
O02733,C0147,2026-03-15,Mobile App,Delivered,5,15
O02734,C0026,2026-04-04,Store,Delivered,3,5
O02735,C0308,2026-06-12,E-commerce,Delivered,3,0
O02736,C0093,2026-03-15,Mobile App,Cancelled,3,10
O02737,C0406,2026-07-04,E-commerce,Delivered,2,25
O02738,C0232,2026-01-30,E-commerce,Delivered,5,10
O02739,C0021,2025-09-14,E-commerce,Delivered,2,10
O02740,C0307,2026-07-22,Mobile App,Delivered,2,15
O02741,C0038,2026-01-24,Store,Delivered,5,15
O02742,C0276,2025-10-27,E-commerce,Delivered,2,20
O02743,C0157,2026-03-30,Mobile App,Delivered,5,0
O02744,C0179,2026-05-26,E-commerce,Cancelled,4,20
O02745,C0132,2026-03-29,Mobile App,Delivered,3,5
O02746,C0311,2025-09-17,E-commerce,Delivered,2,20
O02747,C0455,2026-06-13,E-commerce,Delivered,5,5
O02748,C0348,2026-08-10,Store,Delivered,1,20
O02749,C0028,2026-03-22,Mobile App,Delivered,2,25
O02750,C0260,2025-12-08,E-commerce,Delivered,2,0
O02751,C0406,2026-06-06,E-commerce,Delivered,5,25
O02752,C0076,2026-03-28,E-commerce,Delivered,1,0
O02753,C0429,2026-01-07,E-commerce,Returned,1,0
O02754,C0067,2026-08-01,Store,Delivered,4,5
O02755,C0342,2026-06-15,Store,Delivered,2,25
O02756,C0492,2026-05-10,E-commerce,Delivered,3,10
O02757,C0194,2026-05-23,E-commerce,Delivered,2,10
O02758,C0472,2026-05-29,Store,Delivered,3,10
O02759,C0162,2026-03-07,E-commerce,Delivered,3,25
O02760,C0347,2026-04-02,Mobile App,Delivered,5,15
O02761,C0439,2026-06-10,E-commerce,Delivered,2,0
O02762,C0361,2026-03-30,Mobile App,Delivered,5,5
O02763,C0257,2026-08-31,Mobile App,Delivered,4,0
O02764,C0072,2025-11-15,Store,Delivered,3,10
O02765,C0087,2026-01-26,Store,Returned,1,0
O02766,C0422,2026-07-18,E-commerce,Delivered,3,5
O02767,C0262,2026-04-01,Mobile App,Delivered,4,20
O02768,C0214,2025-12-18,Store,Delivered,3,5
O02769,C0153,2026-01-07,E-commerce,Cancelled,5,10
O02770,C0210,2025-09-10,E-commerce,Delivered,2,5
O02771,C0401,2025-10-17,E-commerce,Delivered,1,0
O02772,C0061,2026-07-12,E-commerce,Delivered,5,5
O02773,C0268,2025-12-05,E-commerce,Delivered,2,5
O02774,C0262,2025-12-12,Mobile App,Delivered,1,20
O02775,C0218,2026-08-08,E-commerce,Delivered,4,5
O02776,C0283,2026-01-24,Store,Delivered,3,5
O02777,C0136,2025-09-27,E-commerce,Delivered,1,15
O02778,C0467,2026-04-08,E-commerce,Delivered,4,15
O02779,C0380,2025-09-18,E-commerce,Delivered,2,15
O02780,C0362,2026-02-14,E-commerce,Delivered,1,25
O02781,C0449,2025-11-21,E-commerce,Returned,4,15
O02782,C0441,2025-11-11,E-commerce,Cancelled,2,5
O02783,C0093,2026-07-07,E-commerce,Delivered,5,15
O02784,C0109,2026-05-12,Mobile App,Delivered,3,10
O02785,C0241,2026-02-09,Store,Delivered,4,5
O02786,C0355,2026-07-24,E-commerce,Delivered,5,5
O02787,C0424,2025-10-08,Mobile App,Delivered,2,0
O02788,C0142,2026-03-20,Mobile App,Delivered,1,0
O02789,C0291,2026-03-19,E-commerce,Cancelled,3,0
O02790,C0432,2026-05-13,Store,Cancelled,2,0
O02791,C0237,2026-02-26,Store,Delivered,4,20
O02792,C0340,2025-10-05,E-commerce,Delivered,3,20
O02793,C0312,2025-11-21,E-commerce,Returned,5,10
O02794,C0177,2026-04-08,E-commerce,Returned,3,15
O02795,C0141,2026-02-05,E-commerce,Returned,5,0
O02796,C0189,2025-09-04,Mobile App,Delivered,2,20
O02797,C0486,2026-02-14,E-commerce,Delivered,1,10
O02798,C0049,2026-03-23,Store,Delivered,3,0
O02799,C0302,2026-03-13,Mobile App,Delivered,1,0
O02800,C0369,2026-04-23,Mobile App,Delivered,1,5
O02801,C0190,2026-03-25,Mobile App,Delivered,3,0
O02802,C0136,2026-01-28,E-commerce,Cancelled,3,5
O02803,C0043,2026-02-06,E-commerce,Cancelled,1,0
O02804,C0404,2026-06-06,Mobile App,Delivered,4,0
O02805,C0380,2026-07-01,E-commerce,Cancelled,4,5
O02806,C0353,2026-02-13,E-commerce,Delivered,3,25
O02807,C0090,2026-07-08,Store,Delivered,1,0
O02808,C0295,2025-11-07,Mobile App,Delivered,1,0
O02809,C0341,2025-11-27,E-commerce,Delivered,2,10
O02810,C0245,2026-04-05,Mobile App,Delivered,1,20
O02811,C0433,2025-09-01,Store,Delivered,4,5
O02812,C0192,2026-01-13,E-commerce,Delivered,2,20
O02813,C0318,2026-03-04,E-commerce,Delivered,4,5
O02814,C0106,2026-08-17,Store,Returned,5,0
O02815,C0363,2026-01-18,E-commerce,Delivered,3,5
O02816,C0310,2025-12-15,E-commerce,Delivered,5,10
O02817,C0382,2026-01-11,E-commerce,Delivered,3,5
O02818,C0233,2025-12-17,Store,Delivered,4,10
O02819,C0265,2026-02-25,E-commerce,Delivered,4,0
O02820,C0344,2026-06-25,E-commerce,Delivered,5,15
O02821,C0037,2026-08-24,E-commerce,Delivered,3,5
O02822,C0305,2026-08-25,Store,Delivered,3,10
O02823,C0041,2026-01-24,E-commerce,Delivered,2,10
O02824,C0017,2025-11-13,Mobile App,Delivered,1,10
O02825,C0344,2025-12-17,Store,Delivered,2,0
O02826,C0277,2025-12-31,E-commerce,Cancelled,4,15
O02827,C0307,2025-09-17,Store,Delivered,5,15
O02828,C0059,2026-03-15,Store,Delivered,3,0
O02829,C0423,2026-07-24,Store,Cancelled,2,25
O02830,C0183,2026-07-15,E-commerce,Delivered,5,10
O02831,C0041,2026-06-24,Mobile App,Delivered,5,10
O02832,C0039,2026-05-10,Store,Returned,1,0
O02833,C0397,2025-12-28,Store,Delivered,3,10
O02834,C0192,2026-02-09,E-commerce,Delivered,5,0
O02835,C0267,2026-03-17,Store,Cancelled,3,5
O02836,C0494,2025-10-15,E-commerce,Cancelled,2,5
O02837,C0147,2026-07-11,E-commerce,Delivered,5,15
O02838,C0395,2026-02-26,E-commerce,Delivered,5,0
O02839,C0333,2025-10-14,Store,Delivered,2,15
O02840,C0127,2026-05-29,E-commerce,Delivered,3,5
O02841,C0046,2025-11-17,Mobile App,Delivered,3,5
O02842,C0045,2026-07-23,Store,Delivered,5,15
O02843,C0001,2026-02-25,E-commerce,Delivered,2,10
O02844,C0168,2026-08-23,Mobile App,Cancelled,4,5
O02845,C0108,2025-09-03,E-commerce,Cancelled,3,5
O02846,C0019,2026-04-02,E-commerce,Returned,4,5
O02847,C0332,2026-08-08,Mobile App,Cancelled,5,10
O02848,C0072,2025-11-13,Store,Delivered,4,5
O02849,C0456,2025-10-21,Mobile App,Delivered,4,15
O02850,C0445,2025-11-06,Store,Delivered,3,10
O02851,C0109,2026-07-29,E-commerce,Delivered,5,0
O02852,C0268,2025-12-02,E-commerce,Delivered,4,5
O02853,C0445,2026-02-23,Mobile App,Delivered,3,0
O02854,C0240,2026-01-23,E-commerce,Cancelled,4,5
O02855,C0417,2025-09-07,E-commerce,Delivered,3,10
O02856,C0301,2026-05-27,Mobile App,Delivered,5,10
O02857,C0090,2026-07-19,E-commerce,Delivered,2,15
O02858,C0103,2025-09-04,E-commerce,Delivered,3,0
O02859,C0476,2026-01-16,Mobile App,Delivered,3,20
O02860,C0250,2026-04-19,Mobile App,Delivered,4,5
O02861,C0453,2025-11-27,Store,Delivered,5,5
O02862,C0008,2025-09-17,Mobile App,Delivered,1,10
O02863,C0153,2025-10-22,E-commerce,Delivered,1,15
O02864,C0347,2026-01-12,Store,Delivered,2,5
O02865,C0174,2026-03-30,Store,Returned,5,15
O02866,C0343,2026-07-22,E-commerce,Delivered,3,20
O02867,C0158,2026-04-07,E-commerce,Returned,1,15
O02868,C0493,2026-03-24,Mobile App,Delivered,2,0
O02869,C0431,2026-03-30,Mobile App,Delivered,5,15
O02870,C0215,2026-06-04,Store,Delivered,2,15
O02871,C0177,2025-09-24,Mobile App,Delivered,1,10
O02872,C0175,2025-09-04,Mobile App,Delivered,4,15
O02873,C0340,2026-01-30,Store,Delivered,4,25
O02874,C0338,2026-05-17,Mobile App,Returned,5,5
O02875,C0146,2026-07-21,E-commerce,Delivered,2,0
O02876,C0450,2026-08-23,Store,Delivered,3,10
O02877,C0324,2026-02-15,E-commerce,Delivered,1,0
O02878,C0478,2026-02-23,Store,Delivered,4,5
O02879,C0161,2026-07-07,Store,Delivered,4,10
O02880,C0127,2026-06-18,Mobile App,Delivered,2,5
O02881,C0420,2025-10-26,Mobile App,Delivered,4,10
O02882,C0082,2025-12-17,E-commerce,Delivered,2,15
O02883,C0485,2026-06-23,E-commerce,Delivered,1,5
O02884,C0147,2026-07-21,E-commerce,Delivered,2,20
O02885,C0239,2026-06-29,Mobile App,Delivered,4,0
O02886,C0412,2026-07-31,Store,Delivered,2,15
O02887,C0424,2026-01-19,Mobile App,Delivered,4,15
O02888,C0084,2026-02-02,E-commerce,Delivered,5,5
O02889,C0113,2026-05-20,E-commerce,Delivered,4,5
O02890,C0225,2026-05-31,Store,Delivered,4,5
O02891,C0332,2026-04-20,E-commerce,Delivered,4,15
O02892,C0378,2026-04-29,Mobile App,Delivered,5,15
O02893,C0243,2026-08-21,Store,Delivered,3,5
O02894,C0143,2026-08-03,Mobile App,Delivered,4,10
O02895,C0041,2026-05-16,E-commerce,Delivered,3,0
O02896,C0423,2026-05-07,Store,Delivered,1,10
O02897,C0258,2025-11-16,E-commerce,Delivered,2,25
O02898,C0447,2026-02-27,Store,Delivered,3,0
O02899,C0285,2025-11-05,E-commerce,Delivered,1,20
O02900,C0105,2026-07-05,E-commerce,Delivered,2,15
O02901,C0202,2026-08-14,Store,Delivered,4,25
O02902,C0450,2026-02-18,E-commerce,Delivered,4,0
O02903,C0307,2025-09-22,Mobile App,Delivered,4,0
O02904,C0331,2025-12-16,Store,Delivered,5,0
O02905,C0461,2026-07-20,Store,Delivered,5,15
O02906,C0266,2026-04-15,Store,Delivered,5,10
O02907,C0398,2026-04-04,E-commerce,Delivered,5,0
O02908,C0210,2025-11-08,Mobile App,Delivered,1,15
O02909,C0051,2025-11-23,E-commerce,Delivered,1,5
O02910,C0118,2025-12-12,E-commerce,Delivered,4,0
O02911,C0201,2025-10-09,Store,Delivered,2,5
O02912,C0377,2025-09-13,E-commerce,Returned,5,0
O02913,C0039,2026-06-24,Mobile App,Delivered,2,5
O02914,C0028,2026-07-10,Mobile App,Delivered,1,5
O02915,C0259,2026-02-28,Mobile App,Delivered,5,20
O02916,C0084,2026-05-26,Store,Delivered,1,15
O02917,C0454,2025-09-13,E-commerce,Delivered,1,5
O02918,C0155,2025-12-29,Mobile App,Delivered,3,15
O02919,C0117,2026-08-19,Store,Delivered,1,10
O02920,C0002,2025-10-27,E-commerce,Cancelled,4,5
O02921,C0093,2025-10-10,E-commerce,Delivered,1,15
O02922,C0166,2026-08-02,Mobile App,Delivered,5,10
O02923,C0387,2026-01-06,E-commerce,Delivered,4,10
O02924,C0400,2026-02-20,E-commerce,Delivered,1,10
O02925,C0350,2025-10-05,Store,Delivered,4,10
O02926,C0296,2026-05-17,Mobile App,Delivered,1,5
O02927,C0258,2025-09-05,Store,Delivered,4,20
O02928,C0081,2026-04-06,Store,Delivered,2,0
O02929,C0425,2025-09-11,Mobile App,Delivered,3,20
O02930,C0268,2026-07-24,E-commerce,Delivered,4,5
O02931,C0419,2025-12-26,E-commerce,Delivered,5,0
O02932,C0235,2026-03-03,E-commerce,Delivered,3,10
O02933,C0321,2026-08-28,Store,Delivered,3,5
O02934,C0311,2025-12-25,E-commerce,Delivered,1,15
O02935,C0301,2026-02-09,E-commerce,Delivered,4,5
O02936,C0463,2025-11-06,Mobile App,Delivered,3,10
O02937,C0474,2026-03-19,E-commerce,Delivered,5,5
O02938,C0357,2025-10-01,E-commerce,Delivered,5,0
O02939,C0213,2025-11-14,Mobile App,Delivered,5,5
O02940,C0062,2026-04-25,E-commerce,Delivered,1,10
O02941,C0049,2026-07-24,E-commerce,Delivered,2,10
O02942,C0127,2025-11-05,E-commerce,Returned,4,10
O02943,C0223,2025-11-09,Mobile App,Delivered,3,25
O02944,C0409,2026-06-24,Mobile App,Delivered,4,10
O02945,C0279,2025-09-20,E-commerce,Delivered,3,20
O02946,C0408,2026-04-14,Mobile App,Delivered,1,0
O02947,C0294,2026-03-18,E-commerce,Delivered,4,0
O02948,C0284,2025-10-09,Store,Delivered,1,5
O02949,C0277,2026-01-23,E-commerce,Delivered,1,0
O02950,C0438,2025-10-15,Mobile App,Cancelled,4,10
O02951,C0107,2026-07-23,Store,Delivered,4,10
O02952,C0146,2025-11-30,Store,Delivered,3,10
O02953,C0420,2026-04-26,E-commerce,Returned,5,15
O02954,C0099,2025-11-09,E-commerce,Cancelled,1,25
O02955,C0429,2026-02-13,Mobile App,Delivered,2,20
O02956,C0375,2026-01-08,E-commerce,Delivered,3,0
O02957,C0073,2026-04-02,Store,Delivered,3,5
O02958,C0437,2026-08-06,Mobile App,Delivered,5,5
O02959,C0486,2025-11-28,Mobile App,Delivered,5,0
O02960,C0122,2026-08-01,E-commerce,Delivered,1,10
O02961,C0030,2026-05-10,Mobile App,Delivered,3,10
O02962,C0188,2026-08-15,Mobile App,Delivered,3,0
O02963,C0364,2025-11-11,Store,Delivered,2,15
O02964,C0354,2026-02-12,E-commerce,Delivered,1,15
O02965,C0288,2025-10-19,E-commerce,Delivered,1,0
O02966,C0451,2025-10-22,E-commerce,Delivered,5,5
O02967,C0195,2026-06-16,E-commerce,Delivered,1,20
O02968,C0156,2026-06-05,Mobile App,Delivered,2,10
O02969,C0172,2025-12-23,Store,Delivered,1,5
O02970,C0335,2026-04-27,E-commerce,Delivered,4,5
O02971,C0041,2026-01-11,Store,Delivered,4,0
O02972,C0063,2026-06-01,E-commerce,Delivered,2,0
O02973,C0023,2026-02-13,E-commerce,Delivered,5,15
O02974,C0360,2026-06-20,E-commerce,Delivered,3,0
O02975,C0075,2026-05-01,E-commerce,Delivered,1,5
O02976,C0048,2026-07-17,Store,Delivered,5,0
O02977,C0160,2026-01-16,E-commerce,Delivered,5,15
O02978,C0313,2025-11-18,Mobile App,Delivered,1,0
O02979,C0118,2026-02-17,E-commerce,Delivered,3,5
O02980,C0100,2026-01-01,Store,Delivered,1,10
O02981,C0380,2026-02-23,E-commerce,Delivered,3,5
O02982,C0417,2026-06-27,E-commerce,Delivered,2,5
O02983,C0408,2025-11-21,E-commerce,Delivered,3,5
O02984,C0167,2025-11-26,E-commerce,Delivered,5,15
O02985,C0290,2026-04-13,E-commerce,Delivered,2,25
O02986,C0440,2025-09-16,Store,Cancelled,4,5
O02987,C0156,2026-07-07,Mobile App,Cancelled,2,0
O02988,C0421,2026-08-24,Mobile App,Delivered,3,0
O02989,C0007,2026-02-10,Mobile App,Delivered,2,15
O02990,C0196,2025-12-07,E-commerce,Delivered,2,10
O02991,C0421,2026-02-03,E-commerce,Returned,4,15
O02992,C0056,2025-09-02,Store,Delivered,3,10
O02993,C0321,2026-08-16,Store,Delivered,5,20
O02994,C0193,2026-02-16,Store,Delivered,2,20
O02995,C0047,2026-07-12,Store,Delivered,1,15
O02996,C0148,2026-07-22,E-commerce,Delivered,5,10
O02997,C0275,2025-12-01,E-commerce,Delivered,2,5
O02998,C0157,2026-02-28,E-commerce,Delivered,5,10
O02999,C0202,2026-04-19,E-commerce,Delivered,1,10
O03000,C0444,2026-06-28,E-commerce,Returned,5,10
O03001,C0402,2026-01-26,E-commerce,Delivered,5,0
O03002,C0476,2026-06-07,Mobile App,Delivered,1,10
O03003,C0419,2026-03-08,Store,Delivered,1,10
O03004,C0427,2026-08-13,Mobile App,Delivered,1,10
O03005,C0495,2026-08-16,Store,Delivered,4,0
O03006,C0479,2026-07-11,E-commerce,Delivered,1,5
O03007,C0475,2026-01-06,E-commerce,Delivered,5,0
O03008,C0126,2025-09-07,Mobile App,Delivered,1,20
O03009,C0395,2025-10-17,E-commerce,Delivered,2,10
O03010,C0305,2025-10-23,E-commerce,Returned,1,0
O03011,C0369,2026-03-06,E-commerce,Delivered,1,0
O03012,C0294,2025-10-08,E-commerce,Delivered,3,10
O03013,C0064,2026-04-14,Mobile App,Delivered,5,0
O03014,C0325,2025-10-23,E-commerce,Delivered,5,25
O03015,C0392,2026-04-12,Mobile App,Delivered,2,10
O03016,C0418,2026-02-01,Mobile App,Delivered,4,5
O03017,C0176,2025-10-18,E-commerce,Delivered,3,10
O03018,C0116,2026-08-17,E-commerce,Delivered,2,5
O03019,C0440,2026-01-25,E-commerce,Delivered,2,15
O03020,C0204,2025-11-03,E-commerce,Delivered,5,5
O03021,C0486,2026-08-15,Mobile App,Cancelled,3,25
O03022,C0321,2026-03-01,Store,Delivered,5,10
O03023,C0031,2026-01-03,Mobile App,Delivered,4,15
O03024,C0388,2026-02-26,E-commerce,Delivered,5,0
O03025,C0113,2025-10-09,Mobile App,Delivered,1,5
O03026,C0365,2026-05-18,Mobile App,Delivered,5,15
O03027,C0434,2025-09-03,E-commerce,Cancelled,1,10
O03028,C0325,2025-11-03,Mobile App,Delivered,2,0
O03029,C0414,2025-09-29,E-commerce,Delivered,4,5
O03030,C0376,2025-09-11,Mobile App,Delivered,1,5
O03031,C0344,2025-12-06,Mobile App,Delivered,4,10
O03032,C0443,2026-08-24,E-commerce,Delivered,5,5
O03033,C0067,2026-03-22,Mobile App,Delivered,5,5
O03034,C0075,2025-09-21,E-commerce,Delivered,2,0
O03035,C0045,2025-10-09,E-commerce,Returned,5,5
O03036,C0260,2026-04-11,Store,Delivered,1,0
O03037,C0154,2025-12-11,Store,Delivered,2,25
O03038,C0155,2025-10-16,E-commerce,Delivered,4,0
O03039,C0430,2025-11-05,E-commerce,Delivered,2,20
O03040,C0363,2025-11-30,E-commerce,Delivered,4,5
O03041,C0448,2026-02-11,E-commerce,Delivered,3,5
O03042,C0475,2025-12-20,Store,Delivered,1,0
O03043,C0234,2026-08-04,Store,Delivered,1,10
O03044,C0051,2026-01-01,Mobile App,Delivered,4,10
O03045,C0306,2026-03-12,E-commerce,Delivered,5,10
O03046,C0262,2025-12-08,Mobile App,Delivered,5,0
O03047,C0315,2026-06-18,E-commerce,Returned,3,20
O03048,C0125,2026-02-06,Store,Delivered,4,25
O03049,C0399,2025-12-12,Store,Delivered,3,5
O03050,C0245,2026-06-08,Mobile App,Delivered,4,10
O03051,C0030,2025-10-13,E-commerce,Delivered,3,10
O03052,C0426,2025-11-23,E-commerce,Delivered,4,5
O03053,C0485,2026-03-10,E-commerce,Delivered,1,0
O03054,C0122,2025-10-21,Store,Cancelled,3,10
O03055,C0125,2026-03-29,E-commerce,Returned,3,15
O03056,C0037,2026-01-04,E-commerce,Delivered,4,0
O03057,C0170,2025-11-08,E-commerce,Delivered,2,10
O03058,C0124,2026-05-23,Store,Delivered,2,20
O03059,C0357,2026-05-16,E-commerce,Delivered,1,0
O03060,C0035,2026-03-07,Store,Delivered,5,0
O03061,C0087,2026-04-18,Store,Delivered,5,15
O03062,C0134,2026-03-08,Store,Delivered,1,5
O03063,C0196,2025-09-10,E-commerce,Delivered,5,0
O03064,C0274,2025-12-23,E-commerce,Delivered,4,5
O03065,C0201,2025-11-15,E-commerce,Delivered,2,5
O03066,C0369,2026-02-11,E-commerce,Delivered,1,20
O03067,C0285,2025-11-24,E-commerce,Delivered,4,10
O03068,C0077,2025-10-19,Mobile App,Delivered,1,5
O03069,C0059,2026-07-23,E-commerce,Delivered,2,10
O03070,C0431,2026-02-24,Store,Delivered,5,25
O03071,C0126,2026-04-06,E-commerce,Delivered,4,0
O03072,C0500,2026-03-08,Mobile App,Delivered,2,0
O03073,C0401,2026-08-12,Store,Delivered,1,25
O03074,C0109,2026-04-18,Store,Delivered,3,25
O03075,C0224,2026-05-13,Store,Delivered,4,0
O03076,C0496,2026-04-24,Mobile App,Delivered,1,0
O03077,C0278,2025-09-26,Store,Returned,1,5
O03078,C0068,2025-11-11,E-commerce,Delivered,2,0
O03079,C0069,2026-05-19,Mobile App,Cancelled,1,10
O03080,C0165,2026-05-12,E-commerce,Delivered,4,0
O03081,C0489,2026-05-29,E-commerce,Delivered,4,0
O03082,C0305,2026-01-01,E-commerce,Delivered,1,10
O03083,C0397,2026-01-22,E-commerce,Delivered,2,25
O03084,C0162,2026-05-15,E-commerce,Delivered,4,5
O03085,C0365,2026-01-22,E-commerce,Delivered,3,5
O03086,C0342,2026-05-17,E-commerce,Delivered,5,25
O03087,C0309,2025-10-17,Store,Delivered,2,10
O03088,C0379,2026-08-17,E-commerce,Delivered,2,5
O03089,C0343,2025-09-13,Mobile App,Delivered,5,5
O03090,C0435,2026-03-27,E-commerce,Cancelled,5,0
O03091,C0387,2026-07-08,Store,Delivered,4,10
O03092,C0042,2026-04-23,Store,Delivered,1,5
O03093,C0354,2026-01-27,Mobile App,Delivered,1,5
O03094,C0416,2026-07-19,Mobile App,Delivered,3,0
O03095,C0109,2026-02-02,E-commerce,Delivered,1,5
O03096,C0051,2026-02-13,Store,Returned,3,10
O03097,C0250,2025-11-29,Store,Delivered,3,0
O03098,C0497,2026-03-05,Store,Cancelled,2,0
O03099,C0341,2026-07-15,Mobile App,Delivered,2,20
O03100,C0430,2026-08-24,E-commerce,Delivered,4,10
O03101,C0383,2026-02-21,Store,Delivered,5,0
O03102,C0492,2026-04-05,E-commerce,Delivered,5,10
O03103,C0021,2026-05-22,Mobile App,Cancelled,3,0
O03104,C0300,2025-12-06,E-commerce,Delivered,5,15
O03105,C0139,2025-12-26,Store,Delivered,3,15
O03106,C0359,2026-03-18,E-commerce,Delivered,5,10
O03107,C0324,2026-07-17,E-commerce,Delivered,4,15
O03108,C0499,2025-09-21,Mobile App,Delivered,2,0
O03109,C0385,2026-03-19,Store,Delivered,2,15
O03110,C0092,2026-08-07,Mobile App,Delivered,3,0
O03111,C0447,2026-05-06,E-commerce,Delivered,5,5
O03112,C0280,2026-06-03,E-commerce,Delivered,1,20
O03113,C0125,2026-05-22,Store,Delivered,4,10
O03114,C0483,2025-10-28,Store,Delivered,5,25
O03115,C0397,2026-06-29,Store,Cancelled,1,0
O03116,C0111,2025-10-01,E-commerce,Delivered,4,10
O03117,C0354,2026-05-07,Store,Delivered,4,0
O03118,C0139,2025-12-02,E-commerce,Cancelled,2,10
O03119,C0484,2026-05-23,Mobile App,Delivered,3,0
O03120,C0435,2026-05-29,E-commerce,Delivered,5,0
O03121,C0273,2025-12-03,E-commerce,Delivered,4,5
O03122,C0099,2026-02-01,Store,Delivered,5,15
O03123,C0252,2026-06-12,Mobile App,Delivered,4,0
O03124,C0338,2025-11-19,E-commerce,Delivered,2,15
O03125,C0104,2026-06-19,E-commerce,Delivered,3,0
O03126,C0214,2025-11-23,E-commerce,Delivered,1,0
O03127,C0249,2026-08-31,Mobile App,Delivered,1,5
O03128,C0152,2025-10-07,E-commerce,Delivered,2,25
O03129,C0250,2026-08-08,E-commerce,Delivered,4,0
O03130,C0275,2026-07-24,Mobile App,Delivered,2,0
O03131,C0165,2026-04-20,Mobile App,Delivered,3,15
O03132,C0487,2025-12-02,Store,Delivered,1,5
O03133,C0341,2026-08-02,Mobile App,Delivered,5,15
O03134,C0008,2025-12-11,Store,Returned,1,0
O03135,C0284,2026-02-13,Store,Returned,3,10
O03136,C0005,2026-02-06,Store,Delivered,4,5
O03137,C0145,2025-09-14,Mobile App,Delivered,2,10
O03138,C0101,2026-04-13,E-commerce,Delivered,1,15
O03139,C0164,2025-11-12,Store,Returned,1,15
O03140,C0374,2026-05-07,E-commerce,Delivered,5,10
O03141,C0147,2025-11-30,E-commerce,Delivered,2,20
O03142,C0064,2026-04-04,E-commerce,Delivered,5,5
O03143,C0091,2025-11-29,E-commerce,Delivered,5,0
O03144,C0117,2025-09-29,Store,Delivered,4,10
O03145,C0354,2026-07-02,Mobile App,Delivered,1,10
O03146,C0267,2026-04-08,Mobile App,Delivered,2,0
O03147,C0310,2026-07-25,Mobile App,Delivered,4,10
O03148,C0173,2026-04-03,E-commerce,Delivered,4,5
O03149,C0047,2026-04-09,E-commerce,Delivered,4,15
O03150,C0140,2025-10-12,Mobile App,Delivered,3,15
O03151,C0246,2026-01-13,Mobile App,Delivered,3,10
O03152,C0149,2025-10-12,E-commerce,Delivered,4,0
O03153,C0246,2026-02-11,Store,Delivered,3,10
O03154,C0395,2026-08-27,E-commerce,Delivered,2,15
O03155,C0487,2026-06-10,E-commerce,Delivered,1,0
O03156,C0476,2025-10-28,E-commerce,Delivered,2,10
O03157,C0005,2026-06-29,E-commerce,Delivered,1,25
O03158,C0465,2026-07-19,Store,Delivered,3,5
O03159,C0184,2025-09-25,Store,Delivered,2,0
O03160,C0020,2025-11-12,E-commerce,Delivered,5,0
O03161,C0425,2026-01-07,Mobile App,Delivered,4,10
O03162,C0046,2025-11-26,Mobile App,Delivered,1,20
O03163,C0012,2026-07-27,E-commerce,Delivered,1,10
O03164,C0070,2026-01-31,E-commerce,Delivered,5,5
O03165,C0017,2026-03-01,Store,Delivered,5,10
O03166,C0371,2026-01-03,Mobile App,Delivered,4,10
O03167,C0147,2025-11-06,Store,Delivered,3,10
O03168,C0154,2025-09-06,E-commerce,Delivered,2,0
O03169,C0304,2026-01-03,Mobile App,Cancelled,2,10
O03170,C0108,2026-07-11,E-commerce,Cancelled,2,5
O03171,C0236,2026-07-23,E-commerce,Delivered,3,0
O03172,C0308,2025-10-23,Mobile App,Delivered,4,10
O03173,C0352,2025-11-05,E-commerce,Delivered,2,25
O03174,C0070,2026-07-11,E-commerce,Delivered,1,5
O03175,C0183,2025-11-21,E-commerce,Delivered,1,25
O03176,C0250,2025-11-26,E-commerce,Delivered,1,0
O03177,C0228,2025-09-02,Mobile App,Cancelled,5,15
O03178,C0102,2026-03-23,E-commerce,Delivered,5,0
O03179,C0075,2026-01-28,E-commerce,Delivered,3,5
O03180,C0417,2026-06-20,E-commerce,Delivered,2,10
O03181,C0446,2025-12-12,E-commerce,Delivered,5,10
O03182,C0216,2025-09-24,Mobile App,Cancelled,1,15
O03183,C0407,2026-03-31,E-commerce,Delivered,5,10
O03184,C0399,2025-11-04,Store,Delivered,1,10
O03185,C0411,2026-03-28,E-commerce,Delivered,2,20
O03186,C0203,2026-05-09,E-commerce,Delivered,3,10
O03187,C0192,2025-12-26,Store,Delivered,4,0
O03188,C0249,2025-12-25,Mobile App,Delivered,4,0
O03189,C0499,2026-04-25,E-commerce,Delivered,1,5
O03190,C0242,2025-12-14,Store,Delivered,5,15
O03191,C0465,2026-05-17,E-commerce,Delivered,5,0
O03192,C0179,2025-10-16,Store,Delivered,1,0
O03193,C0437,2026-07-08,Mobile App,Cancelled,2,0
O03194,C0462,2026-07-28,Mobile App,Delivered,1,10
O03195,C0219,2026-04-04,Store,Delivered,2,0
O03196,C0082,2026-06-28,E-commerce,Returned,3,0
O03197,C0092,2026-07-30,Mobile App,Cancelled,3,10
O03198,C0435,2025-09-24,E-commerce,Delivered,1,15
O03199,C0175,2025-10-05,E-commerce,Delivered,3,5
O03200,C0239,2025-09-24,E-commerce,Delivered,5,10
O03201,C0260,2025-09-28,E-commerce,Delivered,2,0
O03202,C0391,2025-09-16,Mobile App,Delivered,4,20
O03203,C0365,2025-10-29,Mobile App,Delivered,4,5
O03204,C0163,2026-05-01,Mobile App,Delivered,3,25
O03205,C0048,2026-03-26,E-commerce,Delivered,2,25
O03206,C0329,2026-05-29,E-commerce,Returned,5,15
O03207,C0328,2026-05-07,Store,Delivered,4,0
O03208,C0116,2026-05-25,E-commerce,Delivered,5,10
O03209,C0429,2026-03-12,Mobile App,Delivered,5,0
O03210,C0337,2026-08-01,Store,Returned,4,20
O03211,C0337,2026-04-06,Store,Delivered,4,15
O03212,C0369,2025-12-24,Mobile App,Delivered,3,25
O03213,C0225,2025-11-07,Store,Returned,2,10
O03214,C0352,2026-06-26,E-commerce,Delivered,1,10
O03215,C0328,2026-07-22,Store,Delivered,2,10
O03216,C0147,2025-11-14,E-commerce,Cancelled,1,5
O03217,C0063,2025-12-12,E-commerce,Returned,4,10
O03218,C0294,2026-06-24,E-commerce,Delivered,5,10
O03219,C0323,2026-02-25,Store,Delivered,2,20
O03220,C0443,2026-04-03,E-commerce,Delivered,5,10
O03221,C0325,2026-07-12,E-commerce,Delivered,2,20
O03222,C0013,2025-10-09,E-commerce,Delivered,2,20
O03223,C0431,2026-05-17,Store,Delivered,5,10
O03224,C0494,2026-03-23,Store,Delivered,3,5
O03225,C0189,2025-09-07,Mobile App,Delivered,4,10
O03226,C0287,2025-10-19,Mobile App,Delivered,3,5
O03227,C0208,2025-09-26,E-commerce,Delivered,3,0
O03228,C0114,2026-02-08,E-commerce,Delivered,2,5
O03229,C0480,2026-08-23,Store,Delivered,4,25
O03230,C0022,2026-02-23,E-commerce,Delivered,2,0
O03231,C0349,2025-11-18,E-commerce,Delivered,1,10
O03232,C0214,2025-09-02,E-commerce,Delivered,2,15
O03233,C0171,2026-01-10,E-commerce,Delivered,5,10
O03234,C0323,2026-06-03,E-commerce,Delivered,2,10
O03235,C0054,2025-12-26,Mobile App,Delivered,1,15
O03236,C0394,2026-02-11,E-commerce,Delivered,2,5
O03237,C0298,2026-06-15,Mobile App,Delivered,1,0
O03238,C0320,2025-09-28,E-commerce,Delivered,4,25
O03239,C0126,2026-07-30,E-commerce,Returned,2,5
O03240,C0277,2025-09-01,E-commerce,Delivered,1,10
O03241,C0464,2026-03-07,Store,Delivered,4,10
O03242,C0204,2025-10-26,E-commerce,Delivered,5,0
O03243,C0194,2025-10-05,Mobile App,Delivered,3,25
O03244,C0169,2025-12-21,Mobile App,Delivered,1,15
O03245,C0152,2026-06-13,Mobile App,Delivered,5,0
O03246,C0035,2026-07-07,E-commerce,Delivered,4,25
O03247,C0184,2025-10-06,E-commerce,Delivered,5,15
O03248,C0286,2026-04-05,E-commerce,Delivered,2,10
O03249,C0057,2025-11-19,Mobile App,Delivered,3,10
O03250,C0222,2026-07-11,E-commerce,Delivered,1,0
O03251,C0303,2025-11-22,Store,Delivered,4,10
O03252,C0163,2025-11-04,Store,Delivered,3,0
O03253,C0019,2026-07-22,E-commerce,Delivered,4,10
O03254,C0370,2026-01-06,E-commerce,Delivered,5,10
O03255,C0264,2026-07-04,Mobile App,Returned,4,20
O03256,C0282,2025-09-22,E-commerce,Delivered,4,15
O03257,C0113,2026-04-04,E-commerce,Delivered,5,0
O03258,C0488,2025-12-16,Store,Delivered,5,20
O03259,C0327,2025-12-18,E-commerce,Delivered,3,10
O03260,C0030,2026-08-23,Store,Delivered,1,10
O03261,C0135,2026-02-28,Mobile App,Delivered,5,0
O03262,C0067,2026-08-22,Store,Cancelled,3,20
O03263,C0065,2026-02-11,E-commerce,Delivered,4,20
O03264,C0292,2025-11-07,E-commerce,Delivered,4,15
O03265,C0025,2026-06-19,Mobile App,Delivered,2,20
O03266,C0037,2026-02-27,E-commerce,Delivered,5,5
O03267,C0001,2026-02-28,E-commerce,Delivered,3,20
O03268,C0399,2026-02-16,E-commerce,Delivered,3,10
O03269,C0037,2025-09-22,E-commerce,Delivered,1,0
O03270,C0141,2025-11-05,E-commerce,Delivered,3,10
O03271,C0232,2025-09-21,Store,Delivered,5,10
O03272,C0136,2025-12-09,E-commerce,Delivered,3,5
O03273,C0389,2026-06-27,E-commerce,Delivered,2,0
O03274,C0188,2025-12-12,Mobile App,Delivered,4,0
O03275,C0128,2025-10-17,Store,Cancelled,4,5
O03276,C0201,2025-10-09,E-commerce,Delivered,3,0
O03277,C0127,2026-06-12,E-commerce,Cancelled,3,0
O03278,C0257,2026-07-07,Mobile App,Delivered,3,5
O03279,C0164,2025-11-29,Store,Delivered,3,25
O03280,C0035,2025-11-24,Store,Delivered,2,15
O03281,C0194,2026-05-31,Mobile App,Cancelled,5,5
O03282,C0191,2026-08-02,E-commerce,Delivered,2,25
O03283,C0104,2026-03-07,Mobile App,Delivered,2,10
O03284,C0023,2026-02-06,E-commerce,Delivered,2,10
O03285,C0265,2026-05-01,Mobile App,Cancelled,4,10
O03286,C0290,2025-11-12,Mobile App,Returned,2,5
O03287,C0430,2025-10-19,Store,Returned,3,0
O03288,C0462,2025-12-10,E-commerce,Returned,2,5
O03289,C0384,2025-09-02,E-commerce,Delivered,3,10
O03290,C0260,2026-05-02,Mobile App,Delivered,5,10
O03291,C0414,2026-02-23,Mobile App,Delivered,4,15
O03292,C0479,2026-04-26,Store,Delivered,5,5
O03293,C0358,2025-10-29,E-commerce,Delivered,5,15
O03294,C0075,2026-08-19,E-commerce,Cancelled,4,10
O03295,C0355,2025-12-08,Mobile App,Delivered,3,25
O03296,C0072,2026-08-25,E-commerce,Delivered,3,5
O03297,C0259,2025-09-02,Store,Cancelled,3,20
O03298,C0398,2026-05-01,E-commerce,Delivered,4,15
O03299,C0188,2026-06-24,Store,Delivered,2,10
O03300,C0461,2026-03-30,Mobile App,Delivered,1,10
O03301,C0173,2026-01-01,Store,Delivered,2,0
O03302,C0480,2026-04-17,E-commerce,Delivered,2,25
O03303,C0290,2025-11-21,Store,Delivered,5,0
O03304,C0045,2026-01-22,E-commerce,Delivered,1,10
O03305,C0061,2026-01-18,Mobile App,Returned,3,5
O03306,C0083,2025-09-29,E-commerce,Delivered,2,5
O03307,C0123,2026-05-28,E-commerce,Delivered,4,10
O03308,C0358,2026-05-05,E-commerce,Returned,2,20
O03309,C0016,2025-09-12,E-commerce,Delivered,3,10
O03310,C0066,2026-08-21,Store,Delivered,2,25
O03311,C0424,2026-08-03,E-commerce,Delivered,5,10
O03312,C0145,2025-12-15,Store,Delivered,5,0
O03313,C0375,2025-10-02,Store,Delivered,2,0
O03314,C0162,2025-11-13,E-commerce,Delivered,5,15
O03315,C0234,2026-02-18,Mobile App,Delivered,4,0
O03316,C0380,2026-08-03,E-commerce,Delivered,1,10
O03317,C0144,2025-11-08,E-commerce,Delivered,2,0
O03318,C0358,2026-06-28,E-commerce,Delivered,4,5
O03319,C0188,2026-08-28,Store,Delivered,4,15
O03320,C0322,2026-01-15,E-commerce,Cancelled,4,10
O03321,C0450,2025-12-09,Mobile App,Delivered,3,0
O03322,C0474,2026-01-24,Mobile App,Delivered,2,5
O03323,C0013,2025-09-09,Store,Delivered,2,5
O03324,C0184,2025-11-01,E-commerce,Delivered,2,0
O03325,C0111,2026-03-04,Mobile App,Delivered,1,10
O03326,C0415,2025-09-29,Mobile App,Delivered,4,10
O03327,C0290,2025-12-23,Mobile App,Delivered,2,0
O03328,C0295,2026-01-21,Store,Delivered,5,5
O03329,C0451,2025-12-29,Store,Delivered,3,5
O03330,C0392,2026-02-17,E-commerce,Delivered,1,5
O03331,C0215,2026-02-04,E-commerce,Delivered,3,10
O03332,C0462,2026-08-01,E-commerce,Delivered,4,5
O03333,C0120,2026-08-15,E-commerce,Delivered,5,5
O03334,C0382,2026-05-18,E-commerce,Delivered,4,15
O03335,C0055,2025-11-21,E-commerce,Delivered,2,0
O03336,C0027,2026-04-30,E-commerce,Delivered,3,10
O03337,C0118,2026-02-19,Store,Delivered,5,10
O03338,C0221,2026-04-19,E-commerce,Delivered,3,5
O03339,C0231,2026-03-27,Store,Delivered,1,15
O03340,C0053,2025-11-14,E-commerce,Delivered,5,10
O03341,C0295,2026-05-28,Mobile App,Delivered,1,10
O03342,C0321,2025-12-23,Store,Delivered,5,10
O03343,C0401,2025-11-01,E-commerce,Delivered,2,15
O03344,C0233,2026-08-28,E-commerce,Returned,3,25
O03345,C0158,2026-07-17,E-commerce,Returned,3,10
O03346,C0437,2025-12-11,E-commerce,Delivered,4,20
O03347,C0269,2026-08-28,Store,Cancelled,5,0
O03348,C0021,2026-03-29,Store,Delivered,5,10
O03349,C0403,2026-05-13,E-commerce,Delivered,1,0
O03350,C0053,2025-09-20,E-commerce,Delivered,5,0
O03351,C0275,2025-10-28,E-commerce,Delivered,3,10
O03352,C0313,2025-12-21,E-commerce,Cancelled,5,15
O03353,C0281,2026-07-10,Mobile App,Delivered,4,5
O03354,C0214,2026-03-15,E-commerce,Returned,4,10
O03355,C0031,2026-08-19,Mobile App,Delivered,3,10
O03356,C0337,2025-12-01,E-commerce,Delivered,3,5
O03357,C0183,2025-10-22,E-commerce,Delivered,3,5
O03358,C0023,2026-06-20,Mobile App,Delivered,5,5
O03359,C0032,2025-09-08,E-commerce,Delivered,5,5
O03360,C0446,2026-06-27,Store,Delivered,2,10
O03361,C0074,2025-12-07,Store,Cancelled,1,0
O03362,C0010,2026-04-24,E-commerce,Delivered,5,0
O03363,C0484,2025-11-08,E-commerce,Delivered,2,10
O03364,C0456,2025-10-15,Store,Delivered,2,10
O03365,C0054,2026-01-15,Store,Returned,4,5
O03366,C0052,2026-04-22,Store,Delivered,5,0
O03367,C0148,2025-10-02,E-commerce,Delivered,2,5
O03368,C0160,2026-06-16,Store,Delivered,4,15
O03369,C0370,2026-01-04,E-commerce,Delivered,1,20
O03370,C0014,2025-11-06,Mobile App,Delivered,4,15
O03371,C0178,2025-09-30,Store,Delivered,1,0
O03372,C0412,2025-12-23,E-commerce,Returned,3,10
O03373,C0366,2026-03-23,Store,Cancelled,3,0
O03374,C0500,2025-09-29,E-commerce,Delivered,4,5
O03375,C0053,2026-01-09,Store,Returned,3,0
O03376,C0408,2026-03-04,E-commerce,Delivered,5,15
O03377,C0335,2026-05-11,Store,Delivered,4,10
O03378,C0022,2026-06-13,E-commerce,Delivered,2,10
O03379,C0030,2025-11-01,Mobile App,Delivered,5,10
O03380,C0191,2025-09-03,Mobile App,Delivered,4,0
O03381,C0260,2025-11-07,E-commerce,Delivered,1,5
O03382,C0205,2025-09-25,E-commerce,Delivered,3,10
O03383,C0059,2026-02-26,Mobile App,Delivered,3,10
O03384,C0471,2026-01-19,E-commerce,Delivered,3,15
O03385,C0264,2026-04-19,Mobile App,Delivered,4,5
O03386,C0466,2026-06-27,E-commerce,Delivered,5,15
O03387,C0012,2026-02-10,Store,Delivered,1,5
O03388,C0119,2026-07-08,E-commerce,Cancelled,3,10
O03389,C0415,2026-01-08,E-commerce,Delivered,5,10
O03390,C0462,2026-05-04,E-commerce,Delivered,2,20
O03391,C0290,2026-06-24,E-commerce,Delivered,2,0
O03392,C0338,2026-02-19,E-commerce,Delivered,1,10
O03393,C0248,2025-11-03,E-commerce,Returned,3,10
O03394,C0354,2025-10-01,Store,Delivered,2,0
O03395,C0127,2025-10-17,Mobile App,Delivered,5,0
O03396,C0075,2026-01-08,Mobile App,Returned,5,15
O03397,C0361,2026-08-18,E-commerce,Delivered,2,0
O03398,C0204,2026-07-30,Mobile App,Delivered,3,0
O03399,C0049,2025-12-19,E-commerce,Delivered,1,25
O03400,C0079,2025-11-08,Store,Delivered,3,15
O03401,C0441,2025-10-28,E-commerce,Delivered,4,5
O03402,C0479,2025-12-15,E-commerce,Delivered,2,10
O03403,C0241,2026-06-27,E-commerce,Delivered,4,10
O03404,C0349,2026-07-27,Store,Delivered,2,15
O03405,C0154,2026-05-14,E-commerce,Delivered,1,15
O03406,C0274,2026-07-09,Mobile App,Delivered,3,15
O03407,C0096,2026-02-18,E-commerce,Delivered,3,0
O03408,C0214,2026-02-09,Mobile App,Delivered,2,10
O03409,C0294,2026-06-13,Store,Delivered,5,0
O03410,C0209,2025-11-10,E-commerce,Delivered,4,0
O03411,C0343,2026-05-13,E-commerce,Delivered,3,15
O03412,C0088,2025-10-25,Store,Delivered,3,0
O03413,C0306,2026-07-20,Mobile App,Delivered,2,10
O03414,C0264,2025-09-03,E-commerce,Delivered,5,15
O03415,C0425,2025-09-26,Mobile App,Delivered,4,5
O03416,C0390,2026-07-10,Mobile App,Delivered,5,0
O03417,C0325,2026-01-04,E-commerce,Delivered,5,15
O03418,C0428,2025-10-23,Store,Cancelled,2,20
O03419,C0377,2026-03-17,E-commerce,Delivered,5,15
O03420,C0320,2026-06-26,E-commerce,Delivered,4,10
O03421,C0157,2026-03-07,Store,Delivered,1,0
O03422,C0156,2026-03-05,E-commerce,Cancelled,1,0
O03423,C0139,2026-07-02,E-commerce,Delivered,4,10
O03424,C0121,2026-06-25,Mobile App,Delivered,2,0
O03425,C0065,2026-03-23,Store,Cancelled,3,20
O03426,C0107,2025-09-11,Store,Delivered,2,10
O03427,C0147,2026-08-25,Store,Delivered,4,10
O03428,C0137,2026-08-20,Store,Delivered,5,15
O03429,C0411,2026-01-24,E-commerce,Delivered,1,15
O03430,C0162,2025-11-24,E-commerce,Delivered,5,10
O03431,C0428,2025-12-09,Store,Cancelled,2,20
O03432,C0452,2025-12-13,E-commerce,Delivered,4,25
O03433,C0100,2025-10-16,Mobile App,Delivered,1,20
O03434,C0338,2025-10-14,Mobile App,Delivered,4,15
O03435,C0399,2026-06-05,E-commerce,Delivered,1,15
O03436,C0307,2026-02-28,Store,Delivered,1,10
O03437,C0141,2026-03-06,Mobile App,Delivered,1,0
O03438,C0083,2025-12-23,E-commerce,Delivered,2,5
O03439,C0177,2026-05-13,Store,Delivered,4,0
O03440,C0198,2025-09-30,E-commerce,Delivered,3,0
O03441,C0112,2026-05-22,E-commerce,Delivered,3,5
O03442,C0056,2025-12-07,Mobile App,Delivered,3,0
O03443,C0460,2026-07-10,Store,Delivered,4,20
O03444,C0179,2026-07-26,Store,Delivered,5,15
O03445,C0421,2025-12-24,Store,Cancelled,4,0
O03446,C0401,2026-06-03,Mobile App,Delivered,1,0
O03447,C0186,2026-06-08,E-commerce,Delivered,5,15
O03448,C0471,2026-06-02,Store,Delivered,1,15
O03449,C0218,2026-05-19,Store,Returned,1,20
O03450,C0413,2026-07-28,E-commerce,Delivered,4,25
O03451,C0417,2026-03-26,E-commerce,Delivered,3,25
O03452,C0316,2026-07-25,Store,Delivered,5,5
O03453,C0475,2026-03-30,Store,Delivered,2,5
O03454,C0217,2026-04-03,Store,Cancelled,3,15
O03455,C0120,2025-10-10,Store,Delivered,2,5
O03456,C0439,2025-09-26,Mobile App,Delivered,4,15
O03457,C0394,2025-09-27,Mobile App,Delivered,5,10
O03458,C0175,2026-03-09,Mobile App,Delivered,4,15
O03459,C0023,2025-11-22,E-commerce,Cancelled,2,5
O03460,C0213,2026-02-17,Mobile App,Delivered,1,10
O03461,C0405,2026-02-14,Mobile App,Delivered,4,10
O03462,C0235,2026-03-07,Mobile App,Delivered,5,20
O03463,C0013,2026-02-16,Mobile App,Delivered,4,5
O03464,C0101,2026-06-16,E-commerce,Delivered,3,20
O03465,C0417,2026-04-17,E-commerce,Delivered,4,15
O03466,C0024,2025-12-06,E-commerce,Delivered,2,15
O03467,C0364,2025-09-16,E-commerce,Delivered,4,15
O03468,C0011,2026-06-06,E-commerce,Delivered,5,10
O03469,C0273,2026-01-13,Store,Returned,4,0
O03470,C0452,2025-09-26,E-commerce,Delivered,4,0
O03471,C0431,2026-08-18,E-commerce,Delivered,5,20
O03472,C0281,2025-09-12,Mobile App,Delivered,4,15
O03473,C0094,2025-11-11,Mobile App,Delivered,5,0
O03474,C0201,2026-01-11,E-commerce,Delivered,2,10
O03475,C0021,2025-12-15,Store,Delivered,5,5
O03476,C0340,2026-04-08,Store,Delivered,2,0
O03477,C0467,2026-02-24,E-commerce,Cancelled,2,10
O03478,C0211,2026-06-09,E-commerce,Delivered,5,5
O03479,C0140,2026-01-11,Store,Delivered,4,0
O03480,C0293,2025-09-22,Store,Delivered,3,10
O03481,C0298,2026-05-27,Mobile App,Delivered,5,10
O03482,C0401,2026-02-08,E-commerce,Delivered,4,0
O03483,C0101,2025-12-16,E-commerce,Delivered,2,5
O03484,C0304,2026-06-06,Mobile App,Delivered,1,5
O03485,C0359,2026-08-19,E-commerce,Delivered,3,0
O03486,C0028,2026-04-23,E-commerce,Delivered,4,0
O03487,C0041,2025-09-18,Mobile App,Delivered,3,0
O03488,C0355,2026-04-30,E-commerce,Delivered,1,0
O03489,C0303,2025-12-26,Store,Returned,1,15
O03490,C0496,2026-06-13,Store,Delivered,1,5
O03491,C0146,2026-06-09,E-commerce,Delivered,5,0
O03492,C0256,2026-01-22,Store,Delivered,3,0
O03493,C0462,2026-03-24,E-commerce,Cancelled,5,5
O03494,C0227,2025-10-09,Store,Delivered,1,15
O03495,C0236,2026-02-01,E-commerce,Delivered,4,5
O03496,C0361,2026-02-23,E-commerce,Returned,1,0
O03497,C0380,2026-04-29,Mobile App,Delivered,5,5
O03498,C0455,2026-01-12,E-commerce,Delivered,1,10
O03499,C0489,2025-10-16,Store,Delivered,1,0
O03500,C0013,2025-10-20,E-commerce,Delivered,5,10
O03501,C0210,2026-02-13,E-commerce,Delivered,5,5
O03502,C0229,2025-12-15,Mobile App,Delivered,4,0
O03503,C0397,2026-04-04,E-commerce,Delivered,5,10
O03504,C0100,2026-01-24,E-commerce,Delivered,4,15
O03505,C0031,2025-11-11,Mobile App,Cancelled,2,10
O03506,C0386,2026-07-27,Store,Delivered,2,5
O03507,C0016,2026-05-31,Store,Delivered,5,10
O03508,C0137,2026-05-05,Store,Delivered,1,5
O03509,C0329,2026-03-05,E-commerce,Delivered,3,15
O03510,C0166,2025-11-09,Mobile App,Delivered,1,10
O03511,C0459,2026-01-28,E-commerce,Delivered,5,0
O03512,C0310,2026-05-04,Mobile App,Delivered,4,10
O03513,C0440,2026-05-20,E-commerce,Delivered,1,10
O03514,C0470,2025-09-26,Store,Delivered,2,5
O03515,C0481,2026-01-18,Mobile App,Delivered,5,20
O03516,C0100,2025-12-08,Store,Delivered,1,15
O03517,C0109,2026-06-05,Store,Returned,1,0
O03518,C0343,2025-10-21,Store,Delivered,4,20
O03519,C0173,2026-01-29,Store,Delivered,4,5
O03520,C0237,2025-12-13,E-commerce,Delivered,4,15
O03521,C0162,2025-11-28,E-commerce,Cancelled,3,15
O03522,C0393,2026-01-19,E-commerce,Delivered,5,10
O03523,C0216,2026-04-01,E-commerce,Delivered,5,5
O03524,C0264,2026-04-21,Mobile App,Delivered,2,20
O03525,C0263,2026-03-02,Mobile App,Delivered,2,0
O03526,C0292,2026-05-09,Mobile App,Delivered,5,5
O03527,C0274,2025-09-09,Store,Delivered,1,5
O03528,C0003,2025-11-18,Store,Delivered,5,20
O03529,C0028,2025-10-22,E-commerce,Delivered,3,20
O03530,C0326,2026-05-27,E-commerce,Delivered,2,0
O03531,C0492,2026-04-14,E-commerce,Cancelled,2,20
O03532,C0428,2025-10-21,E-commerce,Delivered,2,5
O03533,C0149,2026-03-05,Store,Delivered,5,25
O03534,C0028,2025-10-04,Mobile App,Delivered,2,10
O03535,C0488,2026-06-18,Mobile App,Delivered,2,0
O03536,C0310,2026-04-18,Store,Delivered,5,0
O03537,C0438,2026-01-09,Store,Delivered,1,0
O03538,C0065,2025-12-29,E-commerce,Delivered,2,0
O03539,C0356,2026-07-23,Mobile App,Delivered,2,15
O03540,C0021,2026-05-05,E-commerce,Delivered,2,0
O03541,C0252,2026-03-11,E-commerce,Delivered,3,25
O03542,C0235,2026-07-20,E-commerce,Delivered,5,10
O03543,C0227,2026-03-29,E-commerce,Returned,2,10
O03544,C0013,2025-12-12,E-commerce,Delivered,3,0
O03545,C0313,2026-07-26,E-commerce,Delivered,1,20
O03546,C0049,2026-01-11,Mobile App,Delivered,1,10
O03547,C0118,2026-07-20,Store,Delivered,3,20
O03548,C0054,2026-01-17,E-commerce,Delivered,1,25
O03549,C0138,2025-12-30,E-commerce,Delivered,4,0
O03550,C0053,2025-12-03,Store,Delivered,1,0
O03551,C0044,2026-01-07,E-commerce,Cancelled,4,15
O03552,C0303,2025-11-30,Store,Delivered,3,20
O03553,C0053,2025-12-01,Mobile App,Delivered,4,10
O03554,C0074,2025-11-02,E-commerce,Delivered,1,5
O03555,C0046,2025-09-29,E-commerce,Delivered,2,10
O03556,C0013,2026-03-29,E-commerce,Delivered,4,5
O03557,C0165,2025-09-12,E-commerce,Delivered,1,0
O03558,C0102,2026-07-30,E-commerce,Delivered,2,10
O03559,C0280,2026-06-24,Mobile App,Delivered,3,0
O03560,C0258,2026-01-08,E-commerce,Delivered,3,10
O03561,C0470,2026-06-20,Mobile App,Delivered,5,25
O03562,C0337,2026-02-20,Mobile App,Delivered,3,15
O03563,C0356,2026-03-27,E-commerce,Delivered,5,20
O03564,C0398,2025-09-24,E-commerce,Cancelled,3,15
O03565,C0138,2025-12-08,E-commerce,Returned,3,5
O03566,C0163,2026-08-22,E-commerce,Delivered,3,15
O03567,C0409,2026-01-17,Mobile App,Delivered,5,20
O03568,C0387,2026-07-11,E-commerce,Returned,5,20
O03569,C0111,2026-02-21,Store,Delivered,4,10
O03570,C0102,2025-09-29,E-commerce,Delivered,1,0
O03571,C0017,2026-01-21,E-commerce,Delivered,1,0
O03572,C0268,2026-07-13,Mobile App,Delivered,1,0
O03573,C0182,2026-08-17,Mobile App,Delivered,3,25
O03574,C0372,2025-10-12,E-commerce,Delivered,1,10
O03575,C0024,2026-06-26,E-commerce,Delivered,5,20
O03576,C0029,2026-03-27,Mobile App,Delivered,4,10
O03577,C0171,2026-07-27,E-commerce,Cancelled,2,10
O03578,C0409,2026-03-11,E-commerce,Delivered,4,0
O03579,C0228,2026-02-07,Mobile App,Delivered,1,0
O03580,C0378,2025-11-03,E-commerce,Delivered,1,5
O03581,C0188,2026-05-01,Mobile App,Delivered,5,10
O03582,C0346,2026-05-16,Mobile App,Delivered,4,0
O03583,C0230,2026-01-30,Mobile App,Delivered,5,15
O03584,C0321,2026-04-03,Mobile App,Delivered,5,5
O03585,C0340,2026-07-19,Mobile App,Delivered,2,15
O03586,C0119,2026-02-13,Mobile App,Returned,5,0
O03587,C0156,2025-10-01,Store,Delivered,5,10
O03588,C0272,2026-04-20,E-commerce,Delivered,2,5
O03589,C0175,2026-06-09,E-commerce,Delivered,3,15
O03590,C0465,2025-09-29,Store,Delivered,3,5
O03591,C0104,2026-03-14,Mobile App,Delivered,2,10
O03592,C0092,2026-07-31,E-commerce,Delivered,5,20
O03593,C0186,2026-05-14,Store,Delivered,1,0
O03594,C0460,2026-06-08,E-commerce,Delivered,4,0
O03595,C0283,2026-07-01,Mobile App,Delivered,1,15
O03596,C0181,2026-07-18,Store,Delivered,1,10
O03597,C0170,2026-07-20,Store,Cancelled,5,5
O03598,C0187,2026-08-12,E-commerce,Delivered,4,10
O03599,C0175,2026-06-21,Mobile App,Delivered,4,0
O03600,C0222,2025-11-26,E-commerce,Cancelled,3,0
O03601,C0233,2026-01-27,E-commerce,Delivered,2,5
O03602,C0162,2026-05-07,E-commerce,Delivered,5,15
O03603,C0421,2026-07-18,Mobile App,Delivered,4,10
O03604,C0134,2026-06-10,E-commerce,Delivered,5,10
O03605,C0391,2026-08-28,E-commerce,Delivered,3,20
O03606,C0480,2026-03-17,Mobile App,Delivered,1,5
O03607,C0224,2025-10-14,Mobile App,Delivered,4,15
O03608,C0153,2026-08-22,Store,Delivered,3,20
O03609,C0033,2025-09-28,Store,Delivered,5,0
O03610,C0055,2025-09-17,E-commerce,Delivered,3,5
O03611,C0442,2026-01-05,Store,Delivered,3,25
O03612,C0007,2026-02-15,Store,Delivered,3,25
O03613,C0244,2026-05-02,E-commerce,Delivered,3,0
O03614,C0313,2025-11-15,E-commerce,Delivered,3,0
O03615,C0126,2026-04-19,E-commerce,Delivered,3,5
O03616,C0012,2026-03-23,E-commerce,Delivered,2,5
O03617,C0016,2026-05-06,Mobile App,Delivered,5,5
O03618,C0208,2026-06-29,Mobile App,Delivered,1,10
O03619,C0043,2026-04-02,Mobile App,Delivered,5,20
O03620,C0373,2026-04-03,Mobile App,Delivered,4,5
O03621,C0484,2026-02-05,E-commerce,Cancelled,4,15
O03622,C0461,2025-11-08,Store,Cancelled,5,0
O03623,C0135,2025-11-24,E-commerce,Cancelled,3,0
O03624,C0228,2026-05-25,Store,Cancelled,2,10
O03625,C0111,2025-11-08,E-commerce,Delivered,1,0
O03626,C0307,2025-12-08,Store,Delivered,3,5
O03627,C0457,2026-08-13,E-commerce,Delivered,5,20
O03628,C0160,2026-04-04,E-commerce,Delivered,5,0
O03629,C0331,2026-02-08,E-commerce,Delivered,2,15
O03630,C0264,2025-12-03,Mobile App,Delivered,2,5
O03631,C0225,2026-02-21,Store,Delivered,5,0
O03632,C0471,2026-02-12,E-commerce,Delivered,3,10
O03633,C0217,2025-12-24,Store,Delivered,3,15
O03634,C0456,2026-04-08,Mobile App,Delivered,3,5
O03635,C0045,2025-10-01,Mobile App,Cancelled,1,10
O03636,C0214,2025-09-11,Store,Delivered,1,20
O03637,C0059,2026-08-09,E-commerce,Cancelled,3,15
O03638,C0132,2026-01-08,E-commerce,Delivered,5,0
O03639,C0104,2025-12-14,Store,Delivered,2,15
O03640,C0195,2025-09-27,Store,Delivered,4,10
O03641,C0413,2026-04-15,Store,Delivered,2,15
O03642,C0489,2025-09-02,Store,Delivered,2,10
O03643,C0157,2026-08-25,E-commerce,Delivered,4,0
O03644,C0098,2025-12-10,Store,Delivered,3,10
O03645,C0226,2025-09-21,E-commerce,Returned,2,10
O03646,C0412,2025-10-28,Store,Delivered,4,10
O03647,C0205,2026-02-27,E-commerce,Delivered,5,20
O03648,C0079,2026-08-07,Mobile App,Delivered,5,20
O03649,C0124,2026-08-15,Mobile App,Delivered,5,10
O03650,C0471,2025-09-20,E-commerce,Delivered,3,10
O03651,C0428,2026-05-13,E-commerce,Delivered,2,10
O03652,C0218,2026-07-14,Store,Delivered,2,10
O03653,C0004,2025-10-08,Store,Delivered,1,25
O03654,C0090,2026-01-26,E-commerce,Delivered,5,10
O03655,C0104,2025-09-25,Store,Delivered,3,5
O03656,C0393,2025-12-30,Mobile App,Delivered,4,10
O03657,C0119,2025-09-26,E-commerce,Delivered,3,10
O03658,C0133,2026-02-16,E-commerce,Delivered,2,10
O03659,C0312,2026-07-20,Store,Delivered,5,10
O03660,C0096,2026-04-13,Mobile App,Delivered,1,0
O03661,C0468,2025-09-01,Mobile App,Delivered,3,0
O03662,C0434,2026-07-04,Mobile App,Delivered,1,5
O03663,C0331,2026-05-19,E-commerce,Delivered,2,5
O03664,C0143,2025-09-13,E-commerce,Delivered,4,0
O03665,C0288,2025-10-18,E-commerce,Delivered,3,15
O03666,C0028,2026-07-10,E-commerce,Returned,2,5
O03667,C0278,2026-06-18,Mobile App,Delivered,5,20
O03668,C0233,2026-07-29,Store,Delivered,3,0
O03669,C0017,2025-12-03,E-commerce,Delivered,1,0
O03670,C0059,2026-05-19,E-commerce,Delivered,3,10
O03671,C0090,2026-06-05,Mobile App,Delivered,2,0
O03672,C0492,2026-08-25,Store,Delivered,2,20
O03673,C0199,2026-03-24,Mobile App,Delivered,1,0
O03674,C0362,2026-03-04,Store,Delivered,2,5
O03675,C0441,2026-02-22,Mobile App,Delivered,3,20
O03676,C0026,2026-07-06,Store,Delivered,1,5
O03677,C0025,2025-11-08,E-commerce,Delivered,2,0
O03678,C0394,2025-12-13,E-commerce,Delivered,2,5
O03679,C0301,2026-05-04,E-commerce,Cancelled,3,10
O03680,C0339,2026-02-08,Mobile App,Delivered,2,0
O03681,C0267,2026-03-19,Store,Delivered,3,10
O03682,C0461,2026-04-04,Store,Delivered,5,15
O03683,C0181,2026-03-31,E-commerce,Returned,3,20
O03684,C0456,2025-09-16,E-commerce,Delivered,4,0
O03685,C0360,2026-07-29,E-commerce,Delivered,2,0
O03686,C0068,2026-03-24,E-commerce,Delivered,5,5
O03687,C0495,2026-08-31,Mobile App,Delivered,1,10
O03688,C0351,2025-10-09,Store,Delivered,4,5
O03689,C0412,2025-11-28,Store,Delivered,1,15
O03690,C0459,2026-05-14,Mobile App,Delivered,4,15
O03691,C0491,2026-05-12,Store,Delivered,5,0
O03692,C0321,2026-04-04,Mobile App,Cancelled,5,10
O03693,C0049,2026-06-30,E-commerce,Cancelled,5,0
O03694,C0175,2026-02-19,Mobile App,Delivered,4,5
O03695,C0052,2026-01-15,Mobile App,Delivered,3,0
O03696,C0102,2026-02-25,Mobile App,Delivered,1,0
O03697,C0216,2025-11-16,E-commerce,Returned,3,10
O03698,C0438,2026-03-07,E-commerce,Delivered,3,10
O03699,C0188,2025-09-15,E-commerce,Delivered,2,0
O03700,C0057,2026-06-19,Store,Delivered,1,25
O03701,C0047,2026-07-16,E-commerce,Delivered,4,5
O03702,C0159,2026-07-22,Store,Delivered,2,0
O03703,C0489,2026-04-02,Store,Delivered,2,0
O03704,C0174,2026-03-27,E-commerce,Delivered,5,10
O03705,C0242,2026-02-16,Mobile App,Delivered,4,25
O03706,C0282,2026-07-27,Store,Delivered,3,10
O03707,C0241,2026-06-07,E-commerce,Cancelled,3,20
O03708,C0370,2026-07-02,Store,Delivered,3,5
O03709,C0005,2026-01-24,E-commerce,Delivered,5,5
O03710,C0084,2026-05-21,E-commerce,Returned,3,10
O03711,C0308,2025-09-04,Store,Delivered,1,10
O03712,C0361,2025-11-29,Store,Delivered,3,5
O03713,C0459,2025-10-30,Store,Delivered,3,20
O03714,C0248,2026-07-08,Mobile App,Delivered,1,0
O03715,C0054,2025-09-16,Store,Delivered,5,5
O03716,C0161,2026-04-15,Store,Delivered,2,10
O03717,C0434,2025-09-29,Store,Delivered,4,10
O03718,C0422,2026-01-29,Mobile App,Delivered,5,5
O03719,C0411,2026-05-03,E-commerce,Delivered,3,5
O03720,C0226,2026-05-28,Store,Delivered,2,10
O03721,C0015,2025-11-18,E-commerce,Delivered,4,10
O03722,C0224,2026-06-16,Mobile App,Returned,4,15
O03723,C0061,2026-01-31,E-commerce,Delivered,4,15
O03724,C0122,2026-06-04,Mobile App,Delivered,1,5
O03725,C0277,2026-06-06,E-commerce,Delivered,1,25
O03726,C0046,2025-10-27,E-commerce,Delivered,2,15
O03727,C0453,2026-03-05,Store,Delivered,3,5
O03728,C0390,2025-12-02,E-commerce,Delivered,2,0
O03729,C0294,2026-06-03,Mobile App,Delivered,3,5
O03730,C0062,2026-02-05,E-commerce,Delivered,5,10
O03731,C0086,2026-06-02,E-commerce,Delivered,4,20
O03732,C0446,2026-02-28,E-commerce,Delivered,4,15
O03733,C0210,2026-08-25,Mobile App,Delivered,1,20
O03734,C0078,2025-11-16,E-commerce,Delivered,5,5
O03735,C0202,2026-01-29,Store,Delivered,5,10
O03736,C0302,2026-04-26,E-commerce,Delivered,3,5
O03737,C0397,2026-06-16,E-commerce,Delivered,5,0
O03738,C0223,2026-04-19,E-commerce,Delivered,1,10
O03739,C0222,2025-09-18,E-commerce,Cancelled,3,0
O03740,C0003,2025-11-12,Store,Delivered,2,10
O03741,C0478,2026-03-08,Store,Delivered,3,10
O03742,C0006,2025-09-17,Mobile App,Delivered,2,15
O03743,C0093,2025-09-19,E-commerce,Cancelled,3,0
O03744,C0008,2026-04-07,E-commerce,Delivered,4,15
O03745,C0428,2026-07-23,E-commerce,Delivered,2,25
O03746,C0493,2025-12-29,Store,Delivered,1,20
O03747,C0235,2025-12-10,E-commerce,Delivered,2,15
O03748,C0108,2025-10-04,Mobile App,Delivered,2,10
O03749,C0161,2025-11-23,E-commerce,Delivered,3,5
O03750,C0209,2026-03-15,E-commerce,Delivered,4,15
O03751,C0240,2026-07-27,E-commerce,Returned,3,15
O03752,C0331,2026-03-21,E-commerce,Delivered,3,10
O03753,C0333,2026-08-10,Store,Delivered,4,15
O03754,C0050,2026-08-07,E-commerce,Cancelled,3,5
O03755,C0011,2025-09-11,Mobile App,Delivered,4,0
O03756,C0351,2026-08-13,E-commerce,Delivered,1,10
O03757,C0156,2026-04-06,Store,Delivered,4,5
O03758,C0492,2026-05-11,E-commerce,Delivered,5,5
O03759,C0070,2026-04-10,Store,Delivered,4,0
O03760,C0169,2025-11-19,Store,Delivered,4,5
O03761,C0272,2025-09-07,Store,Cancelled,5,15
O03762,C0068,2026-05-30,E-commerce,Delivered,4,10
O03763,C0355,2026-04-15,Mobile App,Delivered,2,0
O03764,C0252,2025-09-16,E-commerce,Delivered,3,10
O03765,C0048,2025-09-12,E-commerce,Delivered,3,5
O03766,C0184,2026-06-18,E-commerce,Delivered,1,10
O03767,C0320,2026-04-29,E-commerce,Delivered,1,5
O03768,C0187,2025-09-21,Store,Delivered,5,20
O03769,C0090,2026-02-25,E-commerce,Delivered,2,0
O03770,C0446,2026-04-16,Mobile App,Delivered,1,10
O03771,C0332,2026-05-31,Mobile App,Delivered,3,20
O03772,C0139,2026-06-15,Mobile App,Delivered,1,25
O03773,C0357,2026-06-24,Mobile App,Delivered,1,0
O03774,C0089,2026-01-12,E-commerce,Delivered,4,10
O03775,C0274,2026-06-10,Mobile App,Delivered,1,0
O03776,C0019,2026-01-31,E-commerce,Returned,5,10
O03777,C0471,2025-11-05,Store,Delivered,3,0
O03778,C0311,2026-01-15,Store,Cancelled,5,15
O03779,C0358,2025-12-01,Store,Delivered,5,0
O03780,C0374,2026-07-14,E-commerce,Cancelled,2,10
O03781,C0466,2026-05-17,E-commerce,Delivered,4,10
O03782,C0154,2025-12-12,E-commerce,Delivered,5,25
O03783,C0390,2025-10-25,E-commerce,Delivered,2,10
O03784,C0260,2026-05-15,E-commerce,Delivered,3,5
O03785,C0108,2025-12-10,Mobile App,Delivered,3,0
O03786,C0371,2026-03-17,E-commerce,Delivered,2,0
O03787,C0285,2026-06-28,Mobile App,Delivered,5,15
O03788,C0059,2026-04-14,Store,Delivered,5,10
O03789,C0125,2026-04-25,Mobile App,Cancelled,4,10
O03790,C0354,2025-09-26,E-commerce,Delivered,4,0
O03791,C0273,2025-12-30,E-commerce,Delivered,3,15
O03792,C0107,2026-03-01,E-commerce,Delivered,4,10
O03793,C0299,2026-03-18,E-commerce,Delivered,2,25
O03794,C0245,2026-06-29,Mobile App,Delivered,3,10
O03795,C0336,2026-05-13,E-commerce,Delivered,5,5
O03796,C0450,2025-12-31,Store,Delivered,3,5
O03797,C0418,2025-10-01,Store,Cancelled,1,0
O03798,C0247,2026-07-12,Mobile App,Delivered,3,15
O03799,C0008,2026-06-12,E-commerce,Delivered,4,15
O03800,C0141,2025-12-15,E-commerce,Delivered,2,0
O03801,C0362,2026-04-12,Store,Delivered,5,0
O03802,C0008,2026-05-31,E-commerce,Delivered,5,0
O03803,C0478,2026-04-20,E-commerce,Delivered,4,20
O03804,C0352,2026-05-14,E-commerce,Delivered,4,0
O03805,C0484,2025-09-24,E-commerce,Delivered,4,5
O03806,C0495,2025-12-18,Store,Delivered,1,5
O03807,C0094,2026-03-10,E-commerce,Cancelled,2,5
O03808,C0321,2026-08-13,Mobile App,Delivered,1,15
O03809,C0427,2025-09-25,E-commerce,Delivered,4,20
O03810,C0039,2026-03-06,Mobile App,Delivered,2,0
O03811,C0081,2026-06-15,Store,Delivered,4,10
O03812,C0187,2025-12-25,Store,Delivered,2,5
O03813,C0084,2026-08-04,E-commerce,Delivered,5,25
O03814,C0088,2025-10-07,E-commerce,Delivered,1,5
O03815,C0242,2026-06-09,E-commerce,Delivered,4,0
O03816,C0342,2026-01-15,Mobile App,Delivered,4,10
O03817,C0093,2026-04-15,Mobile App,Delivered,3,0
O03818,C0086,2026-07-17,Mobile App,Delivered,5,0
O03819,C0044,2026-07-25,E-commerce,Cancelled,4,10
O03820,C0137,2026-03-01,Mobile App,Delivered,1,15
O03821,C0421,2026-08-28,E-commerce,Delivered,5,10
O03822,C0074,2025-11-25,Store,Delivered,4,10
O03823,C0036,2025-10-23,E-commerce,Delivered,1,10
O03824,C0101,2026-08-14,Mobile App,Delivered,3,10
O03825,C0476,2026-08-21,E-commerce,Delivered,3,10
O03826,C0156,2026-04-23,E-commerce,Delivered,1,10
O03827,C0426,2026-05-25,Mobile App,Delivered,5,0
O03828,C0255,2026-06-14,E-commerce,Delivered,1,5
O03829,C0171,2025-12-09,Store,Delivered,1,5
O03830,C0469,2025-11-26,Mobile App,Delivered,3,5
O03831,C0216,2025-09-15,Mobile App,Delivered,3,15
O03832,C0170,2025-12-10,E-commerce,Delivered,3,5
O03833,C0252,2026-02-12,E-commerce,Delivered,4,0
O03834,C0360,2025-09-29,Mobile App,Delivered,4,5
O03835,C0322,2025-12-23,E-commerce,Delivered,2,0
O03836,C0055,2025-12-16,Mobile App,Delivered,4,15
O03837,C0456,2026-08-30,E-commerce,Delivered,5,10
O03838,C0432,2026-01-08,E-commerce,Cancelled,5,15
O03839,C0091,2025-11-23,E-commerce,Returned,3,5
O03840,C0278,2026-05-29,E-commerce,Delivered,1,20
O03841,C0101,2026-05-02,E-commerce,Cancelled,3,25
O03842,C0155,2026-04-02,Mobile App,Delivered,1,10
O03843,C0377,2026-07-03,Store,Delivered,3,20
O03844,C0349,2026-02-13,E-commerce,Returned,3,10
O03845,C0451,2026-06-06,Store,Delivered,5,20
O03846,C0364,2025-10-29,Mobile App,Delivered,1,15
O03847,C0141,2025-11-29,Store,Delivered,2,25
O03848,C0173,2026-07-28,Mobile App,Delivered,2,10
O03849,C0010,2026-03-13,Mobile App,Delivered,3,15
O03850,C0228,2026-01-01,E-commerce,Delivered,3,10
O03851,C0265,2026-01-14,E-commerce,Delivered,5,5
O03852,C0438,2026-01-17,E-commerce,Delivered,1,5
O03853,C0248,2026-04-17,Mobile App,Delivered,3,20
O03854,C0247,2026-06-01,E-commerce,Returned,2,0
O03855,C0155,2025-10-20,Store,Delivered,1,10
O03856,C0034,2025-12-27,E-commerce,Delivered,3,5
O03857,C0499,2026-03-21,Store,Delivered,1,5
O03858,C0129,2026-03-10,E-commerce,Delivered,5,20
O03859,C0160,2026-08-30,E-commerce,Delivered,2,20
O03860,C0089,2026-07-20,E-commerce,Delivered,1,10
O03861,C0093,2026-02-28,E-commerce,Delivered,2,5
O03862,C0327,2025-11-17,E-commerce,Cancelled,3,10
O03863,C0241,2025-11-14,Store,Delivered,4,5
O03864,C0323,2026-06-22,E-commerce,Delivered,1,5
O03865,C0468,2026-06-08,E-commerce,Delivered,2,0
O03866,C0404,2025-09-21,Store,Delivered,1,10
O03867,C0117,2026-02-18,E-commerce,Delivered,3,5
O03868,C0094,2025-09-15,Store,Delivered,3,10
O03869,C0163,2026-03-30,Store,Delivered,2,5
O03870,C0099,2025-10-18,E-commerce,Delivered,5,5
O03871,C0113,2025-11-25,E-commerce,Delivered,1,0
O03872,C0359,2026-01-27,E-commerce,Delivered,1,25
O03873,C0091,2026-03-07,Store,Cancelled,3,10
O03874,C0346,2026-07-03,Mobile App,Delivered,1,0
O03875,C0206,2026-01-29,Mobile App,Delivered,2,10
O03876,C0017,2026-01-19,Store,Delivered,4,20
O03877,C0274,2025-11-08,E-commerce,Delivered,3,15
O03878,C0173,2026-05-18,Store,Delivered,4,15
O03879,C0116,2026-07-31,Mobile App,Delivered,1,0
O03880,C0349,2025-09-09,Mobile App,Delivered,5,10
O03881,C0468,2025-12-30,Store,Delivered,2,15
O03882,C0181,2025-12-10,Mobile App,Returned,1,10
O03883,C0091,2026-01-27,E-commerce,Delivered,2,20
O03884,C0082,2026-01-24,E-commerce,Delivered,1,5
O03885,C0324,2026-08-19,E-commerce,Delivered,1,0
O03886,C0449,2026-05-01,E-commerce,Cancelled,1,20
O03887,C0114,2026-04-29,Store,Delivered,3,10
O03888,C0257,2026-08-03,E-commerce,Delivered,4,0
O03889,C0058,2025-10-13,Mobile App,Delivered,5,5
O03890,C0154,2025-12-04,Mobile App,Delivered,4,20
O03891,C0365,2026-04-14,E-commerce,Delivered,4,0
O03892,C0404,2025-09-06,Store,Delivered,2,0
O03893,C0116,2026-04-02,Store,Delivered,3,5
O03894,C0343,2026-03-25,Mobile App,Delivered,3,20
O03895,C0266,2025-11-06,E-commerce,Delivered,1,20
O03896,C0315,2025-12-09,E-commerce,Delivered,4,10
O03897,C0203,2025-09-12,E-commerce,Delivered,5,10
O03898,C0041,2026-04-25,E-commerce,Delivered,2,5
O03899,C0105,2026-07-19,Mobile App,Delivered,3,0
O03900,C0389,2026-05-16,Store,Delivered,1,15
O03901,C0378,2026-08-03,Mobile App,Cancelled,5,0
O03902,C0193,2026-01-13,Store,Delivered,4,10
O03903,C0401,2026-04-10,Mobile App,Returned,5,10
O03904,C0278,2026-02-03,E-commerce,Cancelled,3,0
O03905,C0354,2026-01-20,Store,Delivered,2,10
O03906,C0237,2026-02-05,E-commerce,Returned,4,10
O03907,C0425,2026-07-23,Store,Delivered,2,15
O03908,C0221,2026-08-10,E-commerce,Delivered,5,0
O03909,C0068,2026-05-20,E-commerce,Delivered,5,5
O03910,C0197,2026-06-10,Store,Delivered,1,10
O03911,C0256,2026-08-04,Mobile App,Delivered,4,25
O03912,C0139,2026-08-10,Store,Delivered,5,0
O03913,C0312,2026-04-17,Store,Delivered,3,25
O03914,C0435,2026-06-07,E-commerce,Delivered,3,15
O03915,C0149,2026-08-24,Mobile App,Delivered,2,15
O03916,C0099,2026-06-17,E-commerce,Delivered,3,0
O03917,C0076,2026-02-15,Mobile App,Delivered,5,5
O03918,C0282,2025-10-17,Store,Cancelled,3,0
O03919,C0371,2026-03-22,E-commerce,Delivered,4,5
O03920,C0403,2026-04-02,Mobile App,Delivered,2,25
O03921,C0109,2026-05-04,Mobile App,Cancelled,4,0
O03922,C0188,2025-09-24,E-commerce,Delivered,5,10
O03923,C0199,2026-07-18,Store,Delivered,5,0
O03924,C0303,2026-06-01,Mobile App,Delivered,3,15
O03925,C0327,2025-10-14,Store,Delivered,1,0
O03926,C0154,2026-07-29,E-commerce,Returned,1,0
O03927,C0040,2026-07-10,E-commerce,Delivered,5,5
O03928,C0133,2026-08-29,Mobile App,Delivered,5,15
O03929,C0405,2026-02-03,E-commerce,Delivered,2,0
O03930,C0462,2026-03-18,Store,Delivered,5,0
O03931,C0132,2026-02-09,E-commerce,Delivered,5,0
O03932,C0279,2026-04-22,Store,Cancelled,2,25
O03933,C0362,2026-02-10,Mobile App,Cancelled,4,10
O03934,C0084,2025-12-25,E-commerce,Delivered,4,15
O03935,C0399,2025-12-02,E-commerce,Delivered,2,10
O03936,C0242,2025-10-12,Mobile App,Delivered,2,0
O03937,C0116,2026-06-11,Mobile App,Delivered,4,10
O03938,C0109,2026-03-29,E-commerce,Delivered,4,0
O03939,C0221,2026-03-25,Store,Delivered,4,5
O03940,C0392,2026-04-08,E-commerce,Cancelled,4,10
O03941,C0041,2026-06-07,E-commerce,Delivered,3,10
O03942,C0368,2026-01-14,Mobile App,Delivered,2,0
O03943,C0147,2025-12-15,E-commerce,Delivered,1,0
O03944,C0112,2025-12-27,Store,Delivered,3,15
O03945,C0103,2026-04-25,E-commerce,Delivered,1,15
O03946,C0046,2026-07-06,E-commerce,Delivered,1,0
O03947,C0412,2025-12-09,E-commerce,Delivered,5,0
O03948,C0494,2026-05-19,Mobile App,Delivered,2,20
O03949,C0475,2026-07-02,Mobile App,Delivered,3,15
O03950,C0324,2026-08-20,Mobile App,Delivered,2,25
O03951,C0378,2026-06-13,E-commerce,Delivered,4,5
O03952,C0271,2026-07-25,E-commerce,Delivered,2,10
O03953,C0483,2025-12-12,Store,Delivered,1,0
O03954,C0421,2025-11-02,E-commerce,Returned,4,10
O03955,C0385,2026-02-22,Store,Delivered,2,0
O03956,C0195,2026-06-09,E-commerce,Delivered,2,0
O03957,C0367,2026-06-20,Store,Cancelled,1,0
O03958,C0280,2026-04-14,E-commerce,Delivered,4,10
O03959,C0283,2025-09-07,Mobile App,Delivered,1,10
O03960,C0040,2026-01-05,E-commerce,Delivered,2,10
O03961,C0447,2025-12-01,E-commerce,Delivered,3,20
O03962,C0189,2026-03-09,E-commerce,Cancelled,3,15
O03963,C0164,2026-08-25,E-commerce,Delivered,5,10
O03964,C0482,2025-10-23,E-commerce,Delivered,3,25
O03965,C0477,2026-04-30,Mobile App,Delivered,4,10
O03966,C0024,2026-01-10,Mobile App,Delivered,5,0
O03967,C0024,2026-08-30,Store,Delivered,4,25
O03968,C0490,2025-12-21,Mobile App,Delivered,3,0
O03969,C0004,2025-09-07,Mobile App,Delivered,3,10
O03970,C0323,2026-04-18,E-commerce,Delivered,2,5
O03971,C0290,2026-02-03,E-commerce,Returned,4,10
O03972,C0441,2026-03-16,E-commerce,Delivered,1,10
O03973,C0433,2026-07-20,Store,Delivered,2,0
O03974,C0471,2026-08-30,E-commerce,Delivered,4,10
O03975,C0181,2026-04-11,E-commerce,Returned,5,15
O03976,C0248,2026-05-08,Mobile App,Delivered,4,5
O03977,C0116,2025-11-22,E-commerce,Delivered,5,5
O03978,C0279,2026-04-28,Store,Delivered,5,5
O03979,C0365,2026-08-26,Store,Delivered,3,15
O03980,C0069,2026-07-20,E-commerce,Delivered,1,15
O03981,C0351,2026-05-21,E-commerce,Delivered,4,20
O03982,C0254,2026-03-08,E-commerce,Delivered,1,0
O03983,C0181,2026-06-17,Mobile App,Delivered,5,0
O03984,C0318,2026-08-28,E-commerce,Delivered,3,0
O03985,C0169,2025-10-28,Mobile App,Cancelled,1,0
O03986,C0313,2025-09-09,Mobile App,Cancelled,2,10
O03987,C0249,2026-07-01,E-commerce,Delivered,5,25
O03988,C0188,2025-12-24,E-commerce,Delivered,2,5
O03989,C0054,2026-03-29,Store,Delivered,1,25
O03990,C0326,2025-10-11,E-commerce,Cancelled,1,0
O03991,C0357,2026-07-01,Store,Delivered,1,20
O03992,C0313,2026-02-20,E-commerce,Cancelled,4,0
O03993,C0138,2026-04-22,Mobile App,Delivered,5,20
O03994,C0168,2026-06-08,Store,Delivered,5,0
O03995,C0391,2025-11-17,Store,Delivered,5,20
O03996,C0103,2025-12-17,E-commerce,Delivered,4,0
O03997,C0422,2026-06-08,E-commerce,Cancelled,1,5
O03998,C0085,2025-10-09,Store,Delivered,1,10
O03999,C0317,2025-12-28,E-commerce,Delivered,2,5
O04000,C0212,2026-08-01,E-commerce,Delivered,4,10
O04001,C0003,2026-08-02,Store,Delivered,3,25
O04002,C0384,2025-09-27,E-commerce,Delivered,4,10
O04003,C0179,2025-12-13,E-commerce,Delivered,2,15
O04004,C0342,2025-11-13,E-commerce,Cancelled,2,0
O04005,C0303,2026-03-10,Mobile App,Delivered,2,10
O04006,C0452,2026-07-21,Mobile App,Delivered,1,10
O04007,C0476,2026-01-25,E-commerce,Delivered,3,20
O04008,C0332,2026-05-13,E-commerce,Delivered,2,5
O04009,C0038,2026-06-11,E-commerce,Delivered,5,10
O04010,C0499,2026-04-01,Mobile App,Delivered,1,0
O04011,C0420,2026-01-01,E-commerce,Delivered,3,5
O04012,C0239,2026-03-25,Store,Delivered,5,5
O04013,C0169,2026-04-28,E-commerce,Delivered,3,5
O04014,C0453,2026-08-05,Store,Delivered,3,5
O04015,C0397,2026-06-13,E-commerce,Returned,5,0
O04016,C0343,2025-09-22,Store,Delivered,4,15
O04017,C0314,2026-05-17,E-commerce,Delivered,3,0
O04018,C0306,2026-08-23,E-commerce,Delivered,4,20
O04019,C0030,2025-12-14,Store,Delivered,3,0
O04020,C0190,2026-05-16,Store,Delivered,5,0
O04021,C0357,2026-03-23,E-commerce,Delivered,3,10
O04022,C0025,2026-07-07,Mobile App,Delivered,2,10
O04023,C0112,2026-05-20,Mobile App,Delivered,2,10
O04024,C0411,2025-12-16,Store,Delivered,3,10
O04025,C0435,2026-05-09,E-commerce,Delivered,5,5
O04026,C0206,2026-04-09,Mobile App,Delivered,5,10
O04027,C0185,2026-04-10,E-commerce,Delivered,1,10
O04028,C0382,2026-05-16,E-commerce,Delivered,5,5
O04029,C0496,2026-03-20,Store,Delivered,4,15
O04030,C0379,2026-05-16,E-commerce,Delivered,3,15
O04031,C0047,2026-08-15,E-commerce,Delivered,2,5
O04032,C0374,2026-04-13,Mobile App,Delivered,5,15
O04033,C0228,2026-03-21,Mobile App,Delivered,2,20
O04034,C0039,2026-04-14,E-commerce,Delivered,1,10
O04035,C0016,2026-04-24,E-commerce,Cancelled,3,0
O04036,C0022,2026-03-02,Store,Delivered,5,20
O04037,C0213,2026-03-19,E-commerce,Returned,2,0
O04038,C0310,2026-08-23,Mobile App,Delivered,5,0
O04039,C0149,2026-05-04,Mobile App,Delivered,1,5
O04040,C0456,2026-08-19,E-commerce,Cancelled,2,15
O04041,C0241,2025-12-20,Store,Delivered,2,20
O04042,C0272,2025-09-06,Mobile App,Delivered,3,10
O04043,C0059,2026-04-24,E-commerce,Delivered,3,25
O04044,C0287,2026-01-05,Mobile App,Delivered,2,0
O04045,C0426,2025-12-13,Mobile App,Delivered,3,0
O04046,C0202,2026-04-25,Mobile App,Cancelled,2,10
O04047,C0032,2026-02-02,Store,Cancelled,4,25
O04048,C0443,2026-05-15,E-commerce,Delivered,5,10
O04049,C0162,2026-04-23,E-commerce,Delivered,4,0
O04050,C0255,2026-06-16,E-commerce,Delivered,4,0
O04051,C0254,2025-10-10,E-commerce,Returned,5,0
O04052,C0009,2026-06-15,E-commerce,Delivered,2,5
O04053,C0465,2026-03-16,Store,Delivered,2,0
O04054,C0139,2026-05-31,Mobile App,Delivered,3,20
O04055,C0480,2026-05-22,Mobile App,Delivered,1,10
O04056,C0010,2025-10-27,Mobile App,Delivered,2,10
O04057,C0214,2026-06-25,Store,Returned,5,0
O04058,C0273,2025-12-07,E-commerce,Delivered,1,0
O04059,C0324,2026-01-15,Store,Returned,5,10
O04060,C0048,2025-11-26,E-commerce,Delivered,5,20
O04061,C0436,2026-04-30,Store,Delivered,5,10
O04062,C0111,2026-03-18,Mobile App,Delivered,1,20
O04063,C0153,2026-07-07,E-commerce,Delivered,4,15
O04064,C0123,2025-11-23,Mobile App,Cancelled,5,0
O04065,C0405,2026-04-30,Mobile App,Delivered,3,0
O04066,C0357,2026-06-08,E-commerce,Delivered,2,10
O04067,C0102,2026-07-20,Mobile App,Delivered,2,5
O04068,C0241,2026-05-10,E-commerce,Delivered,2,5
O04069,C0321,2026-03-09,E-commerce,Returned,1,5
O04070,C0191,2026-01-30,Store,Delivered,3,5
O04071,C0217,2026-06-29,Mobile App,Delivered,3,20
O04072,C0051,2026-06-05,Store,Delivered,3,0
O04073,C0292,2026-01-17,Mobile App,Delivered,3,5
O04074,C0081,2026-02-23,E-commerce,Delivered,3,10
O04075,C0489,2025-09-08,Mobile App,Delivered,4,10
O04076,C0383,2026-06-22,Mobile App,Delivered,3,10
O04077,C0088,2026-04-23,Store,Delivered,3,20
O04078,C0194,2026-02-10,E-commerce,Returned,1,15
O04079,C0104,2025-10-19,Store,Delivered,1,10
O04080,C0271,2026-06-29,Store,Delivered,3,0
O04081,C0096,2025-10-08,Mobile App,Returned,4,10
O04082,C0423,2026-01-14,Store,Delivered,3,10
O04083,C0379,2026-07-07,E-commerce,Returned,3,15
O04084,C0198,2026-04-07,Store,Returned,3,25
O04085,C0001,2026-08-14,Mobile App,Delivered,5,10
O04086,C0495,2026-06-23,E-commerce,Delivered,4,10
O04087,C0407,2025-10-04,Store,Delivered,2,0
O04088,C0378,2026-08-18,E-commerce,Delivered,3,0
O04089,C0167,2025-11-18,E-commerce,Delivered,2,0
O04090,C0126,2026-04-24,Mobile App,Delivered,4,0
O04091,C0313,2026-05-31,E-commerce,Delivered,3,5
O04092,C0081,2026-02-08,E-commerce,Delivered,2,5
O04093,C0418,2026-02-22,Store,Delivered,2,10
O04094,C0251,2026-07-05,E-commerce,Cancelled,4,10
O04095,C0169,2026-04-09,E-commerce,Delivered,3,10
O04096,C0477,2025-09-09,E-commerce,Delivered,5,10
O04097,C0073,2026-06-16,E-commerce,Cancelled,4,5
O04098,C0141,2025-12-22,Mobile App,Delivered,5,25
O04099,C0070,2026-03-24,Store,Delivered,3,0
O04100,C0262,2026-03-05,Store,Delivered,2,20
O04101,C0340,2026-08-07,Mobile App,Delivered,4,5
O04102,C0308,2026-03-16,E-commerce,Delivered,4,10
O04103,C0245,2026-05-24,Store,Delivered,4,0
O04104,C0003,2026-05-20,Store,Delivered,1,0
O04105,C0337,2026-05-06,Mobile App,Delivered,3,5
O04106,C0063,2025-12-24,Mobile App,Cancelled,1,15
O04107,C0049,2025-12-30,Store,Delivered,4,5
O04108,C0076,2026-01-19,Mobile App,Cancelled,4,10
O04109,C0368,2025-11-04,E-commerce,Delivered,5,5
O04110,C0175,2026-06-03,Mobile App,Delivered,1,5
O04111,C0109,2026-07-10,E-commerce,Cancelled,2,20
O04112,C0183,2026-04-27,E-commerce,Delivered,3,20
O04113,C0192,2026-06-29,E-commerce,Delivered,2,10
O04114,C0065,2025-09-10,E-commerce,Delivered,2,0
O04115,C0337,2026-04-21,E-commerce,Delivered,3,0
O04116,C0451,2026-03-14,E-commerce,Delivered,4,25
O04117,C0474,2025-09-12,Mobile App,Delivered,5,0
O04118,C0271,2026-02-24,Store,Delivered,4,15
O04119,C0100,2026-02-24,Store,Delivered,4,5
O04120,C0032,2026-04-05,E-commerce,Delivered,1,25
O04121,C0352,2025-09-11,Mobile App,Delivered,2,5
O04122,C0128,2025-12-27,Store,Returned,2,5
O04123,C0452,2026-02-11,E-commerce,Delivered,2,10
O04124,C0402,2025-10-09,Mobile App,Delivered,5,25
O04125,C0369,2025-10-23,Store,Delivered,5,25
O04126,C0339,2026-04-06,E-commerce,Delivered,5,15
O04127,C0043,2026-03-25,Store,Delivered,3,15
O04128,C0372,2026-07-09,Store,Delivered,5,10
O04129,C0419,2026-08-26,E-commerce,Delivered,1,15
O04130,C0488,2025-10-26,E-commerce,Delivered,1,20
O04131,C0078,2025-12-27,E-commerce,Delivered,4,10
O04132,C0314,2026-05-11,E-commerce,Delivered,4,10
O04133,C0289,2026-06-13,Mobile App,Delivered,4,10
O04134,C0270,2026-05-26,Mobile App,Delivered,4,10
O04135,C0162,2026-06-18,E-commerce,Delivered,1,20
O04136,C0189,2026-07-30,Store,Delivered,4,5
O04137,C0247,2026-02-27,E-commerce,Returned,1,0
O04138,C0388,2026-08-24,E-commerce,Cancelled,5,10
O04139,C0216,2026-04-23,E-commerce,Cancelled,5,0
O04140,C0315,2026-08-09,Mobile App,Delivered,3,10
O04141,C0413,2026-03-15,E-commerce,Delivered,4,20
O04142,C0339,2026-07-05,E-commerce,Delivered,5,10
O04143,C0390,2025-11-19,E-commerce,Delivered,5,20
O04144,C0377,2026-01-13,Store,Delivered,2,0
O04145,C0481,2025-09-22,Store,Delivered,2,20
O04146,C0433,2026-07-28,E-commerce,Delivered,1,10
O04147,C0168,2026-04-13,E-commerce,Delivered,3,0
O04148,C0339,2025-10-28,Mobile App,Returned,2,10
O04149,C0193,2025-12-02,Mobile App,Delivered,3,25
O04150,C0453,2026-03-11,E-commerce,Delivered,5,0
O04151,C0283,2025-12-12,Store,Delivered,1,10
O04152,C0336,2025-09-07,Mobile App,Cancelled,3,20
O04153,C0390,2026-01-06,E-commerce,Delivered,2,0
O04154,C0488,2025-10-25,Mobile App,Returned,5,10
O04155,C0013,2026-04-19,Store,Delivered,4,10
O04156,C0240,2026-08-28,Store,Delivered,5,5
O04157,C0320,2025-11-01,E-commerce,Delivered,2,10
O04158,C0446,2026-04-28,E-commerce,Delivered,2,0
O04159,C0483,2025-11-29,E-commerce,Cancelled,4,15
O04160,C0147,2026-04-20,E-commerce,Returned,5,0
O04161,C0204,2026-04-21,Mobile App,Delivered,3,5
O04162,C0080,2026-08-20,Store,Delivered,3,10
O04163,C0379,2026-07-30,Mobile App,Delivered,5,5
O04164,C0043,2026-06-19,Store,Cancelled,3,5
O04165,C0458,2026-08-11,E-commerce,Delivered,5,15
O04166,C0089,2026-01-30,Store,Delivered,5,20
O04167,C0148,2026-01-23,Store,Delivered,2,20
O04168,C0095,2026-01-08,E-commerce,Delivered,1,10
O04169,C0452,2026-01-19,Mobile App,Delivered,2,20
O04170,C0428,2025-12-02,E-commerce,Delivered,3,20
O04171,C0151,2025-12-23,Store,Delivered,1,5
O04172,C0002,2026-06-11,Mobile App,Delivered,5,5
O04173,C0376,2026-01-21,E-commerce,Delivered,3,0
O04174,C0022,2026-04-11,Mobile App,Delivered,4,10
O04175,C0371,2026-04-20,Mobile App,Delivered,3,20
O04176,C0313,2025-10-03,E-commerce,Delivered,1,10
O04177,C0485,2026-06-03,E-commerce,Delivered,1,10
O04178,C0328,2026-02-17,E-commerce,Returned,5,0
O04179,C0007,2026-01-18,Mobile App,Delivered,4,0
O04180,C0206,2026-08-23,Store,Cancelled,5,10
O04181,C0440,2026-03-20,Store,Returned,4,25
O04182,C0375,2025-09-23,Mobile App,Delivered,4,5
O04183,C0451,2026-04-12,Store,Delivered,5,20
O04184,C0114,2026-05-28,E-commerce,Delivered,3,0
O04185,C0272,2026-08-13,Mobile App,Delivered,2,10
O04186,C0083,2026-01-31,E-commerce,Delivered,4,10
O04187,C0179,2026-07-30,E-commerce,Delivered,1,20
O04188,C0210,2025-11-24,Mobile App,Delivered,5,0
O04189,C0500,2025-12-18,E-commerce,Delivered,3,0
O04190,C0464,2025-10-01,Mobile App,Delivered,4,0
O04191,C0328,2026-04-17,Store,Cancelled,3,20
O04192,C0124,2026-04-28,E-commerce,Delivered,5,0
O04193,C0481,2026-08-29,E-commerce,Cancelled,1,0
O04194,C0113,2026-07-07,Store,Delivered,4,10
O04195,C0012,2026-01-19,Store,Delivered,4,10
O04196,C0126,2026-02-03,E-commerce,Returned,3,15
O04197,C0053,2026-06-26,E-commerce,Cancelled,5,20
O04198,C0331,2026-08-11,Mobile App,Delivered,2,10
O04199,C0389,2025-12-08,Mobile App,Delivered,4,20
O04200,C0283,2025-10-17,E-commerce,Delivered,1,15
O04201,C0140,2026-07-24,E-commerce,Delivered,4,5
O04202,C0401,2025-11-06,Store,Delivered,4,20
O04203,C0390,2025-11-01,Mobile App,Returned,2,10
O04204,C0097,2025-12-18,Store,Delivered,2,5
O04205,C0005,2026-02-14,Store,Delivered,5,10
O04206,C0057,2025-10-07,Store,Delivered,4,5
O04207,C0412,2025-12-28,E-commerce,Cancelled,4,0
O04208,C0334,2025-11-25,Store,Returned,3,15
O04209,C0069,2025-10-22,E-commerce,Delivered,3,15
O04210,C0118,2025-11-30,Mobile App,Delivered,1,15
O04211,C0376,2026-06-16,E-commerce,Delivered,1,0
O04212,C0059,2026-08-03,E-commerce,Delivered,3,25
O04213,C0033,2026-06-25,Store,Delivered,1,0
O04214,C0318,2026-03-23,Store,Cancelled,4,5
O04215,C0050,2026-04-26,E-commerce,Returned,2,5
O04216,C0368,2026-02-02,Mobile App,Delivered,4,0
O04217,C0489,2026-04-28,E-commerce,Delivered,3,5
O04218,C0019,2026-01-14,E-commerce,Delivered,5,10
O04219,C0214,2026-08-28,Store,Delivered,5,20
O04220,C0197,2025-11-03,E-commerce,Delivered,3,25
O04221,C0379,2026-01-01,Store,Delivered,4,15
O04222,C0450,2026-05-12,E-commerce,Delivered,1,10
O04223,C0478,2025-12-23,Mobile App,Delivered,1,15
O04224,C0047,2025-09-20,Mobile App,Delivered,5,15
O04225,C0167,2025-09-16,E-commerce,Delivered,3,10
O04226,C0452,2026-01-23,E-commerce,Delivered,3,15
O04227,C0289,2026-03-27,Store,Delivered,2,10
O04228,C0141,2025-09-19,Store,Delivered,5,5
O04229,C0084,2026-02-13,E-commerce,Delivered,3,10
O04230,C0182,2025-10-08,Mobile App,Delivered,2,10
O04231,C0391,2026-02-28,E-commerce,Delivered,1,15
O04232,C0079,2026-08-15,E-commerce,Returned,5,5
O04233,C0215,2025-12-14,E-commerce,Delivered,5,10
O04234,C0014,2025-12-09,E-commerce,Delivered,3,20
O04235,C0215,2025-11-29,Store,Delivered,3,25
O04236,C0403,2026-06-27,Mobile App,Delivered,4,0
O04237,C0128,2026-07-29,Store,Cancelled,1,0
O04238,C0310,2025-11-18,Mobile App,Returned,1,10
O04239,C0477,2025-11-12,Store,Returned,2,5
O04240,C0248,2026-02-23,Mobile App,Delivered,2,0
O04241,C0404,2025-12-05,Mobile App,Delivered,4,5
O04242,C0029,2026-08-11,Store,Delivered,1,15
O04243,C0280,2025-12-12,Mobile App,Delivered,2,15
O04244,C0338,2026-04-12,E-commerce,Delivered,1,10
O04245,C0319,2025-09-06,Mobile App,Cancelled,1,10
O04246,C0202,2025-12-31,Store,Cancelled,2,10
O04247,C0361,2026-04-24,Store,Delivered,3,0
O04248,C0057,2025-12-25,Mobile App,Delivered,3,10
O04249,C0392,2026-02-10,Mobile App,Delivered,2,0
O04250,C0218,2026-04-14,Store,Delivered,4,10
O04251,C0062,2026-04-18,E-commerce,Delivered,5,5
O04252,C0157,2026-03-01,Mobile App,Cancelled,1,10
O04253,C0202,2026-05-07,E-commerce,Delivered,5,10
O04254,C0017,2026-07-15,Mobile App,Delivered,2,5
O04255,C0322,2026-03-29,Mobile App,Delivered,1,0
O04256,C0006,2026-01-22,E-commerce,Delivered,5,5
O04257,C0058,2026-08-11,E-commerce,Returned,3,10
O04258,C0325,2025-12-05,Mobile App,Delivered,4,0
O04259,C0412,2026-08-12,E-commerce,Returned,5,0
O04260,C0318,2026-05-02,E-commerce,Delivered,4,10
O04261,C0169,2025-11-25,Store,Delivered,3,15
O04262,C0453,2026-03-03,E-commerce,Delivered,5,5
O04263,C0082,2025-12-30,E-commerce,Delivered,2,10
O04264,C0474,2026-07-29,Store,Delivered,1,20
O04265,C0468,2025-12-01,E-commerce,Delivered,3,20
O04266,C0425,2025-11-09,E-commerce,Delivered,4,5
O04267,C0433,2026-01-11,Mobile App,Delivered,4,15
O04268,C0219,2026-06-06,Store,Returned,3,10
O04269,C0177,2026-01-15,Store,Returned,2,25
O04270,C0204,2026-07-11,Store,Delivered,2,10
O04271,C0071,2026-03-06,Store,Returned,4,15
O04272,C0387,2026-04-09,E-commerce,Delivered,3,15
O04273,C0266,2025-10-16,E-commerce,Delivered,3,10
O04274,C0098,2026-06-05,E-commerce,Delivered,1,15
O04275,C0345,2026-03-11,E-commerce,Returned,4,5
O04276,C0291,2025-09-08,Mobile App,Delivered,2,0
O04277,C0208,2026-06-03,Mobile App,Delivered,5,5
O04278,C0002,2026-02-26,E-commerce,Delivered,2,20
O04279,C0124,2026-07-31,Store,Delivered,2,10
O04280,C0280,2025-10-09,E-commerce,Delivered,5,10
O04281,C0074,2026-06-20,E-commerce,Delivered,4,10
O04282,C0166,2026-02-25,Mobile App,Delivered,1,0
O04283,C0022,2026-02-09,E-commerce,Returned,2,5
O04284,C0154,2026-07-28,E-commerce,Delivered,2,15
O04285,C0427,2025-12-13,E-commerce,Cancelled,4,25
O04286,C0439,2026-02-08,E-commerce,Delivered,4,0
O04287,C0295,2026-06-14,Store,Delivered,3,5
O04288,C0219,2026-01-01,Store,Delivered,4,0
O04289,C0157,2025-10-24,E-commerce,Delivered,4,0
O04290,C0495,2025-10-04,E-commerce,Returned,2,5
O04291,C0230,2026-04-30,Mobile App,Delivered,1,10
O04292,C0020,2025-12-22,Store,Cancelled,2,0
O04293,C0475,2026-07-15,E-commerce,Delivered,4,0
O04294,C0041,2025-09-23,E-commerce,Delivered,3,15
O04295,C0438,2025-10-16,Store,Delivered,1,25
O04296,C0148,2026-07-09,Mobile App,Delivered,3,5
O04297,C0108,2026-01-13,E-commerce,Delivered,5,10
O04298,C0403,2025-12-27,Mobile App,Delivered,3,5
O04299,C0084,2026-03-08,E-commerce,Delivered,3,20
O04300,C0483,2026-01-09,Mobile App,Delivered,4,10
O04301,C0367,2026-03-31,Mobile App,Delivered,4,15
O04302,C0322,2025-12-22,Store,Returned,4,0
O04303,C0414,2025-10-14,E-commerce,Delivered,4,10
O04304,C0309,2026-01-06,E-commerce,Delivered,4,10
O04305,C0290,2026-08-30,E-commerce,Delivered,3,5
O04306,C0406,2026-02-05,Store,Delivered,5,5
O04307,C0323,2026-05-31,E-commerce,Delivered,4,10
O04308,C0134,2026-07-12,E-commerce,Delivered,5,15
O04309,C0207,2026-08-21,E-commerce,Delivered,5,0
O04310,C0283,2026-08-06,Store,Delivered,2,10
O04311,C0266,2025-10-15,E-commerce,Delivered,2,0
O04312,C0073,2025-12-17,E-commerce,Delivered,1,0
O04313,C0481,2026-04-07,E-commerce,Delivered,2,10
O04314,C0352,2026-07-15,Store,Delivered,4,5
O04315,C0048,2026-07-12,Mobile App,Delivered,5,5
O04316,C0326,2026-02-24,Mobile App,Delivered,1,5
O04317,C0233,2026-04-16,Store,Delivered,2,10
O04318,C0443,2026-03-10,Store,Delivered,3,10
O04319,C0100,2026-02-07,E-commerce,Delivered,1,25
O04320,C0059,2026-05-25,Store,Returned,4,5
O04321,C0258,2026-08-24,E-commerce,Delivered,5,15
O04322,C0413,2026-07-23,E-commerce,Delivered,4,5
O04323,C0452,2026-03-09,Store,Delivered,4,10
O04324,C0065,2026-02-22,E-commerce,Delivered,3,10
O04325,C0083,2026-06-17,E-commerce,Delivered,3,5
O04326,C0154,2026-08-23,E-commerce,Delivered,5,10
O04327,C0473,2026-01-23,Mobile App,Cancelled,2,5
O04328,C0266,2026-04-20,E-commerce,Delivered,4,0
O04329,C0309,2026-08-26,Mobile App,Delivered,2,0
O04330,C0079,2026-03-23,Store,Delivered,5,15
O04331,C0315,2026-04-01,Mobile App,Returned,4,15
O04332,C0150,2025-10-10,E-commerce,Delivered,2,5
O04333,C0435,2026-06-02,Store,Delivered,4,5
O04334,C0048,2026-07-20,E-commerce,Delivered,3,0
O04335,C0405,2025-11-21,E-commerce,Delivered,3,0
O04336,C0379,2026-02-28,E-commerce,Delivered,1,15
O04337,C0248,2026-07-17,Mobile App,Cancelled,5,10
O04338,C0278,2025-11-22,E-commerce,Delivered,2,0
O04339,C0356,2026-06-30,E-commerce,Delivered,4,5
O04340,C0098,2026-05-20,E-commerce,Delivered,1,15
O04341,C0414,2026-05-30,E-commerce,Delivered,5,0
O04342,C0025,2026-03-19,Mobile App,Delivered,5,5
O04343,C0493,2026-04-28,Store,Delivered,5,10
O04344,C0284,2026-02-27,Store,Delivered,2,10
O04345,C0449,2026-02-18,E-commerce,Delivered,3,10
O04346,C0369,2026-06-22,E-commerce,Delivered,1,20
O04347,C0301,2026-02-24,Store,Delivered,2,0
O04348,C0068,2026-04-25,E-commerce,Delivered,4,15
O04349,C0007,2026-01-16,Store,Delivered,2,0
O04350,C0305,2026-07-24,E-commerce,Delivered,4,10
O04351,C0137,2026-07-08,Store,Returned,4,20
O04352,C0164,2026-01-07,E-commerce,Delivered,5,10
O04353,C0083,2025-10-19,E-commerce,Delivered,2,15
O04354,C0385,2026-02-11,Mobile App,Delivered,3,15
O04355,C0138,2026-06-04,Mobile App,Delivered,4,0
O04356,C0420,2026-06-20,E-commerce,Delivered,5,15
O04357,C0073,2025-12-25,Mobile App,Delivered,3,20
O04358,C0237,2025-09-24,Mobile App,Delivered,2,10
O04359,C0046,2026-07-08,E-commerce,Delivered,3,0
O04360,C0106,2025-09-25,E-commerce,Delivered,2,0
O04361,C0416,2026-01-05,E-commerce,Delivered,4,5
O04362,C0288,2026-04-22,E-commerce,Cancelled,1,0
O04363,C0262,2026-03-28,Mobile App,Delivered,1,10
O04364,C0176,2025-12-02,E-commerce,Delivered,4,0
O04365,C0166,2025-12-03,E-commerce,Delivered,3,0
O04366,C0145,2026-07-24,E-commerce,Delivered,2,5
O04367,C0330,2026-04-13,Mobile App,Delivered,1,10
O04368,C0370,2026-06-07,E-commerce,Delivered,2,10
O04369,C0283,2025-09-11,E-commerce,Delivered,4,15
O04370,C0054,2026-07-26,E-commerce,Delivered,3,0
O04371,C0178,2025-09-12,Store,Delivered,2,0
O04372,C0419,2025-10-05,E-commerce,Delivered,3,0
O04373,C0244,2026-04-16,Mobile App,Delivered,1,5
O04374,C0341,2026-04-08,E-commerce,Delivered,2,0
O04375,C0127,2026-01-19,E-commerce,Delivered,5,15
O04376,C0409,2025-09-23,Mobile App,Cancelled,1,0
O04377,C0412,2025-11-22,E-commerce,Delivered,3,20
O04378,C0367,2026-04-17,Store,Delivered,4,10
O04379,C0271,2026-08-10,Store,Delivered,5,5
O04380,C0132,2025-11-19,Store,Delivered,2,15
O04381,C0093,2026-08-19,Mobile App,Delivered,1,15
O04382,C0379,2026-06-17,E-commerce,Delivered,2,10
O04383,C0073,2026-07-28,E-commerce,Delivered,2,20
O04384,C0411,2026-02-06,Store,Delivered,5,5
O04385,C0410,2026-01-06,Mobile App,Cancelled,5,15
O04386,C0403,2026-03-09,Mobile App,Cancelled,5,5
O04387,C0248,2025-10-01,E-commerce,Returned,5,15
O04388,C0348,2026-08-25,E-commerce,Delivered,4,5
O04389,C0273,2025-09-15,Store,Cancelled,3,5
O04390,C0043,2026-07-10,E-commerce,Delivered,5,10
O04391,C0377,2025-11-14,E-commerce,Delivered,1,0
O04392,C0041,2025-10-04,E-commerce,Delivered,2,0
O04393,C0170,2026-08-25,Store,Delivered,5,5
O04394,C0434,2026-03-15,E-commerce,Returned,1,10
O04395,C0212,2026-07-28,Store,Delivered,4,20
O04396,C0493,2025-09-29,E-commerce,Delivered,1,10
O04397,C0168,2026-03-13,Store,Delivered,1,15
O04398,C0039,2025-09-16,Mobile App,Cancelled,4,10
O04399,C0369,2025-11-16,E-commerce,Delivered,4,0
O04400,C0245,2026-06-20,Mobile App,Returned,2,0
O04401,C0151,2025-11-20,E-commerce,Delivered,5,10
O04402,C0111,2026-01-02,E-commerce,Delivered,1,5
O04403,C0480,2025-09-19,Store,Delivered,3,0
O04404,C0436,2025-12-11,E-commerce,Delivered,3,10
O04405,C0047,2025-11-16,E-commerce,Delivered,2,10
O04406,C0063,2026-04-17,E-commerce,Delivered,3,5
O04407,C0225,2026-06-24,E-commerce,Delivered,2,15
O04408,C0366,2026-03-22,Store,Delivered,5,15
O04409,C0069,2025-10-31,E-commerce,Delivered,2,15
O04410,C0299,2025-09-26,Store,Delivered,4,25
O04411,C0432,2025-11-10,Store,Delivered,4,5
O04412,C0290,2025-12-12,E-commerce,Delivered,4,10
O04413,C0296,2026-07-23,E-commerce,Delivered,4,20
O04414,C0203,2026-08-29,Store,Delivered,4,10
O04415,C0061,2026-02-04,E-commerce,Delivered,4,15
O04416,C0434,2026-08-29,E-commerce,Delivered,4,5
O04417,C0451,2026-08-25,E-commerce,Delivered,4,10
O04418,C0318,2026-03-13,Mobile App,Returned,4,0
O04419,C0314,2026-06-02,Store,Delivered,5,25
O04420,C0161,2026-07-21,E-commerce,Returned,4,15
O04421,C0331,2026-03-05,E-commerce,Delivered,2,20
O04422,C0016,2026-07-23,Store,Delivered,5,10
O04423,C0338,2025-12-22,Store,Delivered,3,0
O04424,C0094,2026-07-10,Mobile App,Delivered,1,0
O04425,C0304,2026-02-12,Store,Delivered,5,20
O04426,C0138,2025-10-31,E-commerce,Delivered,4,5
O04427,C0338,2025-12-01,Store,Cancelled,5,5
O04428,C0038,2026-06-13,E-commerce,Delivered,1,10
O04429,C0127,2026-01-31,E-commerce,Delivered,1,5
O04430,C0275,2026-04-13,Mobile App,Delivered,4,10
O04431,C0164,2026-01-05,E-commerce,Delivered,4,10
O04432,C0443,2026-03-12,Store,Delivered,2,10
O04433,C0319,2025-12-24,E-commerce,Delivered,1,20
O04434,C0077,2026-05-20,Store,Delivered,4,0
O04435,C0174,2025-09-18,Store,Delivered,1,5
O04436,C0387,2025-09-10,E-commerce,Delivered,2,5
O04437,C0458,2025-12-01,Store,Delivered,3,25
O04438,C0358,2026-01-17,E-commerce,Delivered,1,5
O04439,C0321,2026-07-30,Store,Delivered,2,5
O04440,C0376,2026-08-23,E-commerce,Delivered,2,10
O04441,C0091,2026-08-06,Mobile App,Delivered,2,5
O04442,C0238,2025-10-22,E-commerce,Delivered,5,25
O04443,C0264,2026-03-14,E-commerce,Delivered,4,20
O04444,C0179,2026-03-25,E-commerce,Returned,1,10
O04445,C0494,2026-06-14,E-commerce,Delivered,5,10
O04446,C0490,2025-12-02,Store,Delivered,1,0
O04447,C0209,2026-07-06,Mobile App,Delivered,5,10
O04448,C0073,2026-01-23,Mobile App,Delivered,4,15
O04449,C0390,2025-11-25,E-commerce,Cancelled,2,5
O04450,C0107,2026-01-31,E-commerce,Delivered,1,0
O04451,C0345,2025-09-02,E-commerce,Delivered,2,20
O04452,C0295,2026-08-08,Store,Delivered,4,5
O04453,C0369,2026-05-18,Store,Delivered,1,10
O04454,C0444,2026-02-11,E-commerce,Delivered,3,0
O04455,C0284,2025-09-06,E-commerce,Delivered,3,5
O04456,C0353,2026-01-27,E-commerce,Delivered,3,15
O04457,C0182,2026-03-24,Mobile App,Delivered,4,5
O04458,C0037,2025-12-27,Mobile App,Delivered,3,10
O04459,C0137,2025-11-28,Store,Delivered,1,0
O04460,C0338,2026-02-01,E-commerce,Delivered,3,5
O04461,C0056,2026-02-14,Store,Delivered,1,20
O04462,C0187,2026-02-08,Mobile App,Returned,4,10
O04463,C0341,2026-05-28,E-commerce,Delivered,2,20
O04464,C0258,2025-10-26,Mobile App,Returned,5,20
O04465,C0445,2026-04-16,E-commerce,Delivered,3,20
O04466,C0058,2026-08-03,E-commerce,Delivered,5,20
O04467,C0363,2026-01-27,Store,Delivered,2,0
O04468,C0123,2025-10-16,E-commerce,Delivered,4,20
O04469,C0188,2026-01-22,Store,Cancelled,4,0
O04470,C0230,2026-04-26,Mobile App,Cancelled,2,0
O04471,C0168,2026-05-30,E-commerce,Delivered,5,0
O04472,C0420,2025-12-29,Mobile App,Delivered,3,5
O04473,C0114,2026-08-06,Mobile App,Delivered,1,10
O04474,C0252,2026-04-08,E-commerce,Cancelled,4,5
O04475,C0107,2025-09-08,E-commerce,Delivered,2,0
O04476,C0037,2026-08-10,E-commerce,Delivered,5,10
O04477,C0335,2026-06-02,E-commerce,Delivered,3,5
O04478,C0092,2026-08-19,E-commerce,Delivered,5,15
O04479,C0018,2025-11-05,E-commerce,Delivered,3,5
O04480,C0354,2025-11-18,E-commerce,Delivered,1,0
O04481,C0063,2025-11-25,Store,Returned,1,5
O04482,C0150,2026-01-02,E-commerce,Delivered,2,5
O04483,C0139,2026-03-21,Store,Delivered,2,10
O04484,C0186,2026-01-28,Mobile App,Delivered,3,10
O04485,C0185,2025-10-16,Mobile App,Delivered,3,5
O04486,C0205,2025-12-22,E-commerce,Delivered,3,5
O04487,C0260,2025-11-30,Store,Delivered,3,5
O04488,C0214,2026-01-19,Mobile App,Delivered,1,25
O04489,C0256,2026-06-16,Store,Delivered,2,0
O04490,C0135,2026-04-06,E-commerce,Delivered,2,15
O04491,C0061,2025-11-16,E-commerce,Delivered,4,15
O04492,C0363,2026-07-31,Mobile App,Delivered,2,0
O04493,C0310,2026-01-30,E-commerce,Delivered,2,25
O04494,C0088,2026-07-20,E-commerce,Delivered,5,15
O04495,C0324,2026-04-27,E-commerce,Delivered,5,10
O04496,C0476,2025-12-24,Mobile App,Delivered,4,5
O04497,C0207,2026-07-16,Store,Delivered,3,10
O04498,C0129,2025-12-03,E-commerce,Delivered,4,5
O04499,C0311,2025-10-18,Store,Delivered,4,0
O04500,C0003,2026-03-10,Mobile App,Delivered,1,15
O04501,C0462,2025-09-12,E-commerce,Delivered,2,20
O04502,C0422,2026-02-03,Store,Delivered,1,0
O04503,C0242,2026-02-19,Store,Delivered,2,15
O04504,C0121,2026-06-23,Store,Delivered,4,15
O04505,C0385,2026-02-24,E-commerce,Delivered,2,0
O04506,C0102,2026-08-07,Mobile App,Delivered,3,5
O04507,C0038,2025-10-27,E-commerce,Delivered,3,5
O04508,C0341,2026-08-09,E-commerce,Delivered,4,15
O04509,C0496,2026-08-06,E-commerce,Delivered,5,15
O04510,C0413,2026-03-22,Store,Returned,3,0
O04511,C0133,2026-03-04,Store,Delivered,4,10
O04512,C0497,2025-12-30,E-commerce,Cancelled,1,15
O04513,C0202,2026-04-14,E-commerce,Cancelled,5,15
O04514,C0348,2026-03-21,Store,Delivered,3,0
O04515,C0021,2026-07-27,E-commerce,Delivered,4,10
O04516,C0242,2026-08-29,Mobile App,Delivered,4,20
O04517,C0455,2026-08-22,E-commerce,Delivered,1,5
O04518,C0451,2026-04-04,E-commerce,Delivered,1,5
O04519,C0109,2025-10-13,Store,Delivered,5,15
O04520,C0303,2025-09-23,E-commerce,Returned,3,0
O04521,C0084,2026-02-02,E-commerce,Delivered,4,20
O04522,C0083,2026-03-05,E-commerce,Delivered,5,5
O04523,C0291,2026-05-07,Store,Delivered,5,0
O04524,C0452,2026-04-25,Store,Delivered,1,0
O04525,C0069,2026-06-20,E-commerce,Delivered,4,0
O04526,C0129,2026-01-12,E-commerce,Delivered,2,0
O04527,C0196,2026-07-18,Mobile App,Delivered,1,10
O04528,C0140,2025-09-22,E-commerce,Delivered,4,0
O04529,C0444,2026-08-27,Mobile App,Delivered,5,20
O04530,C0283,2025-11-27,E-commerce,Delivered,5,10
O04531,C0312,2026-01-31,E-commerce,Delivered,3,10
O04532,C0234,2026-01-03,Mobile App,Delivered,2,5
O04533,C0023,2025-11-18,E-commerce,Delivered,1,10
O04534,C0153,2026-08-12,Store,Delivered,3,10
O04535,C0277,2025-10-21,E-commerce,Delivered,3,0
O04536,C0061,2026-04-04,E-commerce,Delivered,2,20
O04537,C0319,2026-02-23,Store,Delivered,1,5
O04538,C0378,2026-08-24,E-commerce,Delivered,1,0
O04539,C0052,2026-05-11,Mobile App,Delivered,5,10
O04540,C0344,2026-05-04,E-commerce,Delivered,1,10
O04541,C0153,2026-04-15,Mobile App,Delivered,3,5
O04542,C0237,2025-12-15,Mobile App,Delivered,5,15
O04543,C0311,2026-03-12,E-commerce,Delivered,1,10
O04544,C0302,2026-07-13,Store,Delivered,2,10
O04545,C0032,2026-06-29,Mobile App,Delivered,3,5
O04546,C0055,2025-10-06,E-commerce,Delivered,4,25
O04547,C0352,2026-03-23,Mobile App,Delivered,2,5
O04548,C0389,2026-05-25,Mobile App,Delivered,2,10
O04549,C0036,2026-05-26,E-commerce,Delivered,1,5
O04550,C0110,2026-02-17,E-commerce,Delivered,5,15
O04551,C0490,2025-10-09,E-commerce,Returned,5,0
O04552,C0177,2026-01-17,E-commerce,Delivered,3,0
O04553,C0362,2026-06-19,Store,Returned,1,15
O04554,C0314,2025-10-22,E-commerce,Delivered,5,5
O04555,C0295,2026-06-14,Store,Delivered,4,5
O04556,C0336,2026-06-16,E-commerce,Delivered,1,10
O04557,C0097,2026-01-19,E-commerce,Delivered,1,15
O04558,C0369,2026-01-24,Store,Delivered,5,0
O04559,C0213,2026-07-11,Mobile App,Delivered,2,0
O04560,C0317,2026-03-03,Mobile App,Delivered,1,25
O04561,C0137,2026-01-30,E-commerce,Delivered,2,10
O04562,C0006,2026-03-20,E-commerce,Delivered,3,5
O04563,C0499,2026-01-06,E-commerce,Delivered,3,15
O04564,C0109,2026-06-14,Store,Cancelled,5,10
O04565,C0035,2026-07-08,E-commerce,Delivered,3,0
O04566,C0039,2026-05-11,Store,Delivered,5,0
O04567,C0150,2026-05-24,Mobile App,Delivered,5,5
O04568,C0425,2026-03-07,E-commerce,Delivered,2,20
O04569,C0118,2026-04-18,Mobile App,Delivered,2,0
O04570,C0261,2026-05-29,Store,Delivered,3,0
O04571,C0426,2026-05-17,Store,Delivered,2,20
O04572,C0087,2026-06-26,E-commerce,Delivered,1,0
O04573,C0465,2026-03-17,E-commerce,Delivered,4,10
O04574,C0076,2026-07-20,E-commerce,Delivered,1,0
O04575,C0471,2025-10-26,E-commerce,Cancelled,1,10
O04576,C0464,2026-07-16,Mobile App,Delivered,5,5
O04577,C0451,2026-03-22,Store,Delivered,4,0
O04578,C0414,2026-05-29,E-commerce,Delivered,5,10
O04579,C0313,2025-12-18,Mobile App,Cancelled,2,10
O04580,C0383,2025-12-25,Mobile App,Delivered,2,10
O04581,C0214,2025-12-01,E-commerce,Delivered,4,10
O04582,C0457,2026-01-16,E-commerce,Cancelled,3,10
O04583,C0285,2026-06-30,Mobile App,Delivered,2,10
O04584,C0239,2025-10-27,Store,Delivered,1,10
O04585,C0165,2025-10-20,Mobile App,Delivered,4,10
O04586,C0087,2025-11-10,E-commerce,Delivered,4,10
O04587,C0141,2025-11-21,E-commerce,Delivered,2,10
O04588,C0160,2025-12-14,E-commerce,Delivered,2,0
O04589,C0046,2025-11-27,Mobile App,Delivered,5,0
O04590,C0372,2025-09-02,Store,Delivered,5,5
O04591,C0495,2026-08-26,E-commerce,Delivered,1,20
O04592,C0112,2025-11-23,Store,Delivered,4,15
O04593,C0407,2025-10-13,Mobile App,Delivered,3,10
O04594,C0045,2026-02-01,Mobile App,Returned,3,5
O04595,C0401,2026-07-24,Store,Delivered,4,0
O04596,C0247,2025-12-03,E-commerce,Delivered,1,20
O04597,C0104,2026-06-25,Store,Delivered,5,20
O04598,C0085,2026-01-11,E-commerce,Delivered,5,0
O04599,C0450,2025-11-04,E-commerce,Delivered,5,15
O04600,C0485,2026-06-17,Store,Delivered,3,5
O04601,C0134,2026-05-15,Store,Delivered,3,5
O04602,C0108,2026-04-01,Mobile App,Delivered,1,15
O04603,C0018,2026-01-26,Mobile App,Delivered,3,10
O04604,C0094,2025-10-31,Mobile App,Delivered,2,15
O04605,C0150,2026-01-27,Store,Delivered,3,0
O04606,C0246,2025-11-27,E-commerce,Delivered,5,5
O04607,C0289,2026-07-21,Store,Delivered,1,5
O04608,C0414,2026-06-05,E-commerce,Delivered,4,5
O04609,C0209,2025-11-21,E-commerce,Delivered,4,10
O04610,C0126,2026-01-07,E-commerce,Delivered,1,5
O04611,C0235,2026-06-13,Mobile App,Returned,2,5
O04612,C0416,2026-08-19,Store,Delivered,4,5
O04613,C0426,2026-06-07,Mobile App,Delivered,5,15
O04614,C0499,2026-05-28,Store,Delivered,4,10
O04615,C0462,2026-06-19,E-commerce,Delivered,4,10
O04616,C0122,2026-03-22,Mobile App,Delivered,5,0
O04617,C0138,2025-09-24,Store,Delivered,3,5
O04618,C0495,2026-08-17,Mobile App,Returned,2,0
O04619,C0115,2026-07-08,Mobile App,Returned,5,0
O04620,C0420,2026-03-27,Mobile App,Delivered,5,5
O04621,C0162,2026-06-07,Store,Delivered,1,0
O04622,C0201,2026-03-24,Store,Delivered,2,10
O04623,C0234,2026-01-30,E-commerce,Delivered,3,25
O04624,C0028,2025-09-26,Store,Delivered,5,0
O04625,C0011,2026-03-13,E-commerce,Delivered,3,15
O04626,C0206,2026-08-02,E-commerce,Delivered,5,0
O04627,C0167,2026-04-26,Store,Delivered,5,10
O04628,C0247,2026-07-18,E-commerce,Delivered,1,10
O04629,C0047,2025-11-14,Store,Cancelled,4,20
O04630,C0246,2026-02-10,E-commerce,Cancelled,2,0
O04631,C0127,2026-06-26,E-commerce,Delivered,1,5
O04632,C0147,2025-09-29,E-commerce,Delivered,3,0
O04633,C0118,2026-02-12,E-commerce,Returned,5,5
O04634,C0399,2026-08-03,Store,Delivered,5,20
O04635,C0382,2026-03-05,E-commerce,Delivered,2,15
O04636,C0412,2025-10-24,E-commerce,Delivered,1,15
O04637,C0152,2026-06-22,E-commerce,Cancelled,1,10
O04638,C0072,2025-10-12,E-commerce,Delivered,3,20
O04639,C0363,2026-06-12,Store,Delivered,1,5
O04640,C0137,2026-01-16,E-commerce,Returned,1,0
O04641,C0175,2026-03-06,Mobile App,Delivered,4,15
O04642,C0289,2026-03-23,Store,Cancelled,2,5
O04643,C0446,2025-10-12,Mobile App,Delivered,1,0
O04644,C0481,2026-08-16,Store,Delivered,3,0
O04645,C0019,2026-06-15,E-commerce,Delivered,5,10
O04646,C0195,2025-09-26,E-commerce,Delivered,1,10
O04647,C0330,2025-10-26,Store,Delivered,1,5
O04648,C0424,2026-05-11,Mobile App,Delivered,5,15
O04649,C0175,2025-12-31,Mobile App,Delivered,4,15
O04650,C0490,2025-12-15,Mobile App,Delivered,2,20
O04651,C0449,2026-01-08,E-commerce,Delivered,4,10
O04652,C0413,2026-08-03,E-commerce,Delivered,3,15
O04653,C0434,2026-02-05,Store,Delivered,1,15
O04654,C0354,2026-04-19,Mobile App,Delivered,4,5
O04655,C0499,2026-07-05,E-commerce,Delivered,2,5
O04656,C0141,2025-11-30,Store,Delivered,3,10
O04657,C0246,2025-09-22,E-commerce,Delivered,4,0
O04658,C0385,2026-06-17,E-commerce,Delivered,1,5
O04659,C0418,2025-12-19,Store,Delivered,2,10
O04660,C0093,2025-10-19,Store,Delivered,1,0
O04661,C0432,2026-01-07,Mobile App,Delivered,1,0
O04662,C0239,2025-11-12,E-commerce,Delivered,3,10
O04663,C0205,2026-08-06,E-commerce,Delivered,2,15
O04664,C0048,2025-10-23,Mobile App,Delivered,5,15
O04665,C0433,2026-08-22,E-commerce,Delivered,1,10
O04666,C0245,2026-02-15,Store,Delivered,2,10
O04667,C0320,2025-10-15,Store,Delivered,1,5
O04668,C0317,2025-12-14,Store,Returned,4,0
O04669,C0413,2026-01-28,E-commerce,Delivered,4,0
O04670,C0295,2026-01-24,Store,Delivered,2,15
O04671,C0128,2026-03-23,E-commerce,Delivered,3,10
O04672,C0344,2026-08-28,E-commerce,Returned,5,15
O04673,C0282,2026-06-26,E-commerce,Delivered,4,15
O04674,C0017,2026-02-14,E-commerce,Delivered,3,0
O04675,C0071,2026-03-20,Store,Delivered,5,10
O04676,C0269,2026-01-12,E-commerce,Delivered,4,5
O04677,C0325,2026-03-30,E-commerce,Delivered,5,5
O04678,C0282,2025-10-18,Store,Delivered,1,10
O04679,C0305,2026-01-04,E-commerce,Delivered,2,25
O04680,C0451,2026-04-27,Store,Delivered,4,15
O04681,C0007,2025-09-07,E-commerce,Delivered,4,20
O04682,C0314,2026-05-30,E-commerce,Delivered,1,0
O04683,C0305,2025-10-07,Store,Delivered,4,0
O04684,C0103,2026-03-30,E-commerce,Returned,4,0
O04685,C0309,2026-02-12,Mobile App,Delivered,4,5
O04686,C0193,2026-01-03,E-commerce,Delivered,4,5
O04687,C0241,2026-08-03,E-commerce,Delivered,4,10
O04688,C0062,2026-03-11,E-commerce,Cancelled,3,10
O04689,C0017,2026-04-06,E-commerce,Delivered,4,20
O04690,C0171,2026-04-02,E-commerce,Delivered,1,20
O04691,C0025,2025-11-01,Store,Delivered,4,0
O04692,C0251,2026-07-25,E-commerce,Delivered,5,20
O04693,C0253,2026-02-08,E-commerce,Delivered,5,10
O04694,C0387,2025-11-05,E-commerce,Delivered,1,10
O04695,C0207,2026-06-13,Store,Delivered,3,15
O04696,C0029,2026-04-27,Store,Delivered,1,0
O04697,C0117,2025-09-20,Mobile App,Delivered,3,20
O04698,C0491,2026-03-07,Store,Delivered,2,10
O04699,C0416,2025-11-21,E-commerce,Delivered,5,20
O04700,C0282,2026-08-29,E-commerce,Delivered,5,25
O04701,C0380,2026-03-21,Mobile App,Delivered,5,10
O04702,C0144,2026-01-10,Mobile App,Delivered,3,0
O04703,C0025,2025-10-07,E-commerce,Delivered,1,0
O04704,C0310,2026-01-10,E-commerce,Delivered,3,5
O04705,C0156,2025-11-16,Store,Delivered,5,0
O04706,C0073,2025-11-28,Store,Delivered,5,15
O04707,C0120,2026-05-11,E-commerce,Delivered,5,5
O04708,C0312,2026-08-10,Mobile App,Delivered,5,25
O04709,C0321,2026-03-13,E-commerce,Delivered,2,15
O04710,C0093,2026-02-23,E-commerce,Returned,5,0
O04711,C0086,2025-10-03,E-commerce,Returned,3,10
O04712,C0336,2025-10-28,E-commerce,Delivered,5,10
O04713,C0425,2026-03-20,E-commerce,Delivered,4,10
O04714,C0499,2025-09-28,Store,Delivered,2,10
O04715,C0364,2025-10-05,E-commerce,Delivered,5,0
O04716,C0435,2026-01-03,Mobile App,Delivered,4,10
O04717,C0118,2026-07-18,E-commerce,Delivered,3,10
O04718,C0233,2025-10-12,E-commerce,Returned,2,15
O04719,C0199,2025-11-24,Store,Cancelled,5,15
O04720,C0206,2026-03-07,Mobile App,Delivered,3,0
O04721,C0413,2025-12-20,Store,Delivered,4,0
O04722,C0339,2026-05-29,Store,Delivered,2,15
O04723,C0147,2026-07-22,E-commerce,Delivered,5,25
O04724,C0450,2025-12-14,E-commerce,Delivered,3,5
O04725,C0425,2026-07-17,Store,Delivered,2,5
O04726,C0429,2025-10-11,Store,Delivered,4,0
O04727,C0271,2026-04-03,Mobile App,Cancelled,5,5
O04728,C0387,2025-11-10,Store,Delivered,2,5
O04729,C0139,2025-10-26,Store,Delivered,4,5
O04730,C0181,2026-04-24,E-commerce,Delivered,4,10
O04731,C0430,2026-06-08,Mobile App,Delivered,3,5
O04732,C0030,2025-12-14,Store,Cancelled,4,0
O04733,C0057,2026-02-09,Mobile App,Delivered,4,5
O04734,C0232,2026-03-10,E-commerce,Delivered,1,20
O04735,C0146,2025-09-09,E-commerce,Delivered,4,10
O04736,C0435,2025-10-30,E-commerce,Delivered,5,25
O04737,C0384,2026-07-02,E-commerce,Returned,2,10
O04738,C0048,2026-04-13,Store,Delivered,5,5
O04739,C0194,2026-07-04,E-commerce,Delivered,5,0
O04740,C0224,2026-03-07,E-commerce,Delivered,3,10
O04741,C0136,2025-11-09,E-commerce,Delivered,1,10
O04742,C0022,2026-06-20,Mobile App,Delivered,1,10
O04743,C0006,2026-06-14,Mobile App,Delivered,5,15
O04744,C0204,2026-02-16,E-commerce,Delivered,2,15
O04745,C0239,2025-11-01,E-commerce,Returned,1,0
O04746,C0185,2026-08-15,E-commerce,Delivered,1,15
O04747,C0360,2025-09-14,Mobile App,Delivered,5,10
O04748,C0292,2026-02-11,E-commerce,Cancelled,1,5
O04749,C0335,2026-05-03,Store,Delivered,3,10
O04750,C0220,2026-08-01,E-commerce,Delivered,5,10
O04751,C0116,2025-09-08,E-commerce,Delivered,1,0
O04752,C0313,2026-02-01,Mobile App,Delivered,1,5
O04753,C0049,2025-10-06,E-commerce,Delivered,1,5
O04754,C0173,2025-10-18,Mobile App,Delivered,5,5
O04755,C0082,2025-11-24,E-commerce,Delivered,2,0
O04756,C0322,2025-09-28,Mobile App,Delivered,4,0
O04757,C0333,2026-03-15,Store,Delivered,1,0
O04758,C0045,2026-03-27,Store,Delivered,4,5
O04759,C0335,2026-03-23,E-commerce,Delivered,4,20
O04760,C0020,2026-07-04,E-commerce,Delivered,1,0
O04761,C0448,2025-12-13,E-commerce,Delivered,1,5
O04762,C0221,2026-04-18,Store,Delivered,4,5
O04763,C0123,2025-12-10,Store,Delivered,2,15
O04764,C0234,2025-09-29,E-commerce,Delivered,4,0
O04765,C0221,2026-01-05,E-commerce,Cancelled,2,0
O04766,C0323,2026-08-04,E-commerce,Delivered,3,0
O04767,C0339,2025-09-10,E-commerce,Delivered,2,25
O04768,C0003,2025-12-15,E-commerce,Delivered,5,10
O04769,C0182,2026-02-14,E-commerce,Delivered,1,0
O04770,C0206,2026-05-15,Mobile App,Delivered,3,5
O04771,C0320,2026-06-22,Store,Cancelled,4,0
O04772,C0040,2026-06-04,Store,Returned,2,0
O04773,C0059,2025-11-04,E-commerce,Delivered,3,15
O04774,C0439,2026-05-29,Mobile App,Delivered,5,10
O04775,C0062,2026-03-07,Store,Delivered,2,10
O04776,C0132,2026-07-14,E-commerce,Delivered,4,5
O04777,C0060,2026-01-16,Mobile App,Delivered,4,10
O04778,C0372,2026-08-09,E-commerce,Cancelled,2,5
O04779,C0331,2025-12-14,E-commerce,Returned,5,5
O04780,C0122,2025-10-04,E-commerce,Cancelled,1,10
O04781,C0479,2025-12-19,E-commerce,Delivered,1,0
O04782,C0107,2025-10-03,Mobile App,Delivered,4,10
O04783,C0096,2026-08-20,E-commerce,Delivered,5,20
O04784,C0347,2026-04-19,E-commerce,Delivered,4,0
O04785,C0414,2026-07-14,E-commerce,Delivered,1,20
O04786,C0235,2026-05-24,Store,Delivered,4,0
O04787,C0386,2026-03-01,E-commerce,Delivered,2,5
O04788,C0062,2026-08-06,Mobile App,Delivered,2,10
O04789,C0256,2025-11-04,Mobile App,Delivered,5,10
O04790,C0049,2026-07-30,E-commerce,Delivered,1,0
O04791,C0393,2025-09-01,E-commerce,Delivered,5,15
O04792,C0348,2026-01-11,Mobile App,Delivered,5,25
O04793,C0159,2025-11-19,E-commerce,Delivered,1,0
O04794,C0124,2026-05-29,E-commerce,Delivered,3,20
O04795,C0482,2026-04-29,Mobile App,Delivered,3,10
O04796,C0317,2025-09-28,E-commerce,Delivered,4,20
O04797,C0207,2026-04-11,E-commerce,Delivered,3,0
O04798,C0048,2025-09-23,E-commerce,Delivered,2,15
O04799,C0409,2025-12-18,E-commerce,Cancelled,5,0
O04800,C0420,2025-12-16,Mobile App,Cancelled,4,20
O04801,C0136,2026-01-23,Mobile App,Delivered,5,10
O04802,C0201,2026-08-20,Mobile App,Delivered,1,5
O04803,C0250,2026-01-17,Mobile App,Delivered,3,0
O04804,C0314,2026-06-11,E-commerce,Delivered,1,15
O04805,C0357,2026-06-25,E-commerce,Delivered,4,10
O04806,C0368,2025-12-08,E-commerce,Cancelled,2,5
O04807,C0429,2026-07-14,E-commerce,Delivered,3,5
O04808,C0318,2026-01-01,Store,Cancelled,1,15
O04809,C0295,2026-07-17,Store,Delivered,3,5
O04810,C0480,2026-06-14,E-commerce,Delivered,5,0
O04811,C0314,2025-11-20,E-commerce,Delivered,2,20
O04812,C0500,2025-09-10,E-commerce,Delivered,3,5
O04813,C0209,2025-09-08,E-commerce,Delivered,2,5
O04814,C0355,2026-03-24,E-commerce,Delivered,5,0
O04815,C0485,2026-07-12,Mobile App,Delivered,5,20
O04816,C0211,2026-03-16,Store,Delivered,1,0
O04817,C0192,2026-03-17,Mobile App,Delivered,4,10
O04818,C0044,2025-09-30,E-commerce,Delivered,1,20
O04819,C0029,2025-09-20,E-commerce,Delivered,2,0
O04820,C0059,2025-10-18,Mobile App,Delivered,1,15
O04821,C0071,2026-01-08,Store,Delivered,3,5
O04822,C0092,2026-06-20,Store,Cancelled,1,10
O04823,C0265,2026-01-10,Store,Delivered,4,5
O04824,C0383,2026-08-22,Mobile App,Delivered,4,10
O04825,C0220,2025-10-24,Mobile App,Delivered,2,5
O04826,C0390,2026-06-08,E-commerce,Cancelled,5,0
O04827,C0413,2026-05-23,Mobile App,Delivered,4,20
O04828,C0442,2026-04-03,E-commerce,Delivered,2,0
O04829,C0401,2026-06-17,E-commerce,Delivered,4,15
O04830,C0400,2025-10-13,Mobile App,Delivered,4,0
O04831,C0215,2025-11-13,E-commerce,Delivered,5,5
O04832,C0479,2026-08-16,E-commerce,Delivered,3,15
O04833,C0387,2026-06-05,E-commerce,Delivered,2,0
O04834,C0277,2026-07-23,E-commerce,Delivered,4,20
O04835,C0064,2026-04-30,E-commerce,Cancelled,4,10
O04836,C0346,2026-01-08,E-commerce,Cancelled,1,5
O04837,C0292,2026-08-16,E-commerce,Delivered,3,10
O04838,C0490,2026-03-13,E-commerce,Delivered,5,5
O04839,C0485,2025-10-02,Store,Delivered,2,5
O04840,C0245,2025-12-15,E-commerce,Delivered,4,15
O04841,C0470,2026-03-23,E-commerce,Delivered,2,5
O04842,C0062,2025-09-01,Mobile App,Cancelled,5,0
O04843,C0426,2026-05-03,Store,Delivered,3,15
O04844,C0332,2025-11-11,Mobile App,Delivered,1,15
O04845,C0170,2026-07-03,E-commerce,Delivered,3,10
O04846,C0445,2025-09-15,Mobile App,Delivered,1,10
O04847,C0269,2025-10-23,Mobile App,Delivered,2,10
O04848,C0267,2025-09-08,Mobile App,Delivered,3,10
O04849,C0054,2026-07-27,Mobile App,Delivered,3,5
O04850,C0016,2025-10-16,Store,Delivered,3,25
O04851,C0008,2026-07-22,Store,Delivered,5,0
O04852,C0104,2025-12-23,Mobile App,Delivered,2,10
O04853,C0059,2026-01-25,E-commerce,Cancelled,1,20
O04854,C0313,2026-02-13,Mobile App,Returned,3,10
O04855,C0040,2026-01-17,Store,Delivered,2,20
O04856,C0237,2025-12-26,E-commerce,Delivered,5,5
O04857,C0443,2026-06-26,Store,Returned,5,5
O04858,C0386,2026-06-03,E-commerce,Delivered,2,20
O04859,C0094,2026-06-04,E-commerce,Delivered,1,5
O04860,C0222,2026-08-04,Store,Delivered,2,15
O04861,C0204,2026-07-10,E-commerce,Delivered,2,0
O04862,C0138,2026-02-25,E-commerce,Delivered,4,15
O04863,C0300,2026-07-27,E-commerce,Delivered,5,10
O04864,C0395,2026-08-20,E-commerce,Cancelled,1,5
O04865,C0207,2026-02-01,E-commerce,Delivered,4,10
O04866,C0336,2026-03-20,E-commerce,Delivered,2,10
O04867,C0081,2025-12-24,E-commerce,Delivered,5,0
O04868,C0218,2026-02-06,Store,Delivered,4,10
O04869,C0002,2025-10-12,Store,Cancelled,4,10
O04870,C0178,2026-05-05,E-commerce,Returned,1,0
O04871,C0396,2025-11-07,Mobile App,Delivered,2,15
O04872,C0371,2026-07-23,E-commerce,Returned,1,5
O04873,C0346,2026-07-31,E-commerce,Delivered,4,5
O04874,C0279,2026-03-15,E-commerce,Delivered,4,10
O04875,C0146,2025-11-29,Store,Delivered,1,10
O04876,C0318,2025-12-20,Store,Delivered,4,20
O04877,C0224,2026-08-25,E-commerce,Cancelled,3,0
O04878,C0369,2026-01-23,E-commerce,Delivered,5,5
O04879,C0384,2026-06-02,E-commerce,Delivered,2,0
O04880,C0062,2026-02-26,Mobile App,Delivered,5,15
O04881,C0294,2026-04-29,Mobile App,Delivered,2,5
O04882,C0239,2026-07-23,E-commerce,Delivered,4,15
O04883,C0195,2026-07-16,Store,Delivered,1,5
O04884,C0166,2026-07-28,E-commerce,Delivered,1,15
O04885,C0451,2026-01-31,Store,Delivered,4,10
O04886,C0222,2025-12-13,Mobile App,Delivered,2,20
O04887,C0061,2025-11-14,E-commerce,Delivered,4,0
O04888,C0129,2026-01-06,Store,Delivered,2,10
O04889,C0478,2026-03-18,Store,Delivered,4,15
O04890,C0173,2026-02-01,E-commerce,Delivered,4,10
O04891,C0480,2025-10-26,E-commerce,Delivered,4,0
O04892,C0156,2026-06-05,Store,Delivered,1,25
O04893,C0405,2026-08-11,E-commerce,Delivered,2,5
O04894,C0378,2025-09-19,E-commerce,Delivered,4,0
O04895,C0110,2026-02-06,E-commerce,Delivered,5,10
O04896,C0269,2025-09-26,Store,Delivered,5,10
O04897,C0411,2026-02-16,Store,Delivered,1,15
O04898,C0356,2025-09-23,Store,Delivered,3,5
O04899,C0391,2025-10-17,Mobile App,Delivered,1,5
O04900,C0278,2025-09-13,E-commerce,Delivered,3,10
O04901,C0074,2026-04-05,Mobile App,Delivered,1,5
O04902,C0487,2026-07-19,Store,Delivered,5,20
O04903,C0437,2026-03-13,E-commerce,Delivered,4,20
O04904,C0463,2026-01-22,E-commerce,Cancelled,2,10
O04905,C0207,2025-11-12,E-commerce,Cancelled,4,0
O04906,C0388,2026-02-03,Mobile App,Cancelled,5,20
O04907,C0480,2025-11-16,Store,Delivered,2,0
O04908,C0279,2026-02-16,Mobile App,Delivered,3,0
O04909,C0375,2026-06-14,Store,Delivered,3,0
O04910,C0326,2025-11-24,E-commerce,Delivered,5,0
O04911,C0472,2026-03-01,Store,Delivered,2,15
O04912,C0340,2026-07-12,Store,Delivered,4,10
O04913,C0357,2026-06-24,E-commerce,Delivered,5,25
O04914,C0340,2025-12-21,Store,Delivered,3,0
O04915,C0204,2026-04-18,E-commerce,Cancelled,5,10
O04916,C0161,2025-12-05,Store,Delivered,4,25
O04917,C0028,2026-02-15,Store,Delivered,1,15
O04918,C0392,2026-02-03,Store,Returned,1,15
O04919,C0257,2025-12-14,Mobile App,Delivered,4,0
O04920,C0165,2026-03-12,E-commerce,Returned,2,15
O04921,C0063,2026-07-27,Mobile App,Delivered,5,5
O04922,C0022,2026-01-10,E-commerce,Delivered,4,10
O04923,C0070,2026-08-21,Store,Delivered,1,10
O04924,C0381,2026-01-16,Store,Delivered,3,10
O04925,C0405,2026-07-28,Store,Delivered,4,15
O04926,C0096,2026-05-28,E-commerce,Delivered,4,10
O04927,C0163,2025-10-08,Store,Delivered,4,0
O04928,C0079,2025-10-15,Store,Delivered,1,10
O04929,C0005,2026-02-10,Store,Delivered,1,10
O04930,C0316,2026-07-28,E-commerce,Delivered,4,5
O04931,C0120,2026-05-11,E-commerce,Delivered,4,5
O04932,C0302,2026-02-16,E-commerce,Delivered,2,0
O04933,C0178,2026-06-12,Mobile App,Delivered,3,5
O04934,C0176,2026-06-01,Mobile App,Delivered,5,25
O04935,C0390,2025-09-20,Store,Delivered,5,5
O04936,C0217,2026-04-27,E-commerce,Cancelled,5,10
O04937,C0056,2026-05-28,E-commerce,Delivered,1,15
O04938,C0366,2026-07-07,Mobile App,Cancelled,1,0
O04939,C0187,2025-10-01,Store,Delivered,2,20
O04940,C0232,2026-07-11,Store,Delivered,1,5
O04941,C0255,2025-12-13,Store,Delivered,4,20
O04942,C0413,2026-02-17,E-commerce,Delivered,3,0
O04943,C0455,2026-03-05,Mobile App,Delivered,3,0
O04944,C0104,2026-01-06,Store,Delivered,3,5
O04945,C0077,2026-03-29,E-commerce,Delivered,3,5
O04946,C0230,2026-06-08,E-commerce,Delivered,5,15
O04947,C0402,2026-05-11,E-commerce,Delivered,5,0
O04948,C0258,2025-09-19,E-commerce,Delivered,4,10
O04949,C0264,2026-03-19,Mobile App,Delivered,2,0
O04950,C0331,2026-04-08,E-commerce,Delivered,1,15
O04951,C0481,2026-01-14,E-commerce,Returned,1,15
O04952,C0182,2026-04-11,E-commerce,Delivered,5,10
O04953,C0381,2025-09-03,Mobile App,Delivered,3,0
O04954,C0256,2026-04-24,E-commerce,Delivered,4,10
O04955,C0038,2026-08-08,Mobile App,Delivered,2,0
O04956,C0176,2026-04-16,E-commerce,Delivered,5,0
O04957,C0027,2026-01-20,E-commerce,Delivered,4,10
O04958,C0276,2025-09-09,E-commerce,Delivered,4,25
O04959,C0140,2026-03-09,E-commerce,Delivered,5,20
O04960,C0299,2026-08-16,E-commerce,Delivered,4,10
O04961,C0445,2026-02-12,E-commerce,Delivered,3,10
O04962,C0287,2026-01-17,Store,Delivered,4,25
O04963,C0091,2026-06-03,Mobile App,Returned,2,10
O04964,C0480,2026-06-18,E-commerce,Cancelled,4,5
O04965,C0061,2025-10-23,E-commerce,Delivered,1,20
O04966,C0458,2026-02-22,Store,Delivered,4,0
O04967,C0451,2025-12-19,Mobile App,Delivered,5,0
O04968,C0365,2026-03-22,E-commerce,Delivered,1,10
O04969,C0347,2026-01-14,Mobile App,Delivered,5,0
O04970,C0163,2025-09-04,Store,Returned,2,5
O04971,C0351,2026-02-02,Store,Delivered,3,5
O04972,C0143,2026-02-19,E-commerce,Delivered,2,10
O04973,C0400,2026-08-24,E-commerce,Cancelled,1,25
O04974,C0253,2025-10-17,E-commerce,Delivered,3,0
O04975,C0269,2025-12-03,Store,Returned,4,5
O04976,C0369,2025-10-18,Mobile App,Delivered,1,0
O04977,C0291,2026-04-28,E-commerce,Returned,3,10
O04978,C0500,2026-08-13,Store,Delivered,5,15
O04979,C0459,2026-04-01,Store,Delivered,3,10
O04980,C0187,2026-08-06,Store,Delivered,5,0
O04981,C0405,2026-07-21,Store,Delivered,5,10
O04982,C0499,2026-01-17,Store,Delivered,3,10
O04983,C0438,2026-03-24,E-commerce,Returned,2,0
O04984,C0459,2025-11-12,Store,Delivered,2,5
O04985,C0414,2025-09-04,Store,Delivered,5,5
O04986,C0304,2025-11-15,E-commerce,Delivered,1,25
O04987,C0291,2026-07-26,E-commerce,Delivered,3,15
O04988,C0086,2025-11-16,Store,Delivered,1,15
O04989,C0166,2026-07-01,E-commerce,Delivered,2,20
O04990,C0415,2026-05-14,Store,Cancelled,1,15
O04991,C0462,2025-12-11,E-commerce,Delivered,4,20
O04992,C0408,2025-12-15,E-commerce,Delivered,4,0
O04993,C0114,2026-07-30,E-commerce,Delivered,2,10
O04994,C0433,2025-10-09,E-commerce,Delivered,1,15
O04995,C0480,2026-07-11,Mobile App,Delivered,3,10
O04996,C0356,2026-06-02,Mobile App,Delivered,2,0
O04997,C0416,2025-11-27,E-commerce,Delivered,4,5
O04998,C0183,2026-03-30,E-commerce,Delivered,2,5
O04999,C0207,2025-11-16,E-commerce,Delivered,1,5
O05000,C0256,2025-11-16,E-commerce,Delivered,1,5
