order_id,order_date,warehouse_id,fulfilment_days,shipment_date,on_time
O00001,2026-04-23,W04,2,2026-04-25,True
O00002,2026-08-21,W04,6,2026-08-27,False
O00003,2025-09-03,W03,3,2025-09-06,True
O00004,2026-03-27,W05,2,2026-03-29,True
O00005,2026-03-16,W05,8,2026-03-24,False
O00006,2026-08-07,W01,7,2026-08-14,False
O00007,2026-01-03,W05,8,2026-01-11,False
O00008,2026-01-16,W01,6,2026-01-22,False
O00009,2026-08-05,W03,9,2026-08-14,False
O00010,2025-09-25,W04,9,2025-10-04,False
O00011,2025-11-07,W03,2,2025-11-09,True
O00012,2025-10-31,W04,10,2025-11-10,False
O00013,2025-09-29,W04,5,2025-10-04,True
O00014,2025-09-19,W01,9,2025-09-28,False
O00015,2026-02-18,W04,3,2026-02-21,True
O00016,2025-11-13,W03,5,2025-11-18,True
O00017,2025-10-31,W02,8,2025-11-08,False
O00018,2026-01-31,W01,2,2026-02-02,True
O00019,2026-06-03,W04,6,2026-06-09,False
O00020,2025-10-18,W04,4,2025-10-22,True
O00021,2026-03-30,W05,6,2026-04-05,False
O00022,2026-08-09,W01,3,2026-08-12,True
O00023,2026-01-17,W01,6,2026-01-23,False
O00024,2025-12-19,W03,7,2025-12-26,False
O00025,2026-03-02,W02,10,2026-03-12,False
O00026,2025-09-28,W03,3,2025-10-01,True
O00027,2026-03-16,W03,5,2026-03-21,True
O00028,2026-03-10,W03,8,2026-03-18,False
O00029,2026-07-12,W02,2,2026-07-14,True
O00030,2025-10-21,W03,7,2025-10-28,False
O00031,2026-01-27,W01,1,2026-01-28,True
O00032,2026-05-26,W02,7,2026-06-02,False
O00033,2025-10-20,W04,1,2025-10-21,True
O00034,2026-05-04,W05,4,2026-05-08,True
O00035,2025-12-22,W05,4,2025-12-26,True
O00036,2026-02-17,W01,5,2026-02-22,True
O00037,2026-02-13,W05,2,2026-02-15,True
O00038,2025-09-14,W05,6,2025-09-20,False
O00039,2026-03-22,W05,6,2026-03-28,False
O00040,2026-06-15,W04,8,2026-06-23,False
O00041,2026-03-08,W05,10,2026-03-18,False
O00042,2026-02-02,W03,1,2026-02-03,True
O00043,2025-10-25,W01,4,2025-10-29,True
O00044,2026-03-01,W01,2,2026-03-03,True
O00045,2026-03-29,W01,8,2026-04-06,False
O00046,2025-11-14,W04,4,2025-11-18,True
O00047,2026-06-04,W04,8,2026-06-12,False
O00048,2026-01-11,W05,2,2026-01-13,True
O00049,2026-08-09,W03,4,2026-08-13,True
O00050,2025-10-29,W05,9,2025-11-07,False
O00051,2026-08-11,W01,5,2026-08-16,True
O00052,2026-03-01,W03,6,2026-03-07,False
O00053,2026-08-05,W01,10,2026-08-15,False
O00054,2026-07-18,W03,9,2026-07-27,False
O00055,2025-11-03,W02,9,2025-11-12,False
O00056,2026-07-24,W04,7,2026-07-31,False
O00057,2026-05-18,W04,2,2026-05-20,True
O00058,2026-03-12,W01,7,2026-03-19,False
O00059,2026-01-21,W01,9,2026-01-30,False
O00060,2025-12-13,W02,2,2025-12-15,True
O00061,2026-04-02,W05,7,2026-04-09,False
O00062,2026-04-30,W03,7,2026-05-07,False
O00063,2026-03-28,W02,3,2026-03-31,True
O00064,2025-12-02,W02,6,2025-12-08,False
O00065,2026-01-20,W01,8,2026-01-28,False
O00066,2025-12-21,W01,10,2025-12-31,False
O00067,2025-10-29,W05,8,2025-11-06,False
O00068,2025-10-13,W05,3,2025-10-16,True
O00069,2026-03-26,W01,6,2026-04-01,False
O00070,2026-05-26,W04,2,2026-05-28,True
O00071,2026-06-23,W05,2,2026-06-25,True
O00072,2025-12-27,W02,8,2026-01-04,False
O00073,2025-09-20,W01,10,2025-09-30,False
O00074,2026-04-10,W03,5,2026-04-15,True
O00075,2026-02-13,W03,5,2026-02-18,True
O00076,2026-01-09,W04,4,2026-01-13,True
O00077,2026-02-03,W01,10,2026-02-13,False
O00078,2026-03-03,W02,4,2026-03-07,True
O00079,2025-11-29,W04,8,2025-12-07,False
O00080,2025-12-03,W02,3,2025-12-06,True
O00081,2025-09-13,W03,3,2025-09-16,True
O00082,2026-07-19,W02,8,2026-07-27,False
O00083,2026-06-20,W03,3,2026-06-23,True
O00084,2026-04-18,W05,2,2026-04-20,True
O00085,2026-07-19,W03,5,2026-07-24,True
O00086,2026-06-19,W03,3,2026-06-22,True
O00087,2025-09-26,W04,6,2025-10-02,False
O00088,2025-11-14,W04,7,2025-11-21,False
O00089,2026-08-30,W01,3,2026-09-02,True
O00090,2026-06-26,W01,9,2026-07-05,False
O00091,2026-01-28,W03,10,2026-02-07,False
O00092,2026-01-26,W05,1,2026-01-27,True
O00093,2025-09-08,W01,7,2025-09-15,False
O00094,2025-09-29,W03,4,2025-10-03,True
O00095,2026-06-23,W04,7,2026-06-30,False
O00096,2026-03-28,W01,9,2026-04-06,False
O00097,2026-01-06,W01,9,2026-01-15,False
O00098,2026-08-06,W03,1,2026-08-07,True
O00099,2025-12-25,W03,10,2026-01-04,False
O00100,2026-01-22,W02,4,2026-01-26,True
O00101,2026-07-15,W02,7,2026-07-22,False
O00102,2026-04-23,W05,10,2026-05-03,False
O00103,2025-09-07,W01,6,2025-09-13,False
O00104,2025-10-15,W02,9,2025-10-24,False
O00105,2026-04-27,W03,7,2026-05-04,False
O00106,2026-02-02,W01,3,2026-02-05,True
O00107,2026-02-28,W02,7,2026-03-07,False
O00108,2026-04-03,W05,10,2026-04-13,False
O00109,2025-11-27,W05,5,2025-12-02,True
O00110,2026-05-14,W05,2,2026-05-16,True
O00111,2025-11-12,W05,10,2025-11-22,False
O00112,2026-02-26,W03,3,2026-03-01,True
O00113,2026-03-31,W05,6,2026-04-06,False
O00114,2026-06-20,W04,6,2026-06-26,False
O00115,2026-04-22,W05,7,2026-04-29,False
O00116,2026-04-27,W02,6,2026-05-03,False
O00117,2026-04-11,W01,9,2026-04-20,False
O00118,2025-12-28,W02,5,2026-01-02,True
O00119,2026-07-10,W01,5,2026-07-15,True
O00120,2026-05-22,W03,8,2026-05-30,False
O00121,2026-03-26,W01,8,2026-04-03,False
O00122,2025-12-04,W04,1,2025-12-05,True
O00123,2026-04-10,W05,3,2026-04-13,True
O00124,2026-06-03,W02,6,2026-06-09,False
O00125,2026-04-19,W01,6,2026-04-25,False
O00126,2026-07-06,W02,1,2026-07-07,True
O00127,2025-12-28,W05,2,2025-12-30,True
O00128,2026-05-26,W03,10,2026-06-05,False
O00129,2026-05-31,W05,7,2026-06-07,False
O00130,2025-11-03,W03,1,2025-11-04,True
O00131,2026-06-25,W02,10,2026-07-05,False
O00132,2026-08-16,W03,5,2026-08-21,True
O00133,2025-09-11,W03,1,2025-09-12,True
O00134,2025-12-07,W03,6,2025-12-13,False
O00135,2025-11-10,W03,7,2025-11-17,False
O00136,2026-08-30,W03,8,2026-09-07,False
O00137,2025-10-28,W01,3,2025-10-31,True
O00138,2026-06-17,W03,3,2026-06-20,True
O00139,2026-05-09,W03,1,2026-05-10,True
O00140,2026-06-03,W05,3,2026-06-06,True
O00141,2025-10-20,W05,5,2025-10-25,True
O00142,2026-08-24,W05,6,2026-08-30,False
O00143,2026-04-04,W03,3,2026-04-07,True
O00144,2025-10-22,W05,4,2025-10-26,True
O00145,2026-05-29,W01,5,2026-06-03,True
O00146,2025-11-23,W02,5,2025-11-28,True
O00147,2026-06-20,W05,9,2026-06-29,False
O00148,2026-01-04,W05,8,2026-01-12,False
O00149,2026-06-23,W01,1,2026-06-24,True
O00150,2025-11-11,W04,2,2025-11-13,True
O00151,2026-06-23,W04,5,2026-06-28,True
O00152,2026-04-24,W01,3,2026-04-27,True
O00153,2025-10-26,W05,7,2025-11-02,False
O00154,2026-08-26,W02,6,2026-09-01,False
O00155,2025-12-19,W05,2,2025-12-21,True
O00156,2026-03-11,W01,8,2026-03-19,False
O00157,2025-12-02,W01,5,2025-12-07,True
O00158,2026-08-16,W03,6,2026-08-22,False
O00159,2025-10-26,W01,8,2025-11-03,False
O00160,2025-10-30,W03,6,2025-11-05,False
O00161,2026-01-16,W01,10,2026-01-26,False
O00162,2025-10-09,W03,3,2025-10-12,True
O00163,2025-09-28,W03,7,2025-10-05,False
O00164,2025-10-19,W05,4,2025-10-23,True
O00165,2026-01-03,W03,6,2026-01-09,False
O00166,2025-09-13,W04,6,2025-09-19,False
O00167,2025-10-06,W01,5,2025-10-11,True
O00168,2025-12-10,W02,1,2025-12-11,True
O00169,2026-06-09,W01,8,2026-06-17,False
O00170,2025-11-25,W05,10,2025-12-05,False
O00171,2025-09-04,W05,2,2025-09-06,True
O00172,2026-04-11,W03,4,2026-04-15,True
O00173,2026-08-04,W05,3,2026-08-07,True
O00174,2026-02-13,W05,6,2026-02-19,False
O00175,2026-08-10,W01,1,2026-08-11,True
O00176,2026-06-05,W04,9,2026-06-14,False
O00177,2026-01-08,W04,5,2026-01-13,True
O00178,2025-10-01,W03,5,2025-10-06,True
O00179,2025-09-11,W05,4,2025-09-15,True
O00180,2026-06-29,W05,4,2026-07-03,True
O00181,2025-12-05,W04,1,2025-12-06,True
O00182,2026-03-09,W03,9,2026-03-18,False
O00183,2026-03-11,W05,9,2026-03-20,False
O00184,2026-05-24,W03,4,2026-05-28,True
O00185,2026-01-06,W01,10,2026-01-16,False
O00186,2026-04-26,W05,10,2026-05-06,False
O00187,2026-08-21,W05,4,2026-08-25,True
O00188,2025-12-21,W05,7,2025-12-28,False
O00189,2026-07-13,W04,4,2026-07-17,True
O00190,2026-08-09,W04,1,2026-08-10,True
O00191,2026-01-23,W05,9,2026-02-01,False
O00192,2025-11-04,W05,2,2025-11-06,True
O00193,2026-05-05,W01,5,2026-05-10,True
O00194,2026-04-11,W01,4,2026-04-15,True
O00195,2026-07-10,W03,8,2026-07-18,False
O00196,2025-12-15,W03,6,2025-12-21,False
O00197,2026-02-28,W04,7,2026-03-07,False
O00198,2026-03-03,W02,2,2026-03-05,True
O00199,2026-04-14,W01,4,2026-04-18,True
O00200,2026-05-23,W03,4,2026-05-27,True
O00201,2026-06-05,W01,2,2026-06-07,True
O00202,2025-11-28,W01,10,2025-12-08,False
O00203,2026-02-23,W02,4,2026-02-27,True
O00204,2025-09-18,W01,9,2025-09-27,False
O00205,2025-12-15,W02,8,2025-12-23,False
O00206,2026-05-29,W02,1,2026-05-30,True
O00207,2026-07-16,W01,8,2026-07-24,False
O00208,2026-02-14,W01,9,2026-02-23,False
O00209,2025-09-13,W03,8,2025-09-21,False
O00210,2026-08-03,W01,10,2026-08-13,False
O00211,2025-10-02,W01,1,2025-10-03,True
O00212,2025-10-10,W01,8,2025-10-18,False
O00213,2026-01-26,W03,5,2026-01-31,True
O00214,2026-04-06,W02,9,2026-04-15,False
O00215,2026-04-07,W03,9,2026-04-16,False
O00216,2025-11-21,W01,6,2025-11-27,False
O00217,2026-07-30,W05,3,2026-08-02,True
O00218,2026-03-27,W01,7,2026-04-03,False
O00219,2026-03-20,W03,3,2026-03-23,True
O00220,2026-07-29,W03,7,2026-08-05,False
O00221,2025-10-08,W04,8,2025-10-16,False
O00222,2026-03-30,W05,5,2026-04-04,True
O00223,2026-07-24,W03,5,2026-07-29,True
O00224,2026-05-07,W02,4,2026-05-11,True
O00225,2026-04-15,W01,3,2026-04-18,True
O00226,2025-10-18,W02,8,2025-10-26,False
O00227,2025-09-18,W03,6,2025-09-24,False
O00228,2026-06-22,W03,6,2026-06-28,False
O00229,2026-03-15,W02,2,2026-03-17,True
O00230,2026-03-06,W02,4,2026-03-10,True
O00231,2026-08-11,W04,5,2026-08-16,True
O00232,2026-04-12,W01,10,2026-04-22,False
O00233,2026-07-15,W02,5,2026-07-20,True
O00234,2026-08-31,W01,3,2026-09-03,True
O00235,2026-08-03,W05,10,2026-08-13,False
O00236,2026-04-17,W03,5,2026-04-22,True
O00237,2025-11-16,W02,5,2025-11-21,True
O00238,2026-03-07,W05,2,2026-03-09,True
O00239,2026-08-12,W03,5,2026-08-17,True
O00240,2026-05-28,W04,3,2026-05-31,True
O00241,2025-12-04,W03,3,2025-12-07,True
O00242,2026-07-07,W02,5,2026-07-12,True
O00243,2026-01-10,W05,9,2026-01-19,False
O00244,2025-10-09,W05,2,2025-10-11,True
O00245,2025-11-11,W05,9,2025-11-20,False
O00246,2026-06-08,W03,3,2026-06-11,True
O00247,2026-07-30,W01,7,2026-08-06,False
O00248,2026-02-07,W01,1,2026-02-08,True
O00249,2026-03-06,W03,1,2026-03-07,True
O00250,2026-03-10,W02,8,2026-03-18,False
O00251,2025-12-29,W03,9,2026-01-07,False
O00252,2026-04-08,W01,3,2026-04-11,True
O00253,2025-10-23,W03,6,2025-10-29,False
O00254,2026-04-10,W05,3,2026-04-13,True
O00255,2026-01-09,W02,6,2026-01-15,False
O00256,2026-04-25,W02,7,2026-05-02,False
O00257,2026-05-04,W04,5,2026-05-09,True
O00258,2026-04-14,W03,3,2026-04-17,True
O00259,2026-03-27,W05,8,2026-04-04,False
O00260,2025-12-05,W03,5,2025-12-10,True
O00261,2026-03-19,W04,1,2026-03-20,True
O00262,2026-05-05,W04,9,2026-05-14,False
O00263,2025-11-11,W03,3,2025-11-14,True
O00264,2026-07-15,W03,2,2026-07-17,True
O00265,2026-03-04,W03,3,2026-03-07,True
O00266,2025-09-06,W01,7,2025-09-13,False
O00267,2026-03-25,W04,10,2026-04-04,False
O00268,2025-10-02,W02,8,2025-10-10,False
O00269,2025-12-08,W01,2,2025-12-10,True
O00270,2026-05-14,W05,7,2026-05-21,False
O00271,2026-03-06,W02,5,2026-03-11,True
O00272,2025-11-15,W02,9,2025-11-24,False
O00273,2026-02-24,W02,7,2026-03-03,False
O00274,2026-07-12,W04,1,2026-07-13,True
O00275,2026-06-14,W05,1,2026-06-15,True
O00276,2026-08-15,W01,6,2026-08-21,False
O00277,2026-05-13,W05,9,2026-05-22,False
O00278,2026-07-22,W01,1,2026-07-23,True
O00279,2026-03-09,W04,3,2026-03-12,True
O00280,2026-07-05,W05,5,2026-07-10,True
O00281,2026-08-11,W02,4,2026-08-15,True
O00282,2026-01-05,W05,1,2026-01-06,True
O00283,2026-06-14,W04,10,2026-06-24,False
O00284,2026-05-12,W04,4,2026-05-16,True
O00285,2026-04-01,W04,4,2026-04-05,True
O00286,2026-05-08,W01,10,2026-05-18,False
O00287,2025-11-23,W05,4,2025-11-27,True
O00288,2025-09-13,W02,3,2025-09-16,True
O00289,2025-10-15,W02,7,2025-10-22,False
O00290,2026-01-05,W03,1,2026-01-06,True
O00291,2025-12-23,W04,2,2025-12-25,True
O00292,2026-06-03,W02,1,2026-06-04,True
O00293,2026-03-24,W04,4,2026-03-28,True
O00294,2026-08-03,W02,5,2026-08-08,True
O00295,2026-05-31,W05,10,2026-06-10,False
O00296,2025-10-28,W03,5,2025-11-02,True
O00297,2026-07-25,W04,2,2026-07-27,True
O00298,2026-04-07,W01,3,2026-04-10,True
O00299,2025-12-18,W01,4,2025-12-22,True
O00300,2026-06-06,W02,10,2026-06-16,False
O00301,2026-02-21,W05,6,2026-02-27,False
O00302,2026-07-25,W04,6,2026-07-31,False
O00303,2026-05-22,W03,2,2026-05-24,True
O00304,2026-07-12,W05,2,2026-07-14,True
O00305,2025-12-20,W02,9,2025-12-29,False
O00306,2026-03-06,W05,2,2026-03-08,True
O00307,2026-05-27,W03,2,2026-05-29,True
O00308,2026-04-17,W05,3,2026-04-20,True
O00309,2026-02-03,W04,9,2026-02-12,False
O00310,2026-03-08,W02,6,2026-03-14,False
O00311,2026-05-30,W03,6,2026-06-05,False
O00312,2025-09-02,W02,10,2025-09-12,False
O00313,2026-05-04,W04,5,2026-05-09,True
O00314,2026-03-29,W03,7,2026-04-05,False
O00315,2026-06-13,W03,4,2026-06-17,True
O00316,2026-08-25,W02,10,2026-09-04,False
O00317,2025-09-13,W05,10,2025-09-23,False
O00318,2025-12-05,W05,3,2025-12-08,True
O00319,2026-04-09,W01,7,2026-04-16,False
O00320,2026-04-26,W01,10,2026-05-06,False
O00321,2025-12-03,W03,1,2025-12-04,True
O00322,2026-08-04,W02,6,2026-08-10,False
O00323,2026-05-27,W03,2,2026-05-29,True
O00324,2026-02-18,W02,2,2026-02-20,True
O00325,2025-12-03,W04,8,2025-12-11,False
O00326,2026-01-27,W01,3,2026-01-30,True
O00327,2025-12-21,W03,9,2025-12-30,False
O00328,2025-10-25,W04,4,2025-10-29,True
O00329,2026-08-03,W05,6,2026-08-09,False
O00330,2025-12-25,W01,1,2025-12-26,True
O00331,2026-01-21,W02,10,2026-01-31,False
O00332,2026-03-20,W05,10,2026-03-30,False
O00333,2026-02-27,W05,3,2026-03-02,True
O00334,2026-03-21,W04,4,2026-03-25,True
O00335,2026-08-30,W03,5,2026-09-04,True
O00336,2025-10-23,W03,1,2025-10-24,True
O00337,2026-02-27,W04,4,2026-03-03,True
O00338,2026-07-10,W05,5,2026-07-15,True
O00339,2026-07-05,W01,4,2026-07-09,True
O00340,2026-01-15,W05,10,2026-01-25,False
O00341,2026-03-01,W04,10,2026-03-11,False
O00342,2025-09-01,W05,7,2025-09-08,False
O00343,2025-10-14,W05,8,2025-10-22,False
O00344,2026-04-15,W05,8,2026-04-23,False
O00345,2026-07-28,W05,3,2026-07-31,True
O00346,2025-12-07,W01,5,2025-12-12,True
O00347,2026-03-27,W02,10,2026-04-06,False
O00348,2026-05-23,W02,8,2026-05-31,False
O00349,2026-06-15,W03,7,2026-06-22,False
O00350,2026-05-29,W02,9,2026-06-07,False
O00351,2026-01-18,W02,10,2026-01-28,False
O00352,2026-04-25,W02,7,2026-05-02,False
O00353,2025-11-11,W05,2,2025-11-13,True
O00354,2026-02-02,W05,4,2026-02-06,True
O00355,2026-03-09,W01,8,2026-03-17,False
O00356,2026-05-26,W05,9,2026-06-04,False
O00357,2026-07-18,W05,7,2026-07-25,False
O00358,2025-12-16,W02,5,2025-12-21,True
O00359,2026-04-20,W01,1,2026-04-21,True
O00360,2025-10-12,W01,9,2025-10-21,False
O00361,2026-03-09,W02,6,2026-03-15,False
O00362,2026-01-17,W02,2,2026-01-19,True
O00363,2025-12-12,W01,10,2025-12-22,False
O00364,2026-02-18,W04,10,2026-02-28,False
O00365,2026-08-17,W02,2,2026-08-19,True
O00366,2026-05-31,W02,10,2026-06-10,False
O00367,2026-04-09,W01,1,2026-04-10,True
O00368,2026-04-01,W04,4,2026-04-05,True
O00369,2026-08-07,W04,10,2026-08-17,False
O00370,2025-10-26,W03,2,2025-10-28,True
O00371,2026-08-08,W04,10,2026-08-18,False
O00372,2025-12-11,W02,9,2025-12-20,False
O00373,2026-03-11,W05,2,2026-03-13,True
O00374,2026-07-07,W01,9,2026-07-16,False
O00375,2026-03-19,W02,1,2026-03-20,True
O00376,2026-04-21,W01,7,2026-04-28,False
O00377,2026-04-15,W04,6,2026-04-21,False
O00378,2026-01-17,W01,6,2026-01-23,False
O00379,2026-08-10,W02,2,2026-08-12,True
O00380,2026-07-02,W05,1,2026-07-03,True
O00381,2026-01-27,W02,10,2026-02-06,False
O00382,2025-12-24,W03,8,2026-01-01,False
O00383,2025-11-02,W01,8,2025-11-10,False
O00384,2025-12-13,W02,2,2025-12-15,True
O00385,2026-08-05,W04,4,2026-08-09,True
O00386,2026-08-25,W04,4,2026-08-29,True
O00387,2026-02-03,W02,2,2026-02-05,True
O00388,2026-05-31,W03,9,2026-06-09,False
O00389,2025-09-06,W01,4,2025-09-10,True
O00390,2026-01-25,W03,4,2026-01-29,True
O00391,2026-03-03,W05,4,2026-03-07,True
O00392,2025-09-28,W02,5,2025-10-03,True
O00393,2025-10-08,W03,10,2025-10-18,False
O00394,2025-12-28,W05,8,2026-01-05,False
O00395,2026-06-20,W03,4,2026-06-24,True
O00396,2026-05-02,W05,3,2026-05-05,True
O00397,2025-11-07,W04,1,2025-11-08,True
O00398,2026-04-02,W04,2,2026-04-04,True
O00399,2026-04-06,W02,4,2026-04-10,True
O00400,2026-02-24,W03,9,2026-03-05,False
O00401,2026-06-26,W04,1,2026-06-27,True
O00402,2026-02-11,W01,6,2026-02-17,False
O00403,2025-10-28,W04,6,2025-11-03,False
O00404,2026-05-27,W04,10,2026-06-06,False
O00405,2026-07-05,W03,3,2026-07-08,True
O00406,2025-10-28,W05,10,2025-11-07,False
O00407,2026-06-15,W01,9,2026-06-24,False
O00408,2025-12-14,W01,10,2025-12-24,False
O00409,2026-04-16,W05,3,2026-04-19,True
O00410,2026-05-05,W03,1,2026-05-06,True
O00411,2026-03-07,W04,2,2026-03-09,True
O00412,2025-11-22,W05,4,2025-11-26,True
O00413,2026-03-05,W01,4,2026-03-09,True
O00414,2026-05-10,W01,2,2026-05-12,True
O00415,2026-08-21,W04,10,2026-08-31,False
O00416,2026-04-26,W04,6,2026-05-02,False
O00417,2026-08-26,W02,6,2026-09-01,False
O00418,2026-03-03,W05,3,2026-03-06,True
O00419,2026-06-11,W04,1,2026-06-12,True
O00420,2026-03-29,W02,10,2026-04-08,False
O00421,2026-07-01,W03,9,2026-07-10,False
O00422,2026-06-23,W01,4,2026-06-27,True
O00423,2025-12-06,W05,9,2025-12-15,False
O00424,2026-03-27,W03,5,2026-04-01,True
O00425,2026-01-15,W05,7,2026-01-22,False
O00426,2026-03-03,W05,3,2026-03-06,True
O00427,2025-11-15,W04,3,2025-11-18,True
O00428,2026-06-14,W02,8,2026-06-22,False
O00429,2026-01-20,W05,1,2026-01-21,True
O00430,2026-04-25,W03,8,2026-05-03,False
O00431,2025-09-25,W05,8,2025-10-03,False
O00432,2026-06-17,W02,3,2026-06-20,True
O00433,2025-11-06,W01,1,2025-11-07,True
O00434,2026-05-08,W05,9,2026-05-17,False
O00435,2025-12-27,W03,4,2025-12-31,True
O00436,2025-11-12,W01,7,2025-11-19,False
O00437,2026-06-09,W01,9,2026-06-18,False
O00438,2026-08-26,W04,3,2026-08-29,True
O00439,2025-09-10,W04,5,2025-09-15,True
O00440,2026-03-30,W05,10,2026-04-09,False
O00441,2026-07-20,W03,3,2026-07-23,True
O00442,2026-01-30,W04,5,2026-02-04,True
O00443,2025-09-05,W02,2,2025-09-07,True
O00444,2026-03-14,W02,4,2026-03-18,True
O00445,2026-06-10,W01,2,2026-06-12,True
O00446,2025-12-22,W01,3,2025-12-25,True
O00447,2026-05-29,W01,5,2026-06-03,True
O00448,2026-02-10,W02,9,2026-02-19,False
O00449,2025-12-14,W04,3,2025-12-17,True
O00450,2026-02-28,W04,10,2026-03-10,False
O00451,2025-10-14,W05,6,2025-10-20,False
O00452,2026-06-09,W03,4,2026-06-13,True
O00453,2026-02-22,W02,4,2026-02-26,True
O00454,2026-02-09,W01,10,2026-02-19,False
O00455,2026-08-17,W03,10,2026-08-27,False
O00456,2026-08-06,W01,5,2026-08-11,True
O00457,2026-01-18,W03,7,2026-01-25,False
O00458,2026-01-10,W03,4,2026-01-14,True
O00459,2025-11-26,W04,8,2025-12-04,False
O00460,2026-02-23,W05,9,2026-03-04,False
O00461,2026-03-02,W05,9,2026-03-11,False
O00462,2026-01-07,W01,9,2026-01-16,False
O00463,2026-05-04,W02,2,2026-05-06,True
O00464,2025-11-28,W05,3,2025-12-01,True
O00465,2025-11-05,W02,5,2025-11-10,True
O00466,2026-02-05,W01,1,2026-02-06,True
O00467,2026-01-27,W02,4,2026-01-31,True
O00468,2026-08-06,W03,5,2026-08-11,True
O00469,2025-12-25,W03,9,2026-01-03,False
O00470,2026-04-02,W01,8,2026-04-10,False
O00471,2026-06-21,W02,1,2026-06-22,True
O00472,2026-05-11,W02,3,2026-05-14,True
O00473,2026-01-21,W01,3,2026-01-24,True
O00474,2026-05-08,W05,6,2026-05-14,False
O00475,2026-06-29,W04,4,2026-07-03,True
O00476,2025-09-25,W05,4,2025-09-29,True
O00477,2026-06-04,W04,1,2026-06-05,True
O00478,2025-11-09,W02,10,2025-11-19,False
O00479,2025-12-22,W04,4,2025-12-26,True
O00480,2026-08-29,W04,1,2026-08-30,True
O00481,2025-12-21,W02,5,2025-12-26,True
O00482,2026-08-30,W03,3,2026-09-02,True
O00483,2026-06-30,W04,10,2026-07-10,False
O00484,2025-11-30,W01,5,2025-12-05,True
O00485,2025-09-18,W05,3,2025-09-21,True
O00486,2026-01-27,W02,5,2026-02-01,True
O00487,2026-04-15,W02,4,2026-04-19,True
O00488,2026-04-02,W04,9,2026-04-11,False
O00489,2026-08-26,W03,6,2026-09-01,False
O00490,2026-01-29,W03,10,2026-02-08,False
O00491,2026-03-11,W05,2,2026-03-13,True
O00492,2025-10-10,W05,1,2025-10-11,True
O00493,2026-04-30,W03,1,2026-05-01,True
O00494,2026-01-16,W03,1,2026-01-17,True
O00495,2026-08-11,W03,9,2026-08-20,False
O00496,2026-02-27,W04,5,2026-03-04,True
O00497,2026-03-19,W01,4,2026-03-23,True
O00498,2026-03-22,W05,10,2026-04-01,False
O00499,2025-10-31,W02,5,2025-11-05,True
O00500,2026-03-11,W03,9,2026-03-20,False
O00501,2025-09-05,W03,3,2025-09-08,True
O00502,2026-04-25,W01,3,2026-04-28,True
O00503,2026-02-28,W03,2,2026-03-02,True
O00504,2026-07-08,W05,8,2026-07-16,False
O00505,2025-10-07,W03,7,2025-10-14,False
O00506,2025-10-26,W01,2,2025-10-28,True
O00507,2026-04-25,W04,4,2026-04-29,True
O00508,2026-08-24,W05,7,2026-08-31,False
O00509,2026-08-15,W04,1,2026-08-16,True
O00510,2026-03-16,W02,1,2026-03-17,True
O00511,2025-11-12,W01,8,2025-11-20,False
O00512,2025-10-29,W02,6,2025-11-04,False
O00513,2026-04-28,W02,2,2026-04-30,True
O00514,2025-09-02,W02,10,2025-09-12,False
O00515,2026-08-26,W02,10,2026-09-05,False
O00516,2026-03-07,W01,1,2026-03-08,True
O00517,2026-07-04,W04,3,2026-07-07,True
O00518,2025-09-30,W03,4,2025-10-04,True
O00519,2026-05-25,W02,5,2026-05-30,True
O00520,2025-12-17,W03,10,2025-12-27,False
O00521,2026-07-29,W03,3,2026-08-01,True
O00522,2025-11-29,W02,5,2025-12-04,True
O00523,2026-03-24,W05,7,2026-03-31,False
O00524,2026-04-08,W03,9,2026-04-17,False
O00525,2025-12-03,W05,5,2025-12-08,True
O00526,2025-12-12,W04,4,2025-12-16,True
O00527,2026-04-11,W03,10,2026-04-21,False
O00528,2026-03-05,W01,9,2026-03-14,False
O00529,2026-03-03,W04,8,2026-03-11,False
O00530,2026-02-09,W04,5,2026-02-14,True
O00531,2026-05-05,W05,9,2026-05-14,False
O00532,2025-10-01,W02,9,2025-10-10,False
O00533,2025-10-22,W01,1,2025-10-23,True
O00534,2026-08-11,W01,6,2026-08-17,False
O00535,2025-11-15,W05,5,2025-11-20,True
O00536,2026-06-05,W05,6,2026-06-11,False
O00537,2025-10-10,W04,10,2025-10-20,False
O00538,2025-12-10,W05,3,2025-12-13,True
O00539,2025-12-20,W02,3,2025-12-23,True
O00540,2026-07-18,W04,10,2026-07-28,False
O00541,2026-05-07,W04,5,2026-05-12,True
O00542,2026-03-10,W04,7,2026-03-17,False
O00543,2026-03-01,W01,4,2026-03-05,True
O00544,2026-08-01,W01,6,2026-08-07,False
O00545,2026-03-28,W04,5,2026-04-02,True
O00546,2025-09-22,W02,2,2025-09-24,True
O00547,2026-02-13,W03,1,2026-02-14,True
O00548,2025-12-08,W04,6,2025-12-14,False
O00549,2026-03-27,W05,5,2026-04-01,True
O00550,2025-09-08,W03,9,2025-09-17,False
O00551,2026-03-09,W01,7,2026-03-16,False
O00552,2026-02-22,W01,1,2026-02-23,True
O00553,2026-05-31,W03,10,2026-06-10,False
O00554,2025-09-17,W05,6,2025-09-23,False
O00555,2025-11-29,W01,7,2025-12-06,False
O00556,2026-01-19,W01,3,2026-01-22,True
O00557,2026-01-23,W04,9,2026-02-01,False
O00558,2026-02-13,W02,2,2026-02-15,True
O00559,2026-08-03,W05,1,2026-08-04,True
O00560,2025-11-17,W04,10,2025-11-27,False
O00561,2026-05-20,W02,10,2026-05-30,False
O00562,2026-02-10,W01,9,2026-02-19,False
O00563,2025-09-14,W02,7,2025-09-21,False
O00564,2026-04-27,W01,10,2026-05-07,False
O00565,2025-11-11,W04,1,2025-11-12,True
O00566,2026-01-21,W01,4,2026-01-25,True
O00567,2026-07-07,W02,10,2026-07-17,False
O00568,2026-06-10,W04,3,2026-06-13,True
O00569,2026-05-27,W02,7,2026-06-03,False
O00570,2026-04-29,W02,5,2026-05-04,True
O00571,2026-05-03,W03,9,2026-05-12,False
O00572,2026-02-10,W01,3,2026-02-13,True
O00573,2025-10-30,W01,6,2025-11-05,False
O00574,2025-09-06,W02,10,2025-09-16,False
O00575,2026-03-16,W01,2,2026-03-18,True
O00576,2025-10-28,W05,3,2025-10-31,True
O00577,2026-07-02,W01,4,2026-07-06,True
O00578,2026-04-05,W04,6,2026-04-11,False
O00579,2025-09-26,W01,1,2025-09-27,True
O00580,2026-06-30,W05,6,2026-07-06,False
O00581,2025-09-05,W02,4,2025-09-09,True
O00582,2025-09-20,W01,8,2025-09-28,False
O00583,2026-03-17,W04,9,2026-03-26,False
O00584,2025-10-29,W05,8,2025-11-06,False
O00585,2026-04-30,W03,8,2026-05-08,False
O00586,2026-01-24,W02,2,2026-01-26,True
O00587,2026-05-31,W02,10,2026-06-10,False
O00588,2026-05-07,W02,2,2026-05-09,True
O00589,2025-09-14,W05,6,2025-09-20,False
O00590,2025-09-13,W01,5,2025-09-18,True
O00591,2025-10-14,W01,6,2025-10-20,False
O00592,2025-09-19,W01,9,2025-09-28,False
O00593,2025-11-02,W01,10,2025-11-12,False
O00594,2026-04-27,W02,7,2026-05-04,False
O00595,2026-08-03,W03,5,2026-08-08,True
O00596,2025-12-09,W02,10,2025-12-19,False
O00597,2026-02-10,W03,7,2026-02-17,False
O00598,2025-12-31,W03,8,2026-01-08,False
O00599,2025-10-14,W01,1,2025-10-15,True
O00600,2026-08-26,W04,10,2026-09-05,False
O00601,2026-07-14,W05,7,2026-07-21,False
O00602,2026-01-23,W04,4,2026-01-27,True
O00603,2026-07-24,W03,5,2026-07-29,True
O00604,2026-08-29,W04,2,2026-08-31,True
O00605,2025-10-20,W03,10,2025-10-30,False
O00606,2025-11-04,W02,5,2025-11-09,True
O00607,2026-08-21,W02,9,2026-08-30,False
O00608,2026-06-15,W01,1,2026-06-16,True
O00609,2026-02-11,W05,3,2026-02-14,True
O00610,2026-01-19,W02,4,2026-01-23,True
O00611,2026-07-11,W05,9,2026-07-20,False
O00612,2026-01-06,W01,2,2026-01-08,True
O00613,2026-04-27,W05,7,2026-05-04,False
O00614,2026-07-21,W02,9,2026-07-30,False
O00615,2026-06-23,W02,10,2026-07-03,False
O00616,2026-03-06,W04,4,2026-03-10,True
O00617,2026-03-27,W04,5,2026-04-01,True
O00618,2026-04-08,W04,10,2026-04-18,False
O00619,2026-03-09,W05,4,2026-03-13,True
O00620,2026-08-12,W02,7,2026-08-19,False
O00621,2026-06-11,W01,8,2026-06-19,False
O00622,2026-08-18,W03,8,2026-08-26,False
O00623,2026-04-25,W02,3,2026-04-28,True
O00624,2026-03-13,W04,2,2026-03-15,True
O00625,2026-06-14,W04,6,2026-06-20,False
O00626,2026-05-17,W05,1,2026-05-18,True
O00627,2026-05-04,W04,9,2026-05-13,False
O00628,2026-01-14,W05,7,2026-01-21,False
O00629,2026-06-07,W01,8,2026-06-15,False
O00630,2026-05-29,W04,7,2026-06-05,False
O00631,2026-02-18,W05,5,2026-02-23,True
O00632,2026-02-06,W04,5,2026-02-11,True
O00633,2026-03-20,W05,7,2026-03-27,False
O00634,2025-10-15,W02,7,2025-10-22,False
O00635,2026-05-22,W05,2,2026-05-24,True
O00636,2025-11-10,W03,2,2025-11-12,True
O00637,2026-08-30,W01,7,2026-09-06,False
O00638,2025-12-12,W02,5,2025-12-17,True
O00639,2026-01-03,W01,2,2026-01-05,True
O00640,2026-07-10,W02,1,2026-07-11,True
O00641,2026-06-13,W04,9,2026-06-22,False
O00642,2026-04-18,W05,8,2026-04-26,False
O00643,2026-01-24,W04,2,2026-01-26,True
O00644,2026-03-16,W01,2,2026-03-18,True
O00645,2026-04-09,W01,3,2026-04-12,True
O00646,2025-10-30,W02,4,2025-11-03,True
O00647,2025-12-07,W01,9,2025-12-16,False
O00648,2026-02-18,W05,6,2026-02-24,False
O00649,2026-02-20,W01,3,2026-02-23,True
O00650,2026-01-29,W04,8,2026-02-06,False
O00651,2026-08-16,W05,6,2026-08-22,False
O00652,2025-12-31,W01,8,2026-01-08,False
O00653,2025-12-17,W03,10,2025-12-27,False
O00654,2025-09-04,W03,2,2025-09-06,True
O00655,2025-12-02,W04,8,2025-12-10,False
O00656,2025-09-06,W02,5,2025-09-11,True
O00657,2026-06-15,W02,10,2026-06-25,False
O00658,2025-12-15,W01,4,2025-12-19,True
O00659,2026-01-24,W05,3,2026-01-27,True
O00660,2026-05-29,W02,9,2026-06-07,False
O00661,2025-12-05,W03,10,2025-12-15,False
O00662,2026-04-17,W02,7,2026-04-24,False
O00663,2026-03-21,W03,7,2026-03-28,False
O00664,2026-03-31,W02,6,2026-04-06,False
O00665,2025-09-06,W04,9,2025-09-15,False
O00666,2025-12-21,W05,3,2025-12-24,True
O00667,2026-07-20,W01,1,2026-07-21,True
O00668,2025-12-15,W03,7,2025-12-22,False
O00669,2026-01-17,W02,9,2026-01-26,False
O00670,2026-06-26,W01,6,2026-07-02,False
O00671,2025-12-05,W03,10,2025-12-15,False
O00672,2026-08-03,W03,2,2026-08-05,True
O00673,2026-06-24,W04,8,2026-07-02,False
O00674,2026-04-02,W02,9,2026-04-11,False
O00675,2026-06-18,W01,10,2026-06-28,False
O00676,2025-09-22,W02,8,2025-09-30,False
O00677,2026-03-12,W02,9,2026-03-21,False
O00678,2026-01-28,W05,1,2026-01-29,True
O00679,2026-05-05,W03,3,2026-05-08,True
O00680,2026-05-25,W03,3,2026-05-28,True
O00681,2026-05-09,W05,9,2026-05-18,False
O00682,2025-09-03,W05,3,2025-09-06,True
O00683,2026-07-13,W02,10,2026-07-23,False
O00684,2025-11-15,W03,1,2025-11-16,True
O00685,2025-11-26,W01,3,2025-11-29,True
O00686,2026-05-28,W04,2,2026-05-30,True
O00687,2026-04-13,W05,9,2026-04-22,False
O00688,2025-09-18,W01,1,2025-09-19,True
O00689,2025-12-22,W01,2,2025-12-24,True
O00690,2026-05-09,W02,1,2026-05-10,True
O00691,2026-04-21,W05,9,2026-04-30,False
O00692,2026-07-26,W01,7,2026-08-02,False
O00693,2026-06-06,W04,1,2026-06-07,True
O00694,2026-03-21,W01,10,2026-03-31,False
O00695,2025-11-22,W04,6,2025-11-28,False
O00696,2026-01-03,W04,5,2026-01-08,True
O00697,2026-02-22,W04,10,2026-03-04,False
O00698,2025-11-08,W05,5,2025-11-13,True
O00699,2025-10-17,W04,4,2025-10-21,True
O00700,2026-05-14,W05,3,2026-05-17,True
O00701,2026-04-03,W01,8,2026-04-11,False
O00702,2025-09-30,W04,7,2025-10-07,False
O00703,2026-06-08,W03,5,2026-06-13,True
O00704,2026-04-25,W01,9,2026-05-04,False
O00705,2026-05-06,W03,7,2026-05-13,False
O00706,2025-09-25,W03,10,2025-10-05,False
O00707,2025-11-13,W02,2,2025-11-15,True
O00708,2026-03-25,W05,7,2026-04-01,False
O00709,2026-07-11,W02,7,2026-07-18,False
O00710,2025-12-03,W05,4,2025-12-07,True
O00711,2026-01-05,W02,8,2026-01-13,False
O00712,2025-09-25,W01,4,2025-09-29,True
O00713,2026-07-31,W03,7,2026-08-07,False
O00714,2026-08-21,W01,4,2026-08-25,True
O00715,2025-12-25,W05,8,2026-01-02,False
O00716,2025-10-18,W03,3,2025-10-21,True
O00717,2026-04-14,W03,2,2026-04-16,True
O00718,2026-05-24,W05,10,2026-06-03,False
O00719,2025-12-08,W01,6,2025-12-14,False
O00720,2025-09-11,W03,7,2025-09-18,False
O00721,2025-11-24,W01,7,2025-12-01,False
O00722,2026-04-02,W01,6,2026-04-08,False
O00723,2026-02-20,W01,8,2026-02-28,False
O00724,2026-03-28,W03,6,2026-04-03,False
O00725,2025-11-03,W04,6,2025-11-09,False
O00726,2026-05-16,W02,3,2026-05-19,True
O00727,2026-07-29,W05,2,2026-07-31,True
O00728,2025-12-30,W01,7,2026-01-06,False
O00729,2026-06-25,W03,6,2026-07-01,False
O00730,2025-10-24,W05,1,2025-10-25,True
O00731,2026-07-28,W04,2,2026-07-30,True
O00732,2026-05-30,W04,2,2026-06-01,True
O00733,2026-04-29,W03,1,2026-04-30,True
O00734,2026-05-01,W01,3,2026-05-04,True
O00735,2025-09-18,W04,5,2025-09-23,True
O00736,2026-03-06,W04,4,2026-03-10,True
O00737,2026-08-12,W04,2,2026-08-14,True
O00738,2026-01-22,W03,8,2026-01-30,False
O00739,2026-05-20,W05,9,2026-05-29,False
O00740,2026-08-30,W02,8,2026-09-07,False
O00741,2026-04-27,W03,7,2026-05-04,False
O00742,2026-07-01,W01,10,2026-07-11,False
O00743,2026-06-25,W03,2,2026-06-27,True
O00744,2025-11-15,W03,6,2025-11-21,False
O00745,2026-03-07,W02,4,2026-03-11,True
O00746,2026-07-30,W02,5,2026-08-04,True
O00747,2026-05-04,W02,9,2026-05-13,False
O00748,2026-01-08,W05,9,2026-01-17,False
O00749,2026-07-12,W03,4,2026-07-16,True
O00750,2026-06-10,W01,8,2026-06-18,False
O00751,2025-11-18,W02,5,2025-11-23,True
O00752,2025-11-11,W02,9,2025-11-20,False
O00753,2026-05-21,W03,2,2026-05-23,True
O00754,2026-03-10,W01,4,2026-03-14,True
O00755,2025-11-02,W02,3,2025-11-05,True
O00756,2025-09-12,W03,7,2025-09-19,False
O00757,2026-01-19,W04,2,2026-01-21,True
O00758,2026-05-12,W05,3,2026-05-15,True
O00759,2025-10-13,W03,9,2025-10-22,False
O00760,2025-09-17,W02,8,2025-09-25,False
O00761,2025-11-02,W01,2,2025-11-04,True
O00762,2026-05-11,W04,6,2026-05-17,False
O00763,2026-06-19,W01,3,2026-06-22,True
O00764,2025-09-08,W01,6,2025-09-14,False
O00765,2026-07-22,W01,5,2026-07-27,True
O00766,2025-11-29,W03,10,2025-12-09,False
O00767,2026-03-27,W03,4,2026-03-31,True
O00768,2026-06-19,W05,7,2026-06-26,False
O00769,2026-06-11,W04,10,2026-06-21,False
O00770,2025-12-27,W01,7,2026-01-03,False
O00771,2026-08-15,W02,4,2026-08-19,True
O00772,2026-02-22,W01,3,2026-02-25,True
O00773,2025-11-15,W04,4,2025-11-19,True
O00774,2025-12-10,W01,2,2025-12-12,True
O00775,2026-01-29,W03,4,2026-02-02,True
O00776,2026-05-28,W03,4,2026-06-01,True
O00777,2025-11-10,W04,5,2025-11-15,True
O00778,2026-02-27,W05,1,2026-02-28,True
O00779,2026-01-02,W01,2,2026-01-04,True
O00780,2026-06-20,W04,8,2026-06-28,False
O00781,2026-06-12,W02,8,2026-06-20,False
O00782,2026-03-14,W02,8,2026-03-22,False
O00783,2026-04-16,W05,5,2026-04-21,True
O00784,2026-06-02,W03,8,2026-06-10,False
O00785,2025-12-15,W04,9,2025-12-24,False
O00786,2025-09-21,W01,4,2025-09-25,True
O00787,2025-11-03,W04,4,2025-11-07,True
O00788,2026-02-12,W05,7,2026-02-19,False
O00789,2025-09-27,W04,5,2025-10-02,True
O00790,2026-07-08,W05,10,2026-07-18,False
O00791,2026-06-12,W05,1,2026-06-13,True
O00792,2026-01-26,W05,8,2026-02-03,False
O00793,2026-06-08,W04,4,2026-06-12,True
O00794,2026-07-23,W02,8,2026-07-31,False
O00795,2026-07-16,W01,2,2026-07-18,True
O00796,2026-02-11,W05,4,2026-02-15,True
O00797,2026-04-12,W03,2,2026-04-14,True
O00798,2026-05-30,W05,5,2026-06-04,True
O00799,2026-01-24,W04,10,2026-02-03,False
O00800,2026-08-22,W05,10,2026-09-01,False
O00801,2025-09-30,W03,8,2025-10-08,False
O00802,2025-10-15,W02,7,2025-10-22,False
O00803,2026-06-02,W04,5,2026-06-07,True
O00804,2025-10-04,W04,7,2025-10-11,False
O00805,2026-01-19,W04,5,2026-01-24,True
O00806,2026-07-15,W03,7,2026-07-22,False
O00807,2026-04-09,W04,4,2026-04-13,True
O00808,2026-08-22,W02,4,2026-08-26,True
O00809,2025-09-22,W01,10,2025-10-02,False
O00810,2026-02-27,W01,4,2026-03-03,True
O00811,2026-07-26,W05,8,2026-08-03,False
O00812,2026-04-19,W01,1,2026-04-20,True
O00813,2025-10-08,W03,10,2025-10-18,False
O00814,2025-11-09,W01,5,2025-11-14,True
O00815,2025-12-25,W03,10,2026-01-04,False
O00816,2026-04-27,W03,2,2026-04-29,True
O00817,2026-08-01,W05,10,2026-08-11,False
O00818,2026-01-26,W01,4,2026-01-30,True
O00819,2025-09-09,W05,5,2025-09-14,True
O00820,2026-06-15,W04,8,2026-06-23,False
O00821,2025-10-20,W02,2,2025-10-22,True
O00822,2026-08-04,W01,2,2026-08-06,True
O00823,2025-09-05,W04,2,2025-09-07,True
O00824,2026-08-09,W04,8,2026-08-17,False
O00825,2026-01-04,W05,3,2026-01-07,True
O00826,2025-11-14,W05,5,2025-11-19,True
O00827,2026-02-12,W02,2,2026-02-14,True
O00828,2026-06-05,W02,6,2026-06-11,False
O00829,2026-07-21,W02,10,2026-07-31,False
O00830,2026-06-27,W02,6,2026-07-03,False
O00831,2026-06-17,W05,2,2026-06-19,True
O00832,2025-11-16,W03,4,2025-11-20,True
O00833,2026-06-25,W05,2,2026-06-27,True
O00834,2026-01-15,W03,10,2026-01-25,False
O00835,2025-12-15,W05,4,2025-12-19,True
O00836,2025-12-04,W05,7,2025-12-11,False
O00837,2026-01-13,W02,5,2026-01-18,True
O00838,2025-11-07,W03,10,2025-11-17,False
O00839,2026-01-25,W04,4,2026-01-29,True
O00840,2026-02-06,W04,10,2026-02-16,False
O00841,2026-02-10,W04,10,2026-02-20,False
O00842,2026-08-07,W02,3,2026-08-10,True
O00843,2026-03-08,W04,6,2026-03-14,False
O00844,2026-08-05,W05,2,2026-08-07,True
O00845,2025-12-04,W02,4,2025-12-08,True
O00846,2026-02-28,W04,8,2026-03-08,False
O00847,2026-06-15,W02,2,2026-06-17,True
O00848,2026-07-19,W05,9,2026-07-28,False
O00849,2026-03-06,W02,2,2026-03-08,True
O00850,2026-01-16,W04,8,2026-01-24,False
O00851,2026-01-08,W02,8,2026-01-16,False
O00852,2026-03-13,W01,7,2026-03-20,False
O00853,2026-07-13,W04,10,2026-07-23,False
O00854,2026-05-31,W05,6,2026-06-06,False
O00855,2026-08-18,W03,1,2026-08-19,True
O00856,2026-01-22,W02,2,2026-01-24,True
O00857,2025-09-16,W02,7,2025-09-23,False
O00858,2026-06-29,W04,4,2026-07-03,True
O00859,2026-05-03,W04,9,2026-05-12,False
O00860,2025-12-16,W01,3,2025-12-19,True
O00861,2025-11-27,W05,4,2025-12-01,True
O00862,2026-01-07,W02,3,2026-01-10,True
O00863,2026-08-07,W02,7,2026-08-14,False
O00864,2025-09-04,W03,2,2025-09-06,True
O00865,2026-07-24,W02,10,2026-08-03,False
O00866,2026-07-03,W02,2,2026-07-05,True
O00867,2025-12-04,W01,2,2025-12-06,True
O00868,2026-03-28,W03,4,2026-04-01,True
O00869,2026-04-13,W02,8,2026-04-21,False
O00870,2026-08-14,W02,8,2026-08-22,False
O00871,2026-07-18,W05,8,2026-07-26,False
O00872,2025-10-17,W02,8,2025-10-25,False
O00873,2026-02-28,W01,7,2026-03-07,False
O00874,2025-12-15,W02,6,2025-12-21,False
O00875,2026-03-18,W02,7,2026-03-25,False
O00876,2025-12-15,W04,5,2025-12-20,True
O00877,2026-06-07,W02,8,2026-06-15,False
O00878,2026-05-18,W03,2,2026-05-20,True
O00879,2025-12-17,W04,5,2025-12-22,True
O00880,2025-09-19,W03,7,2025-09-26,False
O00881,2026-06-23,W03,9,2026-07-02,False
O00882,2026-07-03,W01,10,2026-07-13,False
O00883,2026-02-18,W02,1,2026-02-19,True
O00884,2026-07-28,W03,9,2026-08-06,False
O00885,2026-03-14,W02,3,2026-03-17,True
O00886,2025-09-12,W02,1,2025-09-13,True
O00887,2026-03-14,W01,7,2026-03-21,False
O00888,2026-06-10,W01,3,2026-06-13,True
O00889,2026-03-01,W03,8,2026-03-09,False
O00890,2026-07-02,W03,2,2026-07-04,True
O00891,2026-01-22,W04,4,2026-01-26,True
O00892,2026-07-13,W02,2,2026-07-15,True
O00893,2026-03-01,W02,4,2026-03-05,True
O00894,2025-09-30,W01,1,2025-10-01,True
O00895,2025-11-23,W01,10,2025-12-03,False
O00896,2026-02-13,W03,5,2026-02-18,True
O00897,2026-06-11,W04,3,2026-06-14,True
O00898,2026-06-08,W04,9,2026-06-17,False
O00899,2025-12-05,W01,4,2025-12-09,True
O00900,2026-05-24,W01,6,2026-05-30,False
O00901,2026-06-25,W04,9,2026-07-04,False
O00902,2026-06-23,W04,2,2026-06-25,True
O00903,2026-04-13,W03,7,2026-04-20,False
O00904,2026-07-30,W04,3,2026-08-02,True
O00905,2026-08-27,W02,1,2026-08-28,True
O00906,2025-10-12,W04,9,2025-10-21,False
O00907,2026-06-30,W05,9,2026-07-09,False
O00908,2026-05-04,W04,4,2026-05-08,True
O00909,2026-03-27,W01,9,2026-04-05,False
O00910,2026-04-25,W01,7,2026-05-02,False
O00911,2025-09-22,W05,4,2025-09-26,True
O00912,2026-03-04,W02,2,2026-03-06,True
O00913,2026-04-30,W04,5,2026-05-05,True
O00914,2026-08-29,W04,8,2026-09-06,False
O00915,2026-06-10,W05,10,2026-06-20,False
O00916,2025-10-11,W03,10,2025-10-21,False
O00917,2026-08-02,W03,6,2026-08-08,False
O00918,2026-02-09,W02,5,2026-02-14,True
O00919,2026-02-07,W04,4,2026-02-11,True
O00920,2025-11-28,W04,6,2025-12-04,False
O00921,2026-07-19,W04,3,2026-07-22,True
O00922,2025-09-12,W01,2,2025-09-14,True
O00923,2025-11-12,W03,1,2025-11-13,True
O00924,2025-11-15,W05,9,2025-11-24,False
O00925,2026-08-12,W01,1,2026-08-13,True
O00926,2026-03-20,W01,4,2026-03-24,True
O00927,2025-09-10,W03,6,2025-09-16,False
O00928,2026-08-18,W04,9,2026-08-27,False
O00929,2026-04-14,W02,4,2026-04-18,True
O00930,2026-02-23,W05,7,2026-03-02,False
O00931,2026-06-03,W03,7,2026-06-10,False
O00932,2025-10-09,W02,6,2025-10-15,False
O00933,2025-10-30,W03,9,2025-11-08,False
O00934,2025-11-05,W03,10,2025-11-15,False
O00935,2026-07-18,W03,7,2026-07-25,False
O00936,2026-01-02,W03,3,2026-01-05,True
O00937,2026-02-11,W04,6,2026-02-17,False
O00938,2026-02-06,W01,7,2026-02-13,False
O00939,2025-10-27,W03,7,2025-11-03,False
O00940,2025-11-17,W02,6,2025-11-23,False
O00941,2026-03-13,W02,3,2026-03-16,True
O00942,2026-06-12,W02,6,2026-06-18,False
O00943,2025-09-15,W01,2,2025-09-17,True
O00944,2025-09-12,W01,10,2025-09-22,False
O00945,2025-12-10,W02,1,2025-12-11,True
O00946,2026-02-03,W04,8,2026-02-11,False
O00947,2026-08-06,W01,3,2026-08-09,True
O00948,2026-01-03,W01,8,2026-01-11,False
O00949,2026-08-25,W04,3,2026-08-28,True
O00950,2026-06-07,W03,2,2026-06-09,True
O00951,2025-12-19,W01,8,2025-12-27,False
O00952,2026-07-31,W02,3,2026-08-03,True
O00953,2026-08-23,W02,8,2026-08-31,False
O00954,2026-01-24,W04,2,2026-01-26,True
O00955,2026-04-04,W02,4,2026-04-08,True
O00956,2026-02-09,W05,9,2026-02-18,False
O00957,2026-01-06,W02,1,2026-01-07,True
O00958,2026-07-11,W04,2,2026-07-13,True
O00959,2026-07-29,W04,2,2026-07-31,True
O00960,2026-01-28,W04,9,2026-02-06,False
O00961,2025-10-06,W05,10,2025-10-16,False
O00962,2026-02-20,W01,5,2026-02-25,True
O00963,2025-09-22,W03,4,2025-09-26,True
O00964,2026-03-25,W02,10,2026-04-04,False
O00965,2026-01-05,W01,10,2026-01-15,False
O00966,2026-08-02,W04,4,2026-08-06,True
O00967,2026-08-22,W01,7,2026-08-29,False
O00968,2026-04-05,W01,3,2026-04-08,True
O00969,2025-12-05,W05,9,2025-12-14,False
O00970,2026-02-11,W04,5,2026-02-16,True
O00971,2026-01-26,W04,9,2026-02-04,False
O00972,2025-09-18,W02,1,2025-09-19,True
O00973,2026-06-21,W02,10,2026-07-01,False
O00974,2026-03-14,W02,8,2026-03-22,False
O00975,2026-01-29,W02,2,2026-01-31,True
O00976,2026-08-31,W01,8,2026-09-08,False
O00977,2026-01-01,W01,4,2026-01-05,True
O00978,2026-03-06,W02,2,2026-03-08,True
O00979,2026-01-27,W02,2,2026-01-29,True
O00980,2025-12-13,W02,6,2025-12-19,False
O00981,2026-05-01,W03,3,2026-05-04,True
O00982,2026-04-19,W02,10,2026-04-29,False
O00983,2026-03-25,W03,3,2026-03-28,True
O00984,2026-03-17,W02,9,2026-03-26,False
O00985,2026-08-03,W04,5,2026-08-08,True
O00986,2025-11-26,W05,7,2025-12-03,False
O00987,2026-01-20,W01,5,2026-01-25,True
O00988,2026-07-14,W04,2,2026-07-16,True
O00989,2026-03-18,W05,8,2026-03-26,False
O00990,2025-10-16,W03,9,2025-10-25,False
O00991,2026-06-15,W01,2,2026-06-17,True
O00992,2025-09-15,W03,2,2025-09-17,True
O00993,2025-10-14,W03,4,2025-10-18,True
O00994,2026-02-16,W01,8,2026-02-24,False
O00995,2026-07-07,W05,5,2026-07-12,True
O00996,2025-10-14,W01,5,2025-10-19,True
O00997,2025-12-07,W02,7,2025-12-14,False
O00998,2026-05-19,W03,4,2026-05-23,True
O00999,2025-12-18,W02,9,2025-12-27,False
O01000,2026-06-10,W01,4,2026-06-14,True
O01001,2026-08-09,W01,8,2026-08-17,False
O01002,2025-12-13,W05,3,2025-12-16,True
O01003,2026-05-14,W03,6,2026-05-20,False
O01004,2026-03-25,W04,1,2026-03-26,True
O01005,2026-08-01,W01,7,2026-08-08,False
O01006,2025-10-13,W04,7,2025-10-20,False
O01007,2026-08-19,W03,2,2026-08-21,True
O01008,2026-05-03,W02,5,2026-05-08,True
O01009,2026-06-14,W03,4,2026-06-18,True
O01010,2026-08-21,W05,10,2026-08-31,False
O01011,2026-05-31,W04,9,2026-06-09,False
O01012,2025-11-22,W04,2,2025-11-24,True
O01013,2025-12-19,W02,3,2025-12-22,True
O01014,2026-03-09,W02,1,2026-03-10,True
O01015,2026-06-15,W01,10,2026-06-25,False
O01016,2026-05-09,W03,5,2026-05-14,True
O01017,2026-03-31,W05,3,2026-04-03,True
O01018,2026-06-18,W01,4,2026-06-22,True
O01019,2026-01-11,W03,4,2026-01-15,True
O01020,2026-03-20,W02,6,2026-03-26,False
O01021,2026-06-12,W05,10,2026-06-22,False
O01022,2026-07-23,W02,7,2026-07-30,False
O01023,2025-12-04,W02,7,2025-12-11,False
O01024,2026-06-05,W04,8,2026-06-13,False
O01025,2026-07-22,W03,3,2026-07-25,True
O01026,2026-04-07,W01,5,2026-04-12,True
O01027,2025-11-28,W04,10,2025-12-08,False
O01028,2025-11-11,W03,6,2025-11-17,False
O01029,2026-05-05,W03,6,2026-05-11,False
O01030,2026-01-07,W03,8,2026-01-15,False
O01031,2026-03-31,W05,5,2026-04-05,True
O01032,2026-08-09,W04,5,2026-08-14,True
O01033,2025-12-05,W01,1,2025-12-06,True
O01034,2025-11-14,W04,1,2025-11-15,True
O01035,2025-10-24,W02,6,2025-10-30,False
O01036,2026-08-10,W03,10,2026-08-20,False
O01037,2025-10-24,W02,10,2025-11-03,False
O01038,2026-04-06,W04,5,2026-04-11,True
O01039,2025-09-16,W01,10,2025-09-26,False
O01040,2025-12-08,W02,6,2025-12-14,False
O01041,2025-09-20,W02,9,2025-09-29,False
O01042,2025-10-16,W05,8,2025-10-24,False
O01043,2026-03-12,W04,7,2026-03-19,False
O01044,2025-10-28,W02,7,2025-11-04,False
O01045,2025-12-20,W04,6,2025-12-26,False
O01046,2026-01-07,W01,6,2026-01-13,False
O01047,2026-08-03,W02,1,2026-08-04,True
O01048,2026-03-13,W01,7,2026-03-20,False
O01049,2026-08-06,W02,5,2026-08-11,True
O01050,2026-07-23,W03,7,2026-07-30,False
O01051,2025-09-08,W05,6,2025-09-14,False
O01052,2025-09-29,W05,8,2025-10-07,False
O01053,2025-12-21,W05,3,2025-12-24,True
O01054,2026-02-08,W01,8,2026-02-16,False
O01055,2026-01-09,W04,7,2026-01-16,False
O01056,2026-03-07,W05,1,2026-03-08,True
O01057,2026-02-10,W02,3,2026-02-13,True
O01058,2026-03-16,W02,10,2026-03-26,False
O01059,2026-08-30,W03,4,2026-09-03,True
O01060,2026-03-23,W01,9,2026-04-01,False
O01061,2026-03-31,W02,6,2026-04-06,False
O01062,2025-12-18,W02,7,2025-12-25,False
O01063,2026-06-03,W03,5,2026-06-08,True
O01064,2025-11-12,W03,3,2025-11-15,True
O01065,2026-02-14,W04,5,2026-02-19,True
O01066,2026-05-18,W04,7,2026-05-25,False
O01067,2026-05-01,W04,9,2026-05-10,False
O01068,2026-06-02,W02,9,2026-06-11,False
O01069,2025-12-11,W03,8,2025-12-19,False
O01070,2026-02-20,W01,5,2026-02-25,True
O01071,2026-02-18,W04,7,2026-02-25,False
O01072,2026-01-19,W05,4,2026-01-23,True
O01073,2026-03-07,W02,10,2026-03-17,False
O01074,2025-11-25,W01,5,2025-11-30,True
O01075,2025-10-22,W02,4,2025-10-26,True
O01076,2025-12-20,W04,3,2025-12-23,True
O01077,2026-08-31,W02,1,2026-09-01,True
O01078,2026-08-08,W04,5,2026-08-13,True
O01079,2025-10-13,W02,2,2025-10-15,True
O01080,2026-03-30,W04,6,2026-04-05,False
O01081,2026-03-19,W03,5,2026-03-24,True
O01082,2026-06-25,W03,2,2026-06-27,True
O01083,2026-08-12,W03,8,2026-08-20,False
O01084,2026-04-28,W03,5,2026-05-03,True
O01085,2025-12-24,W03,2,2025-12-26,True
O01086,2025-09-26,W05,1,2025-09-27,True
O01087,2026-06-26,W02,2,2026-06-28,True
O01088,2025-11-16,W03,1,2025-11-17,True
O01089,2026-01-15,W05,10,2026-01-25,False
O01090,2025-09-20,W05,10,2025-09-30,False
O01091,2026-03-30,W02,3,2026-04-02,True
O01092,2026-04-28,W02,3,2026-05-01,True
O01093,2025-10-09,W04,10,2025-10-19,False
O01094,2026-05-26,W04,1,2026-05-27,True
O01095,2026-03-26,W03,7,2026-04-02,False
O01096,2026-05-25,W01,10,2026-06-04,False
O01097,2026-02-01,W04,7,2026-02-08,False
O01098,2025-10-12,W01,9,2025-10-21,False
O01099,2025-09-11,W04,5,2025-09-16,True
O01100,2026-06-21,W05,4,2026-06-25,True
O01101,2025-12-07,W05,5,2025-12-12,True
O01102,2026-06-02,W05,8,2026-06-10,False
O01103,2026-04-18,W01,8,2026-04-26,False
O01104,2026-04-08,W03,4,2026-04-12,True
O01105,2025-11-04,W04,8,2025-11-12,False
O01106,2026-08-21,W04,4,2026-08-25,True
O01107,2026-04-20,W01,4,2026-04-24,True
O01108,2026-07-25,W05,8,2026-08-02,False
O01109,2025-10-22,W03,2,2025-10-24,True
O01110,2026-05-21,W04,4,2026-05-25,True
O01111,2026-05-25,W03,1,2026-05-26,True
O01112,2026-08-25,W03,1,2026-08-26,True
O01113,2026-07-14,W02,8,2026-07-22,False
O01114,2026-07-21,W03,4,2026-07-25,True
O01115,2026-02-01,W02,6,2026-02-07,False
O01116,2026-08-24,W01,5,2026-08-29,True
O01117,2026-01-18,W05,10,2026-01-28,False
O01118,2025-10-21,W02,6,2025-10-27,False
O01119,2025-12-26,W03,4,2025-12-30,True
O01120,2025-10-16,W05,4,2025-10-20,True
O01121,2026-07-06,W03,7,2026-07-13,False
O01122,2025-11-27,W03,1,2025-11-28,True
O01123,2026-03-27,W02,9,2026-04-05,False
O01124,2026-05-27,W01,10,2026-06-06,False
O01125,2025-11-28,W03,3,2025-12-01,True
O01126,2025-12-27,W02,4,2025-12-31,True
O01127,2025-10-24,W03,9,2025-11-02,False
O01128,2025-12-25,W05,5,2025-12-30,True
O01129,2025-12-27,W01,4,2025-12-31,True
O01130,2026-05-18,W03,6,2026-05-24,False
O01131,2025-11-14,W01,1,2025-11-15,True
O01132,2026-07-02,W01,10,2026-07-12,False
O01133,2025-09-07,W05,1,2025-09-08,True
O01134,2025-12-31,W05,5,2026-01-05,True
O01135,2025-09-11,W04,5,2025-09-16,True
O01136,2026-08-14,W01,9,2026-08-23,False
O01137,2026-04-03,W03,1,2026-04-04,True
O01138,2026-06-06,W05,3,2026-06-09,True
O01139,2025-09-28,W03,3,2025-10-01,True
O01140,2026-04-23,W01,4,2026-04-27,True
O01141,2026-07-10,W05,7,2026-07-17,False
O01142,2025-09-26,W04,7,2025-10-03,False
O01143,2025-10-24,W01,10,2025-11-03,False
O01144,2025-09-29,W03,5,2025-10-04,True
O01145,2026-08-19,W04,9,2026-08-28,False
O01146,2026-02-11,W01,7,2026-02-18,False
O01147,2026-05-28,W05,2,2026-05-30,True
O01148,2026-07-31,W01,3,2026-08-03,True
O01149,2025-10-05,W02,7,2025-10-12,False
O01150,2026-06-13,W03,5,2026-06-18,True
O01151,2026-08-14,W05,7,2026-08-21,False
O01152,2026-05-31,W05,9,2026-06-09,False
O01153,2026-03-27,W02,9,2026-04-05,False
O01154,2026-04-26,W04,3,2026-04-29,True
O01155,2025-12-02,W05,8,2025-12-10,False
O01156,2026-02-20,W04,6,2026-02-26,False
O01157,2025-11-18,W04,4,2025-11-22,True
O01158,2025-12-19,W04,4,2025-12-23,True
O01159,2026-04-05,W01,4,2026-04-09,True
O01160,2026-08-24,W02,7,2026-08-31,False
O01161,2025-12-15,W03,6,2025-12-21,False
O01162,2025-10-17,W02,2,2025-10-19,True
O01163,2026-02-28,W05,5,2026-03-05,True
O01164,2025-11-03,W02,5,2025-11-08,True
O01165,2026-05-04,W03,6,2026-05-10,False
O01166,2026-05-02,W01,7,2026-05-09,False
O01167,2026-07-17,W05,8,2026-07-25,False
O01168,2025-11-26,W01,10,2025-12-06,False
O01169,2026-04-05,W05,8,2026-04-13,False
O01170,2025-09-07,W03,5,2025-09-12,True
O01171,2026-06-05,W01,2,2026-06-07,True
O01172,2026-08-03,W03,10,2026-08-13,False
O01173,2026-03-29,W03,8,2026-04-06,False
O01174,2026-02-16,W02,6,2026-02-22,False
O01175,2026-07-27,W05,3,2026-07-30,True
O01176,2026-01-16,W04,4,2026-01-20,True
O01177,2026-07-03,W04,1,2026-07-04,True
O01178,2026-04-18,W01,3,2026-04-21,True
O01179,2026-07-05,W03,4,2026-07-09,True
O01180,2026-02-08,W02,2,2026-02-10,True
O01181,2025-09-01,W05,6,2025-09-07,False
O01182,2026-04-24,W01,8,2026-05-02,False
O01183,2026-03-07,W03,6,2026-03-13,False
O01184,2025-09-04,W04,10,2025-09-14,False
O01185,2026-01-10,W04,3,2026-01-13,True
O01186,2026-04-06,W05,9,2026-04-15,False
O01187,2026-05-18,W05,4,2026-05-22,True
O01188,2025-09-01,W05,6,2025-09-07,False
O01189,2025-11-10,W01,4,2025-11-14,True
O01190,2026-02-25,W05,4,2026-03-01,True
O01191,2026-03-08,W01,2,2026-03-10,True
O01192,2026-06-18,W02,10,2026-06-28,False
O01193,2025-09-08,W03,2,2025-09-10,True
O01194,2026-05-11,W04,2,2026-05-13,True
O01195,2026-06-19,W01,2,2026-06-21,True
O01196,2026-05-02,W03,8,2026-05-10,False
O01197,2026-01-01,W05,10,2026-01-11,False
O01198,2026-06-26,W04,4,2026-06-30,True
O01199,2026-06-10,W01,4,2026-06-14,True
O01200,2025-10-02,W05,10,2025-10-12,False
O01201,2026-07-31,W03,10,2026-08-10,False
O01202,2026-01-24,W02,3,2026-01-27,True
O01203,2026-02-03,W03,5,2026-02-08,True
O01204,2025-09-16,W01,4,2025-09-20,True
O01205,2026-08-21,W02,7,2026-08-28,False
O01206,2025-10-17,W02,10,2025-10-27,False
O01207,2026-05-09,W05,7,2026-05-16,False
O01208,2026-03-06,W03,6,2026-03-12,False
O01209,2025-10-01,W01,7,2025-10-08,False
O01210,2026-05-18,W02,7,2026-05-25,False
O01211,2025-09-17,W05,8,2025-09-25,False
O01212,2025-10-09,W02,1,2025-10-10,True
O01213,2026-07-01,W03,3,2026-07-04,True
O01214,2025-10-09,W04,3,2025-10-12,True
O01215,2026-01-10,W01,5,2026-01-15,True
O01216,2025-09-30,W04,10,2025-10-10,False
O01217,2026-02-05,W03,7,2026-02-12,False
O01218,2026-06-05,W04,10,2026-06-15,False
O01219,2026-03-22,W03,6,2026-03-28,False
O01220,2025-11-05,W03,4,2025-11-09,True
O01221,2025-12-17,W05,6,2025-12-23,False
O01222,2026-05-26,W04,7,2026-06-02,False
O01223,2026-04-10,W02,4,2026-04-14,True
O01224,2026-06-19,W03,8,2026-06-27,False
O01225,2025-09-18,W04,5,2025-09-23,True
O01226,2025-11-29,W02,3,2025-12-02,True
O01227,2026-02-28,W01,2,2026-03-02,True
O01228,2026-05-13,W02,1,2026-05-14,True
O01229,2026-05-11,W04,4,2026-05-15,True
O01230,2026-05-15,W04,2,2026-05-17,True
O01231,2026-08-12,W02,3,2026-08-15,True
O01232,2025-11-26,W02,1,2025-11-27,True
O01233,2025-11-29,W03,6,2025-12-05,False
O01234,2026-04-25,W04,4,2026-04-29,True
O01235,2025-11-09,W03,5,2025-11-14,True
O01236,2025-10-14,W03,8,2025-10-22,False
O01237,2026-03-19,W01,4,2026-03-23,True
O01238,2026-01-30,W04,6,2026-02-05,False
O01239,2025-11-25,W03,3,2025-11-28,True
O01240,2025-09-19,W01,8,2025-09-27,False
O01241,2025-12-10,W03,3,2025-12-13,True
O01242,2025-12-04,W03,7,2025-12-11,False
O01243,2026-05-12,W04,7,2026-05-19,False
O01244,2026-08-23,W02,3,2026-08-26,True
O01245,2025-09-30,W02,3,2025-10-03,True
O01246,2026-05-07,W04,10,2026-05-17,False
O01247,2025-10-03,W02,10,2025-10-13,False
O01248,2026-04-17,W05,8,2026-04-25,False
O01249,2025-09-12,W02,3,2025-09-15,True
O01250,2025-12-27,W03,2,2025-12-29,True
O01251,2026-08-16,W03,5,2026-08-21,True
O01252,2026-02-02,W01,7,2026-02-09,False
O01253,2026-05-04,W04,8,2026-05-12,False
O01254,2026-07-29,W01,1,2026-07-30,True
O01255,2026-05-05,W03,2,2026-05-07,True
O01256,2025-09-29,W03,7,2025-10-06,False
O01257,2026-02-08,W01,9,2026-02-17,False
O01258,2026-04-23,W05,3,2026-04-26,True
O01259,2026-03-09,W02,8,2026-03-17,False
O01260,2025-12-26,W05,10,2026-01-05,False
O01261,2026-05-29,W05,3,2026-06-01,True
O01262,2026-05-16,W05,4,2026-05-20,True
O01263,2026-02-27,W05,2,2026-03-01,True
O01264,2026-02-19,W02,9,2026-02-28,False
O01265,2026-06-01,W04,5,2026-06-06,True
O01266,2026-05-17,W01,5,2026-05-22,True
O01267,2026-01-13,W05,4,2026-01-17,True
O01268,2026-02-18,W05,5,2026-02-23,True
O01269,2026-03-29,W01,1,2026-03-30,True
O01270,2026-04-24,W01,10,2026-05-04,False
O01271,2026-03-05,W04,10,2026-03-15,False
O01272,2026-08-30,W03,6,2026-09-05,False
O01273,2025-12-04,W04,4,2025-12-08,True
O01274,2025-09-11,W03,4,2025-09-15,True
O01275,2025-11-07,W02,5,2025-11-12,True
O01276,2026-03-29,W04,1,2026-03-30,True
O01277,2026-03-15,W02,4,2026-03-19,True
O01278,2025-12-07,W01,10,2025-12-17,False
O01279,2025-12-02,W04,3,2025-12-05,True
O01280,2025-09-22,W01,5,2025-09-27,True
O01281,2026-02-19,W05,10,2026-03-01,False
O01282,2026-01-12,W01,5,2026-01-17,True
O01283,2025-09-25,W05,8,2025-10-03,False
O01284,2026-03-04,W03,1,2026-03-05,True
O01285,2025-11-24,W05,3,2025-11-27,True
O01286,2025-10-25,W03,5,2025-10-30,True
O01287,2026-05-09,W05,3,2026-05-12,True
O01288,2026-01-22,W05,6,2026-01-28,False
O01289,2026-08-17,W02,10,2026-08-27,False
O01290,2026-02-14,W02,3,2026-02-17,True
O01291,2026-04-12,W01,6,2026-04-18,False
O01292,2026-04-08,W02,8,2026-04-16,False
O01293,2026-02-26,W03,4,2026-03-02,True
O01294,2025-12-28,W02,8,2026-01-05,False
O01295,2026-05-23,W01,7,2026-05-30,False
O01296,2026-01-28,W04,4,2026-02-01,True
O01297,2026-04-03,W03,3,2026-04-06,True
O01298,2026-03-16,W04,5,2026-03-21,True
O01299,2025-10-12,W03,5,2025-10-17,True
O01300,2025-10-23,W01,7,2025-10-30,False
O01301,2026-07-27,W02,1,2026-07-28,True
O01302,2026-05-09,W04,9,2026-05-18,False
O01303,2026-06-22,W04,2,2026-06-24,True
O01304,2026-05-29,W02,9,2026-06-07,False
O01305,2026-01-01,W01,9,2026-01-10,False
O01306,2026-08-05,W02,3,2026-08-08,True
O01307,2026-05-24,W05,7,2026-05-31,False
O01308,2026-08-14,W05,3,2026-08-17,True
O01309,2025-09-29,W05,8,2025-10-07,False
O01310,2025-10-05,W04,8,2025-10-13,False
O01311,2025-09-06,W04,3,2025-09-09,True
O01312,2025-12-20,W01,5,2025-12-25,True
O01313,2026-06-21,W03,7,2026-06-28,False
O01314,2025-11-16,W02,1,2025-11-17,True
O01315,2026-08-15,W03,3,2026-08-18,True
O01316,2026-01-25,W04,1,2026-01-26,True
O01317,2025-11-06,W02,2,2025-11-08,True
O01318,2025-09-08,W04,7,2025-09-15,False
O01319,2025-12-31,W01,7,2026-01-07,False
O01320,2026-08-06,W02,3,2026-08-09,True
O01321,2026-02-22,W04,6,2026-02-28,False
O01322,2026-02-26,W05,6,2026-03-04,False
O01323,2025-11-24,W05,2,2025-11-26,True
O01324,2025-10-15,W04,9,2025-10-24,False
O01325,2026-01-14,W03,8,2026-01-22,False
O01326,2026-08-09,W01,2,2026-08-11,True
O01327,2025-09-16,W01,4,2025-09-20,True
O01328,2026-07-30,W04,9,2026-08-08,False
O01329,2026-03-14,W01,4,2026-03-18,True
O01330,2025-09-09,W02,7,2025-09-16,False
O01331,2026-07-13,W01,5,2026-07-18,True
O01332,2026-07-31,W05,10,2026-08-10,False
O01333,2026-07-30,W04,6,2026-08-05,False
O01334,2026-07-24,W02,1,2026-07-25,True
O01335,2025-09-15,W01,4,2025-09-19,True
O01336,2026-07-24,W05,5,2026-07-29,True
O01337,2025-12-11,W03,6,2025-12-17,False
O01338,2026-04-14,W01,6,2026-04-20,False
O01339,2026-06-05,W05,5,2026-06-10,True
O01340,2025-12-22,W05,3,2025-12-25,True
O01341,2025-09-01,W05,2,2025-09-03,True
O01342,2026-05-24,W05,7,2026-05-31,False
O01343,2026-03-27,W03,1,2026-03-28,True
O01344,2025-12-19,W04,5,2025-12-24,True
O01345,2026-03-19,W05,4,2026-03-23,True
O01346,2026-07-03,W04,7,2026-07-10,False
O01347,2025-09-12,W03,2,2025-09-14,True
O01348,2026-08-11,W03,8,2026-08-19,False
O01349,2026-03-07,W02,9,2026-03-16,False
O01350,2026-02-01,W02,10,2026-02-11,False
O01351,2026-07-31,W05,1,2026-08-01,True
O01352,2026-06-06,W04,5,2026-06-11,True
O01353,2026-02-18,W03,4,2026-02-22,True
O01354,2026-01-12,W01,5,2026-01-17,True
O01355,2025-09-25,W02,9,2025-10-04,False
O01356,2025-09-18,W02,3,2025-09-21,True
O01357,2026-03-09,W01,1,2026-03-10,True
O01358,2026-01-19,W04,3,2026-01-22,True
O01359,2025-10-13,W04,4,2025-10-17,True
O01360,2026-07-31,W04,2,2026-08-02,True
O01361,2026-06-11,W05,1,2026-06-12,True
O01362,2026-01-24,W05,1,2026-01-25,True
O01363,2026-07-12,W01,8,2026-07-20,False
O01364,2026-07-16,W03,4,2026-07-20,True
O01365,2025-12-01,W01,2,2025-12-03,True
O01366,2026-02-26,W03,10,2026-03-08,False
O01367,2025-10-26,W01,3,2025-10-29,True
O01368,2026-02-02,W05,8,2026-02-10,False
O01369,2026-02-07,W04,6,2026-02-13,False
O01370,2025-12-20,W02,8,2025-12-28,False
O01371,2026-01-15,W01,10,2026-01-25,False
O01372,2026-04-20,W01,5,2026-04-25,True
O01373,2026-04-08,W02,3,2026-04-11,True
O01374,2025-11-07,W01,6,2025-11-13,False
O01375,2026-06-29,W04,10,2026-07-09,False
O01376,2026-05-07,W02,8,2026-05-15,False
O01377,2026-07-20,W02,5,2026-07-25,True
O01378,2025-09-06,W04,5,2025-09-11,True
O01379,2026-06-07,W04,3,2026-06-10,True
O01380,2025-12-03,W02,3,2025-12-06,True
O01381,2026-05-27,W04,8,2026-06-04,False
O01382,2026-03-16,W04,1,2026-03-17,True
O01383,2025-09-25,W04,4,2025-09-29,True
O01384,2026-01-26,W02,9,2026-02-04,False
O01385,2025-12-27,W01,6,2026-01-02,False
O01386,2026-08-04,W03,6,2026-08-10,False
O01387,2026-08-04,W02,10,2026-08-14,False
O01388,2025-11-05,W03,7,2025-11-12,False
O01389,2026-06-28,W04,7,2026-07-05,False
O01390,2026-02-22,W04,6,2026-02-28,False
O01391,2026-07-16,W01,9,2026-07-25,False
O01392,2025-11-15,W04,8,2025-11-23,False
O01393,2025-12-23,W03,8,2025-12-31,False
O01394,2025-12-20,W02,2,2025-12-22,True
O01395,2026-05-07,W02,7,2026-05-14,False
O01396,2026-03-22,W01,1,2026-03-23,True
O01397,2026-01-25,W03,10,2026-02-04,False
O01398,2025-10-05,W04,8,2025-10-13,False
O01399,2026-07-06,W05,3,2026-07-09,True
O01400,2025-09-26,W01,9,2025-10-05,False
O01401,2026-04-26,W01,5,2026-05-01,True
O01402,2025-09-14,W05,7,2025-09-21,False
O01403,2025-10-15,W02,7,2025-10-22,False
O01404,2026-04-04,W02,9,2026-04-13,False
O01405,2026-04-21,W02,2,2026-04-23,True
O01406,2026-03-12,W05,4,2026-03-16,True
O01407,2025-10-21,W04,8,2025-10-29,False
O01408,2026-04-02,W04,5,2026-04-07,True
O01409,2026-01-29,W03,5,2026-02-03,True
O01410,2026-06-02,W03,3,2026-06-05,True
O01411,2026-08-04,W02,5,2026-08-09,True
O01412,2025-11-15,W05,7,2025-11-22,False
O01413,2026-04-08,W01,4,2026-04-12,True
O01414,2026-08-14,W04,8,2026-08-22,False
O01415,2026-03-06,W05,6,2026-03-12,False
O01416,2026-06-16,W03,6,2026-06-22,False
O01417,2025-09-28,W04,6,2025-10-04,False
O01418,2026-02-27,W04,4,2026-03-03,True
O01419,2026-05-11,W05,3,2026-05-14,True
O01420,2026-01-04,W03,10,2026-01-14,False
O01421,2026-02-24,W05,6,2026-03-02,False
O01422,2025-10-07,W01,6,2025-10-13,False
O01423,2025-12-08,W04,2,2025-12-10,True
O01424,2025-12-07,W05,10,2025-12-17,False
O01425,2026-01-05,W05,9,2026-01-14,False
O01426,2026-02-15,W01,4,2026-02-19,True
O01427,2025-11-19,W05,4,2025-11-23,True
O01428,2026-06-21,W04,10,2026-07-01,False
O01429,2026-07-30,W02,8,2026-08-07,False
O01430,2026-01-04,W02,3,2026-01-07,True
O01431,2026-08-09,W03,10,2026-08-19,False
O01432,2026-07-07,W01,7,2026-07-14,False
O01433,2026-01-28,W03,7,2026-02-04,False
O01434,2025-09-16,W02,2,2025-09-18,True
O01435,2025-09-28,W01,3,2025-10-01,True
O01436,2026-02-20,W05,4,2026-02-24,True
O01437,2025-10-16,W05,2,2025-10-18,True
O01438,2026-07-25,W04,9,2026-08-03,False
O01439,2026-04-24,W02,10,2026-05-04,False
O01440,2026-04-02,W05,6,2026-04-08,False
O01441,2025-11-24,W01,1,2025-11-25,True
O01442,2026-06-09,W05,1,2026-06-10,True
O01443,2026-04-20,W03,8,2026-04-28,False
O01444,2025-11-24,W03,6,2025-11-30,False
O01445,2025-11-04,W03,10,2025-11-14,False
O01446,2026-01-12,W03,7,2026-01-19,False
O01447,2026-01-29,W03,6,2026-02-04,False
O01448,2025-12-24,W04,2,2025-12-26,True
O01449,2025-11-03,W03,3,2025-11-06,True
O01450,2026-08-09,W04,8,2026-08-17,False
O01451,2026-08-29,W04,4,2026-09-02,True
O01452,2026-08-18,W05,8,2026-08-26,False
O01453,2026-02-05,W01,3,2026-02-08,True
O01454,2025-11-16,W03,2,2025-11-18,True
O01455,2026-01-24,W01,7,2026-01-31,False
O01456,2026-08-09,W02,1,2026-08-10,True
O01457,2026-04-13,W04,3,2026-04-16,True
O01458,2026-07-10,W02,2,2026-07-12,True
O01459,2025-12-12,W04,5,2025-12-17,True
O01460,2026-08-13,W03,2,2026-08-15,True
O01461,2026-06-28,W02,10,2026-07-08,False
O01462,2025-11-27,W05,5,2025-12-02,True
O01463,2026-06-30,W02,3,2026-07-03,True
O01464,2026-02-15,W04,9,2026-02-24,False
O01465,2026-02-17,W04,10,2026-02-27,False
O01466,2026-01-13,W01,9,2026-01-22,False
O01467,2025-10-20,W02,8,2025-10-28,False
O01468,2026-08-06,W05,5,2026-08-11,True
O01469,2026-08-13,W03,10,2026-08-23,False
O01470,2026-01-12,W01,7,2026-01-19,False
O01471,2026-08-13,W02,2,2026-08-15,True
O01472,2026-01-15,W01,3,2026-01-18,True
O01473,2026-05-03,W02,2,2026-05-05,True
O01474,2025-12-18,W03,10,2025-12-28,False
O01475,2026-07-10,W03,1,2026-07-11,True
O01476,2026-06-14,W05,3,2026-06-17,True
O01477,2025-09-21,W01,4,2025-09-25,True
O01478,2025-11-29,W05,9,2025-12-08,False
O01479,2026-06-23,W02,2,2026-06-25,True
O01480,2025-12-21,W03,9,2025-12-30,False
O01481,2026-06-28,W03,1,2026-06-29,True
O01482,2025-11-16,W04,9,2025-11-25,False
O01483,2026-02-24,W04,6,2026-03-02,False
O01484,2026-08-09,W05,8,2026-08-17,False
O01485,2026-01-26,W01,3,2026-01-29,True
O01486,2025-12-10,W02,8,2025-12-18,False
O01487,2026-05-04,W05,9,2026-05-13,False
O01488,2025-12-26,W03,7,2026-01-02,False
O01489,2025-12-01,W03,4,2025-12-05,True
O01490,2025-09-28,W03,6,2025-10-04,False
O01491,2025-09-25,W02,6,2025-10-01,False
O01492,2025-10-28,W05,2,2025-10-30,True
O01493,2026-06-24,W02,2,2026-06-26,True
O01494,2026-01-12,W03,5,2026-01-17,True
O01495,2026-07-28,W04,1,2026-07-29,True
O01496,2026-05-07,W05,5,2026-05-12,True
O01497,2025-10-08,W04,10,2025-10-18,False
O01498,2025-11-14,W05,3,2025-11-17,True
O01499,2026-01-20,W03,3,2026-01-23,True
O01500,2026-07-19,W04,8,2026-07-27,False
O01501,2026-02-15,W04,3,2026-02-18,True
O01502,2026-05-17,W05,3,2026-05-20,True
O01503,2026-08-21,W04,1,2026-08-22,True
O01504,2026-04-13,W04,8,2026-04-21,False
O01505,2026-01-30,W03,10,2026-02-09,False
O01506,2025-09-19,W05,10,2025-09-29,False
O01507,2026-01-24,W05,6,2026-01-30,False
O01508,2026-04-29,W01,8,2026-05-07,False
O01509,2026-08-10,W05,3,2026-08-13,True
O01510,2026-04-25,W03,6,2026-05-01,False
O01511,2025-10-05,W04,2,2025-10-07,True
O01512,2026-03-09,W01,3,2026-03-12,True
O01513,2025-09-01,W04,4,2025-09-05,True
O01514,2026-01-31,W05,9,2026-02-09,False
O01515,2026-01-04,W02,4,2026-01-08,True
O01516,2026-08-11,W04,7,2026-08-18,False
O01517,2026-04-14,W05,8,2026-04-22,False
O01518,2026-04-09,W03,5,2026-04-14,True
O01519,2026-03-30,W05,2,2026-04-01,True
O01520,2025-09-25,W01,8,2025-10-03,False
O01521,2025-09-16,W02,5,2025-09-21,True
O01522,2026-03-01,W02,5,2026-03-06,True
O01523,2026-07-26,W02,7,2026-08-02,False
O01524,2026-01-07,W03,6,2026-01-13,False
O01525,2025-10-12,W02,3,2025-10-15,True
O01526,2026-08-02,W04,7,2026-08-09,False
O01527,2026-04-24,W03,1,2026-04-25,True
O01528,2026-08-26,W05,4,2026-08-30,True
O01529,2025-10-04,W01,4,2025-10-08,True
O01530,2026-08-11,W03,6,2026-08-17,False
O01531,2025-10-15,W01,6,2025-10-21,False
O01532,2026-01-12,W03,10,2026-01-22,False
O01533,2025-09-21,W05,8,2025-09-29,False
O01534,2025-12-31,W01,1,2026-01-01,True
O01535,2025-11-09,W03,7,2025-11-16,False
O01536,2026-08-18,W01,4,2026-08-22,True
O01537,2026-08-27,W02,6,2026-09-02,False
O01538,2025-10-18,W02,10,2025-10-28,False
O01539,2025-10-09,W02,9,2025-10-18,False
O01540,2026-06-14,W04,3,2026-06-17,True
O01541,2025-09-10,W02,8,2025-09-18,False
O01542,2025-09-30,W02,3,2025-10-03,True
O01543,2026-05-02,W05,6,2026-05-08,False
O01544,2026-06-01,W01,2,2026-06-03,True
O01545,2025-11-27,W01,9,2025-12-06,False
O01546,2026-05-02,W02,2,2026-05-04,True
O01547,2026-07-26,W01,5,2026-07-31,True
O01548,2025-09-15,W03,6,2025-09-21,False
O01549,2025-09-04,W02,4,2025-09-08,True
O01550,2026-03-10,W02,7,2026-03-17,False
O01551,2026-02-15,W04,7,2026-02-22,False
O01552,2025-09-09,W03,7,2025-09-16,False
O01553,2025-12-18,W02,7,2025-12-25,False
O01554,2026-01-15,W02,10,2026-01-25,False
O01555,2026-02-01,W01,10,2026-02-11,False
O01556,2026-03-28,W02,9,2026-04-06,False
O01557,2026-05-30,W02,2,2026-06-01,True
O01558,2026-01-21,W02,5,2026-01-26,True
O01559,2025-12-08,W02,10,2025-12-18,False
O01560,2026-07-05,W04,9,2026-07-14,False
O01561,2025-11-08,W03,2,2025-11-10,True
O01562,2026-05-05,W04,3,2026-05-08,True
O01563,2026-05-19,W01,7,2026-05-26,False
O01564,2026-06-03,W05,9,2026-06-12,False
O01565,2025-11-18,W02,3,2025-11-21,True
O01566,2026-01-24,W01,10,2026-02-03,False
O01567,2025-12-20,W05,8,2025-12-28,False
O01568,2026-05-16,W02,8,2026-05-24,False
O01569,2025-12-02,W02,4,2025-12-06,True
O01570,2025-09-13,W05,6,2025-09-19,False
O01571,2026-05-18,W04,8,2026-05-26,False
O01572,2025-12-18,W05,9,2025-12-27,False
O01573,2026-07-27,W05,2,2026-07-29,True
O01574,2026-03-08,W03,1,2026-03-09,True
O01575,2025-12-04,W02,5,2025-12-09,True
O01576,2025-12-14,W02,10,2025-12-24,False
O01577,2025-09-08,W04,3,2025-09-11,True
O01578,2025-11-06,W04,6,2025-11-12,False
O01579,2026-03-10,W03,1,2026-03-11,True
O01580,2026-05-14,W03,4,2026-05-18,True
O01581,2025-09-09,W03,6,2025-09-15,False
O01582,2025-12-26,W04,2,2025-12-28,True
O01583,2026-05-25,W05,8,2026-06-02,False
O01584,2025-12-08,W02,4,2025-12-12,True
O01585,2026-06-25,W02,2,2026-06-27,True
O01586,2026-02-11,W01,1,2026-02-12,True
O01587,2026-01-19,W04,8,2026-01-27,False
O01588,2026-05-26,W04,10,2026-06-05,False
O01589,2025-10-07,W03,1,2025-10-08,True
O01590,2025-11-13,W01,7,2025-11-20,False
O01591,2025-11-12,W01,7,2025-11-19,False
O01592,2026-07-05,W04,6,2026-07-11,False
O01593,2026-03-18,W03,8,2026-03-26,False
O01594,2026-01-08,W02,10,2026-01-18,False
O01595,2026-05-04,W03,1,2026-05-05,True
O01596,2026-07-09,W02,1,2026-07-10,True
O01597,2025-10-30,W04,1,2025-10-31,True
O01598,2026-06-06,W03,6,2026-06-12,False
O01599,2025-12-12,W01,7,2025-12-19,False
O01600,2026-06-23,W05,10,2026-07-03,False
O01601,2026-07-17,W01,9,2026-07-26,False
O01602,2026-08-07,W02,10,2026-08-17,False
O01603,2026-01-29,W04,5,2026-02-03,True
O01604,2026-02-04,W03,1,2026-02-05,True
O01605,2026-03-25,W04,9,2026-04-03,False
O01606,2026-02-26,W04,5,2026-03-03,True
O01607,2026-03-16,W02,6,2026-03-22,False
O01608,2026-04-11,W04,9,2026-04-20,False
O01609,2025-11-28,W03,2,2025-11-30,True
O01610,2026-06-14,W01,3,2026-06-17,True
O01611,2026-06-03,W04,7,2026-06-10,False
O01612,2026-04-24,W03,3,2026-04-27,True
O01613,2026-03-02,W03,2,2026-03-04,True
O01614,2026-03-28,W02,7,2026-04-04,False
O01615,2026-01-08,W04,8,2026-01-16,False
O01616,2026-01-31,W02,9,2026-02-09,False
O01617,2025-09-13,W01,2,2025-09-15,True
O01618,2025-12-31,W01,2,2026-01-02,True
O01619,2026-08-25,W03,7,2026-09-01,False
O01620,2026-04-08,W04,4,2026-04-12,True
O01621,2025-12-15,W03,5,2025-12-20,True
O01622,2025-11-09,W04,1,2025-11-10,True
O01623,2026-03-14,W02,6,2026-03-20,False
O01624,2026-03-05,W01,10,2026-03-15,False
O01625,2025-12-08,W01,8,2025-12-16,False
O01626,2025-11-21,W02,1,2025-11-22,True
O01627,2025-11-14,W05,2,2025-11-16,True
O01628,2026-08-06,W05,7,2026-08-13,False
O01629,2026-03-11,W05,2,2026-03-13,True
O01630,2026-07-22,W04,9,2026-07-31,False
O01631,2026-04-02,W02,6,2026-04-08,False
O01632,2026-07-12,W04,5,2026-07-17,True
O01633,2026-07-15,W04,7,2026-07-22,False
O01634,2026-01-22,W02,10,2026-02-01,False
O01635,2026-04-04,W04,8,2026-04-12,False
O01636,2026-08-27,W02,9,2026-09-05,False
O01637,2026-07-21,W05,6,2026-07-27,False
O01638,2025-09-15,W05,5,2025-09-20,True
O01639,2026-04-05,W04,7,2026-04-12,False
O01640,2025-10-05,W01,2,2025-10-07,True
O01641,2026-03-02,W02,8,2026-03-10,False
O01642,2026-05-28,W03,4,2026-06-01,True
O01643,2026-08-24,W03,1,2026-08-25,True
O01644,2025-12-09,W04,3,2025-12-12,True
O01645,2025-09-07,W01,9,2025-09-16,False
O01646,2025-09-30,W02,4,2025-10-04,True
O01647,2026-07-02,W05,10,2026-07-12,False
O01648,2026-01-22,W04,10,2026-02-01,False
O01649,2025-12-20,W02,3,2025-12-23,True
O01650,2026-04-20,W02,4,2026-04-24,True
O01651,2026-02-26,W02,3,2026-03-01,True
O01652,2025-11-11,W01,3,2025-11-14,True
O01653,2026-03-29,W02,2,2026-03-31,True
O01654,2026-04-08,W01,6,2026-04-14,False
O01655,2025-11-19,W01,10,2025-11-29,False
O01656,2025-11-22,W02,6,2025-11-28,False
O01657,2025-10-12,W05,10,2025-10-22,False
O01658,2026-05-31,W02,4,2026-06-04,True
O01659,2026-03-10,W05,8,2026-03-18,False
O01660,2026-02-20,W04,6,2026-02-26,False
O01661,2025-09-07,W03,8,2025-09-15,False
O01662,2026-02-02,W04,6,2026-02-08,False
O01663,2025-09-10,W01,9,2025-09-19,False
O01664,2025-10-04,W04,3,2025-10-07,True
O01665,2025-10-06,W03,3,2025-10-09,True
O01666,2025-09-06,W03,2,2025-09-08,True
O01667,2026-04-03,W05,10,2026-04-13,False
O01668,2026-01-12,W04,6,2026-01-18,False
O01669,2026-06-12,W01,7,2026-06-19,False
O01670,2026-01-04,W01,7,2026-01-11,False
O01671,2026-08-03,W05,5,2026-08-08,True
O01672,2026-02-21,W05,6,2026-02-27,False
O01673,2026-01-30,W04,7,2026-02-06,False
O01674,2026-07-28,W05,2,2026-07-30,True
O01675,2025-09-26,W03,10,2025-10-06,False
O01676,2025-12-24,W01,7,2025-12-31,False
O01677,2026-06-11,W03,1,2026-06-12,True
O01678,2025-11-14,W02,6,2025-11-20,False
O01679,2026-02-13,W03,8,2026-02-21,False
O01680,2026-03-08,W01,1,2026-03-09,True
O01681,2025-11-17,W02,1,2025-11-18,True
O01682,2025-11-29,W04,6,2025-12-05,False
O01683,2026-02-23,W02,5,2026-02-28,True
O01684,2025-09-21,W05,3,2025-09-24,True
O01685,2025-10-24,W01,10,2025-11-03,False
O01686,2026-03-03,W05,10,2026-03-13,False
O01687,2026-08-25,W03,7,2026-09-01,False
O01688,2026-04-10,W04,7,2026-04-17,False
O01689,2026-07-12,W01,7,2026-07-19,False
O01690,2026-07-25,W04,6,2026-07-31,False
O01691,2026-02-26,W01,4,2026-03-02,True
O01692,2026-06-03,W05,9,2026-06-12,False
O01693,2025-12-21,W03,9,2025-12-30,False
O01694,2026-04-12,W02,7,2026-04-19,False
O01695,2026-04-02,W04,7,2026-04-09,False
O01696,2025-10-29,W01,8,2025-11-06,False
O01697,2026-07-24,W01,5,2026-07-29,True
O01698,2025-12-18,W04,9,2025-12-27,False
O01699,2026-02-04,W02,6,2026-02-10,False
O01700,2026-03-10,W03,7,2026-03-17,False
O01701,2026-03-19,W01,7,2026-03-26,False
O01702,2026-07-09,W01,9,2026-07-18,False
O01703,2026-03-15,W04,7,2026-03-22,False
O01704,2025-10-05,W04,3,2025-10-08,True
O01705,2026-05-04,W01,6,2026-05-10,False
O01706,2026-04-25,W01,6,2026-05-01,False
O01707,2025-12-13,W01,7,2025-12-20,False
O01708,2025-09-07,W05,6,2025-09-13,False
O01709,2026-06-10,W01,4,2026-06-14,True
O01710,2025-09-01,W03,6,2025-09-07,False
O01711,2026-04-07,W03,3,2026-04-10,True
O01712,2026-04-18,W02,1,2026-04-19,True
O01713,2026-02-19,W04,1,2026-02-20,True
O01714,2025-11-26,W02,5,2025-12-01,True
O01715,2025-10-11,W01,8,2025-10-19,False
O01716,2026-01-01,W04,3,2026-01-04,True
O01717,2026-07-28,W01,2,2026-07-30,True
O01718,2026-06-25,W04,8,2026-07-03,False
O01719,2026-02-25,W05,9,2026-03-06,False
O01720,2025-11-02,W05,9,2025-11-11,False
O01721,2026-02-12,W05,2,2026-02-14,True
O01722,2026-03-06,W02,8,2026-03-14,False
O01723,2026-03-28,W04,2,2026-03-30,True
O01724,2026-04-15,W02,7,2026-04-22,False
O01725,2025-10-18,W04,8,2025-10-26,False
O01726,2026-04-12,W01,1,2026-04-13,True
O01727,2025-09-03,W05,8,2025-09-11,False
O01728,2026-02-22,W05,3,2026-02-25,True
O01729,2025-12-08,W04,1,2025-12-09,True
O01730,2025-12-25,W02,7,2026-01-01,False
O01731,2026-05-28,W02,10,2026-06-07,False
O01732,2026-05-11,W03,3,2026-05-14,True
O01733,2026-07-14,W05,8,2026-07-22,False
O01734,2025-12-04,W05,9,2025-12-13,False
O01735,2026-05-31,W02,2,2026-06-02,True
O01736,2025-09-24,W05,1,2025-09-25,True
O01737,2025-12-25,W02,8,2026-01-02,False
O01738,2026-01-29,W03,10,2026-02-08,False
O01739,2026-08-04,W04,6,2026-08-10,False
O01740,2025-10-20,W04,10,2025-10-30,False
O01741,2026-03-25,W03,1,2026-03-26,True
O01742,2026-08-01,W05,3,2026-08-04,True
O01743,2025-11-18,W01,9,2025-11-27,False
O01744,2025-11-09,W05,9,2025-11-18,False
O01745,2025-09-27,W02,6,2025-10-03,False
O01746,2026-05-29,W01,3,2026-06-01,True
O01747,2025-10-20,W03,8,2025-10-28,False
O01748,2026-06-19,W04,6,2026-06-25,False
O01749,2026-05-05,W04,1,2026-05-06,True
O01750,2026-05-22,W05,6,2026-05-28,False
O01751,2025-11-18,W04,5,2025-11-23,True
O01752,2026-03-09,W05,8,2026-03-17,False
O01753,2025-10-17,W02,2,2025-10-19,True
O01754,2026-08-27,W02,7,2026-09-03,False
O01755,2026-08-20,W03,6,2026-08-26,False
O01756,2026-08-18,W02,1,2026-08-19,True
O01757,2026-03-08,W05,8,2026-03-16,False
O01758,2026-05-14,W04,6,2026-05-20,False
O01759,2026-04-10,W02,3,2026-04-13,True
O01760,2026-04-29,W02,5,2026-05-04,True
O01761,2026-05-27,W05,7,2026-06-03,False
O01762,2025-09-01,W02,9,2025-09-10,False
O01763,2025-10-04,W04,4,2025-10-08,True
O01764,2025-11-18,W04,2,2025-11-20,True
O01765,2026-04-24,W04,3,2026-04-27,True
O01766,2026-07-31,W04,7,2026-08-07,False
O01767,2026-08-15,W01,8,2026-08-23,False
O01768,2025-12-07,W04,5,2025-12-12,True
O01769,2025-11-21,W01,3,2025-11-24,True
O01770,2026-03-11,W04,1,2026-03-12,True
O01771,2026-05-11,W04,10,2026-05-21,False
O01772,2025-10-08,W05,1,2025-10-09,True
O01773,2025-09-14,W04,2,2025-09-16,True
O01774,2026-08-13,W02,5,2026-08-18,True
O01775,2026-07-07,W04,3,2026-07-10,True
O01776,2026-03-28,W03,7,2026-04-04,False
O01777,2026-08-23,W05,2,2026-08-25,True
O01778,2025-11-28,W05,2,2025-11-30,True
O01779,2025-10-26,W04,3,2025-10-29,True
O01780,2025-12-03,W03,1,2025-12-04,True
O01781,2025-12-02,W04,2,2025-12-04,True
O01782,2026-08-06,W02,5,2026-08-11,True
O01783,2025-11-24,W05,3,2025-11-27,True
O01784,2026-05-03,W05,10,2026-05-13,False
O01785,2025-09-22,W03,6,2025-09-28,False
O01786,2026-06-18,W01,2,2026-06-20,True
O01787,2026-05-30,W03,8,2026-06-07,False
O01788,2026-07-03,W02,4,2026-07-07,True
O01789,2025-12-31,W03,3,2026-01-03,True
O01790,2026-01-06,W01,5,2026-01-11,True
O01791,2025-12-22,W02,8,2025-12-30,False
O01792,2026-05-31,W02,9,2026-06-09,False
O01793,2026-08-02,W01,1,2026-08-03,True
O01794,2026-01-08,W04,4,2026-01-12,True
O01795,2026-01-10,W03,6,2026-01-16,False
O01796,2025-11-24,W02,6,2025-11-30,False
O01797,2026-08-16,W03,9,2026-08-25,False
O01798,2025-11-20,W01,1,2025-11-21,True
O01799,2026-07-22,W05,5,2026-07-27,True
O01800,2025-11-08,W01,10,2025-11-18,False
O01801,2026-01-26,W03,1,2026-01-27,True
O01802,2025-09-16,W02,6,2025-09-22,False
O01803,2026-07-04,W03,9,2026-07-13,False
O01804,2025-12-14,W05,4,2025-12-18,True
O01805,2026-02-12,W02,10,2026-02-22,False
O01806,2026-03-20,W05,10,2026-03-30,False
O01807,2026-03-16,W04,9,2026-03-25,False
O01808,2026-03-04,W01,3,2026-03-07,True
O01809,2026-07-19,W04,7,2026-07-26,False
O01810,2026-05-23,W03,5,2026-05-28,True
O01811,2026-08-29,W04,10,2026-09-08,False
O01812,2025-12-09,W01,1,2025-12-10,True
O01813,2026-08-08,W02,7,2026-08-15,False
O01814,2026-07-17,W05,8,2026-07-25,False
O01815,2026-04-02,W02,6,2026-04-08,False
O01816,2026-06-05,W04,1,2026-06-06,True
O01817,2026-02-09,W03,9,2026-02-18,False
O01818,2026-02-04,W04,7,2026-02-11,False
O01819,2026-05-09,W01,6,2026-05-15,False
O01820,2025-12-06,W01,4,2025-12-10,True
O01821,2025-09-18,W03,3,2025-09-21,True
O01822,2026-07-24,W02,4,2026-07-28,True
O01823,2025-12-06,W01,1,2025-12-07,True
O01824,2025-09-01,W01,9,2025-09-10,False
O01825,2026-04-04,W03,2,2026-04-06,True
O01826,2026-01-10,W02,2,2026-01-12,True
O01827,2026-05-18,W04,3,2026-05-21,True
O01828,2026-01-03,W05,1,2026-01-04,True
O01829,2025-11-21,W03,10,2025-12-01,False
O01830,2026-06-10,W02,3,2026-06-13,True
O01831,2026-02-18,W05,4,2026-02-22,True
O01832,2025-10-29,W03,9,2025-11-07,False
O01833,2025-10-02,W04,5,2025-10-07,True
O01834,2026-02-08,W04,6,2026-02-14,False
O01835,2026-06-11,W02,1,2026-06-12,True
O01836,2025-12-15,W02,3,2025-12-18,True
O01837,2025-12-14,W04,7,2025-12-21,False
O01838,2026-04-16,W04,7,2026-04-23,False
O01839,2026-03-07,W03,10,2026-03-17,False
O01840,2025-11-09,W02,1,2025-11-10,True
O01841,2026-07-15,W05,9,2026-07-24,False
O01842,2026-06-17,W04,1,2026-06-18,True
O01843,2025-11-26,W05,7,2025-12-03,False
O01844,2026-08-28,W02,2,2026-08-30,True
O01845,2025-10-26,W02,9,2025-11-04,False
O01846,2025-12-22,W01,9,2025-12-31,False
O01847,2025-09-13,W04,9,2025-09-22,False
O01848,2025-09-18,W02,4,2025-09-22,True
O01849,2026-03-01,W02,6,2026-03-07,False
O01850,2025-12-22,W04,2,2025-12-24,True
O01851,2026-04-17,W01,3,2026-04-20,True
O01852,2026-02-18,W01,6,2026-02-24,False
O01853,2026-06-22,W01,1,2026-06-23,True
O01854,2026-03-08,W01,7,2026-03-15,False
O01855,2025-11-18,W03,2,2025-11-20,True
O01856,2026-01-24,W04,8,2026-02-01,False
O01857,2026-03-01,W04,5,2026-03-06,True
O01858,2026-06-13,W04,7,2026-06-20,False
O01859,2026-05-08,W01,8,2026-05-16,False
O01860,2026-08-20,W01,3,2026-08-23,True
O01861,2026-07-11,W02,6,2026-07-17,False
O01862,2026-03-15,W03,9,2026-03-24,False
O01863,2026-07-20,W04,4,2026-07-24,True
O01864,2025-11-10,W03,10,2025-11-20,False
O01865,2026-05-06,W04,7,2026-05-13,False
O01866,2026-01-24,W01,1,2026-01-25,True
O01867,2025-12-15,W01,7,2025-12-22,False
O01868,2026-05-21,W04,9,2026-05-30,False
O01869,2026-06-23,W05,10,2026-07-03,False
O01870,2025-11-09,W01,8,2025-11-17,False
O01871,2026-03-12,W02,4,2026-03-16,True
O01872,2025-11-07,W01,3,2025-11-10,True
O01873,2026-07-02,W02,7,2026-07-09,False
O01874,2025-10-22,W03,1,2025-10-23,True
O01875,2026-08-29,W01,8,2026-09-06,False
O01876,2026-06-12,W01,1,2026-06-13,True
O01877,2026-07-31,W03,7,2026-08-07,False
O01878,2025-09-09,W02,6,2025-09-15,False
O01879,2026-05-09,W05,10,2026-05-19,False
O01880,2026-07-29,W02,8,2026-08-06,False
O01881,2026-06-25,W04,6,2026-07-01,False
O01882,2026-03-03,W04,5,2026-03-08,True
O01883,2026-02-26,W04,9,2026-03-07,False
O01884,2026-03-17,W03,4,2026-03-21,True
O01885,2026-01-06,W02,7,2026-01-13,False
O01886,2025-09-20,W01,6,2025-09-26,False
O01887,2026-07-25,W04,10,2026-08-04,False
O01888,2025-11-04,W02,6,2025-11-10,False
O01889,2026-03-01,W01,5,2026-03-06,True
O01890,2026-04-29,W02,2,2026-05-01,True
O01891,2025-09-24,W03,4,2025-09-28,True
O01892,2025-11-22,W04,1,2025-11-23,True
O01893,2026-07-16,W05,9,2026-07-25,False
O01894,2026-03-04,W04,9,2026-03-13,False
O01895,2026-07-13,W04,8,2026-07-21,False
O01896,2025-12-08,W03,4,2025-12-12,True
O01897,2025-11-01,W01,5,2025-11-06,True
O01898,2026-06-13,W04,1,2026-06-14,True
O01899,2025-09-22,W01,4,2025-09-26,True
O01900,2026-03-31,W01,4,2026-04-04,True
O01901,2026-01-04,W03,5,2026-01-09,True
O01902,2025-10-12,W04,2,2025-10-14,True
O01903,2025-12-07,W03,2,2025-12-09,True
O01904,2025-10-01,W03,2,2025-10-03,True
O01905,2026-02-05,W05,8,2026-02-13,False
O01906,2025-12-21,W03,2,2025-12-23,True
O01907,2026-05-05,W05,6,2026-05-11,False
O01908,2025-12-31,W01,2,2026-01-02,True
O01909,2026-05-31,W01,8,2026-06-08,False
O01910,2026-06-21,W02,1,2026-06-22,True
O01911,2026-03-26,W02,2,2026-03-28,True
O01912,2025-12-19,W01,5,2025-12-24,True
O01913,2026-06-05,W04,6,2026-06-11,False
O01914,2025-10-26,W02,9,2025-11-04,False
O01915,2025-10-27,W03,6,2025-11-02,False
O01916,2026-06-18,W02,8,2026-06-26,False
O01917,2025-12-23,W01,7,2025-12-30,False
O01918,2026-07-05,W04,1,2026-07-06,True
O01919,2026-08-07,W01,2,2026-08-09,True
O01920,2026-03-17,W04,4,2026-03-21,True
O01921,2026-07-18,W02,1,2026-07-19,True
O01922,2026-02-26,W03,8,2026-03-06,False
O01923,2026-04-07,W03,4,2026-04-11,True
O01924,2026-06-04,W01,7,2026-06-11,False
O01925,2025-09-16,W04,7,2025-09-23,False
O01926,2025-10-31,W02,8,2025-11-08,False
O01927,2025-10-24,W04,9,2025-11-02,False
O01928,2026-02-15,W04,9,2026-02-24,False
O01929,2025-09-26,W04,7,2025-10-03,False
O01930,2026-08-02,W02,9,2026-08-11,False
O01931,2025-11-04,W04,5,2025-11-09,True
O01932,2025-12-09,W03,10,2025-12-19,False
O01933,2025-11-13,W01,4,2025-11-17,True
O01934,2026-03-11,W05,3,2026-03-14,True
O01935,2026-02-18,W04,6,2026-02-24,False
O01936,2026-05-31,W03,10,2026-06-10,False
O01937,2026-03-06,W03,9,2026-03-15,False
O01938,2025-09-23,W01,4,2025-09-27,True
O01939,2026-02-28,W01,2,2026-03-02,True
O01940,2026-07-24,W05,3,2026-07-27,True
O01941,2025-12-17,W05,3,2025-12-20,True
O01942,2026-08-01,W05,2,2026-08-03,True
O01943,2026-02-09,W02,9,2026-02-18,False
O01944,2026-06-29,W02,4,2026-07-03,True
O01945,2026-03-25,W03,3,2026-03-28,True
O01946,2025-11-17,W01,10,2025-11-27,False
O01947,2025-09-16,W04,6,2025-09-22,False
O01948,2026-07-24,W01,8,2026-08-01,False
O01949,2025-12-05,W02,8,2025-12-13,False
O01950,2026-01-25,W03,10,2026-02-04,False
O01951,2025-09-02,W04,6,2025-09-08,False
O01952,2025-09-10,W05,5,2025-09-15,True
O01953,2026-01-03,W05,7,2026-01-10,False
O01954,2025-11-20,W02,3,2025-11-23,True
O01955,2026-01-18,W03,10,2026-01-28,False
O01956,2026-07-23,W01,2,2026-07-25,True
O01957,2026-01-28,W02,8,2026-02-05,False
O01958,2026-06-15,W01,9,2026-06-24,False
O01959,2026-08-27,W04,6,2026-09-02,False
O01960,2026-08-06,W01,4,2026-08-10,True
O01961,2026-01-07,W04,6,2026-01-13,False
O01962,2026-04-27,W03,7,2026-05-04,False
O01963,2025-10-28,W02,8,2025-11-05,False
O01964,2026-03-17,W01,3,2026-03-20,True
O01965,2026-03-30,W03,6,2026-04-05,False
O01966,2025-10-15,W03,10,2025-10-25,False
O01967,2025-12-06,W01,6,2025-12-12,False
O01968,2026-06-06,W05,10,2026-06-16,False
O01969,2025-09-23,W05,7,2025-09-30,False
O01970,2026-08-01,W04,4,2026-08-05,True
O01971,2025-10-14,W03,6,2025-10-20,False
O01972,2025-09-27,W02,2,2025-09-29,True
O01973,2026-06-09,W02,8,2026-06-17,False
O01974,2025-12-06,W03,3,2025-12-09,True
O01975,2025-10-06,W05,9,2025-10-15,False
O01976,2025-12-18,W03,8,2025-12-26,False
O01977,2025-10-25,W04,6,2025-10-31,False
O01978,2026-03-11,W03,10,2026-03-21,False
O01979,2026-04-07,W01,2,2026-04-09,True
O01980,2026-03-04,W05,8,2026-03-12,False
O01981,2025-11-08,W01,6,2025-11-14,False
O01982,2026-07-14,W01,1,2026-07-15,True
O01983,2026-01-08,W03,6,2026-01-14,False
O01984,2025-10-25,W03,5,2025-10-30,True
O01985,2025-12-06,W02,6,2025-12-12,False
O01986,2026-08-02,W01,1,2026-08-03,True
O01987,2025-11-26,W03,4,2025-11-30,True
O01988,2026-06-21,W02,7,2026-06-28,False
O01989,2025-12-28,W01,5,2026-01-02,True
O01990,2026-03-27,W02,6,2026-04-02,False
O01991,2026-07-31,W05,2,2026-08-02,True
O01992,2026-02-01,W04,8,2026-02-09,False
O01993,2025-10-05,W01,10,2025-10-15,False
O01994,2025-11-18,W03,4,2025-11-22,True
O01995,2025-11-06,W05,6,2025-11-12,False
O01996,2026-08-09,W02,3,2026-08-12,True
O01997,2025-10-04,W04,9,2025-10-13,False
O01998,2025-12-06,W01,8,2025-12-14,False
O01999,2026-02-16,W04,6,2026-02-22,False
O02000,2026-02-16,W05,9,2026-02-25,False
O02001,2026-01-29,W04,10,2026-02-08,False
O02002,2025-11-10,W01,9,2025-11-19,False
O02003,2025-09-03,W05,2,2025-09-05,True
O02004,2026-07-11,W02,9,2026-07-20,False
O02005,2025-10-02,W01,8,2025-10-10,False
O02006,2026-06-14,W04,2,2026-06-16,True
O02007,2025-11-21,W01,9,2025-11-30,False
O02008,2025-10-13,W05,5,2025-10-18,True
O02009,2025-12-14,W04,9,2025-12-23,False
O02010,2025-09-01,W02,3,2025-09-04,True
O02011,2025-10-31,W03,4,2025-11-04,True
O02012,2026-05-28,W02,1,2026-05-29,True
O02013,2026-02-27,W01,5,2026-03-04,True
O02014,2026-04-12,W03,7,2026-04-19,False
O02015,2025-09-06,W05,7,2025-09-13,False
O02016,2025-12-12,W04,6,2025-12-18,False
O02017,2025-09-10,W04,6,2025-09-16,False
O02018,2025-11-10,W05,8,2025-11-18,False
O02019,2025-11-29,W01,10,2025-12-09,False
O02020,2026-04-14,W02,9,2026-04-23,False
O02021,2026-02-05,W03,4,2026-02-09,True
O02022,2026-04-16,W05,4,2026-04-20,True
O02023,2026-01-04,W01,8,2026-01-12,False
O02024,2026-03-28,W01,5,2026-04-02,True
O02025,2025-12-06,W03,10,2025-12-16,False
O02026,2025-11-13,W05,9,2025-11-22,False
O02027,2025-12-24,W02,6,2025-12-30,False
O02028,2026-03-10,W02,9,2026-03-19,False
O02029,2026-02-17,W05,4,2026-02-21,True
O02030,2026-07-04,W04,1,2026-07-05,True
O02031,2026-03-23,W02,4,2026-03-27,True
O02032,2025-10-26,W04,9,2025-11-04,False
O02033,2026-03-27,W05,7,2026-04-03,False
O02034,2025-10-11,W01,6,2025-10-17,False
O02035,2025-10-02,W05,2,2025-10-04,True
O02036,2025-09-15,W01,4,2025-09-19,True
O02037,2025-11-01,W05,1,2025-11-02,True
O02038,2026-02-02,W04,3,2026-02-05,True
O02039,2026-06-11,W04,2,2026-06-13,True
O02040,2026-03-28,W05,4,2026-04-01,True
O02041,2026-07-17,W01,4,2026-07-21,True
O02042,2026-03-06,W05,9,2026-03-15,False
O02043,2026-01-08,W01,7,2026-01-15,False
O02044,2026-01-05,W04,3,2026-01-08,True
O02045,2026-06-19,W03,7,2026-06-26,False
O02046,2025-12-23,W02,8,2025-12-31,False
O02047,2026-03-18,W04,7,2026-03-25,False
O02048,2025-09-13,W05,8,2025-09-21,False
O02049,2026-05-29,W05,9,2026-06-07,False
O02050,2025-11-28,W01,1,2025-11-29,True
O02051,2026-04-03,W02,10,2026-04-13,False
O02052,2026-06-05,W04,6,2026-06-11,False
O02053,2026-03-22,W02,4,2026-03-26,True
O02054,2025-11-13,W02,1,2025-11-14,True
O02055,2025-09-25,W04,2,2025-09-27,True
O02056,2025-12-10,W01,10,2025-12-20,False
O02057,2026-02-23,W01,4,2026-02-27,True
O02058,2025-12-26,W01,1,2025-12-27,True
O02059,2026-02-13,W03,6,2026-02-19,False
O02060,2025-10-11,W02,1,2025-10-12,True
O02061,2026-08-10,W03,9,2026-08-19,False
O02062,2025-12-29,W01,10,2026-01-08,False
O02063,2025-12-06,W04,3,2025-12-09,True
O02064,2026-01-23,W02,1,2026-01-24,True
O02065,2026-04-04,W04,6,2026-04-10,False
O02066,2026-04-17,W05,6,2026-04-23,False
O02067,2026-07-10,W02,7,2026-07-17,False
O02068,2026-01-08,W04,7,2026-01-15,False
O02069,2026-08-18,W01,10,2026-08-28,False
O02070,2026-07-15,W03,4,2026-07-19,True
O02071,2026-01-15,W04,5,2026-01-20,True
O02072,2026-07-21,W05,3,2026-07-24,True
O02073,2026-08-03,W01,6,2026-08-09,False
O02074,2026-05-31,W05,7,2026-06-07,False
O02075,2025-12-26,W03,9,2026-01-04,False
O02076,2026-07-03,W05,9,2026-07-12,False
O02077,2025-12-03,W04,5,2025-12-08,True
O02078,2026-02-15,W04,4,2026-02-19,True
O02079,2026-03-22,W01,7,2026-03-29,False
O02080,2026-08-07,W03,3,2026-08-10,True
O02081,2026-01-27,W03,4,2026-01-31,True
O02082,2026-03-02,W02,9,2026-03-11,False
O02083,2026-01-30,W02,5,2026-02-04,True
O02084,2025-11-13,W04,10,2025-11-23,False
O02085,2026-08-31,W05,7,2026-09-07,False
O02086,2026-06-01,W05,2,2026-06-03,True
O02087,2025-10-12,W01,9,2025-10-21,False
O02088,2026-03-31,W03,5,2026-04-05,True
O02089,2025-12-10,W04,5,2025-12-15,True
O02090,2025-10-15,W05,4,2025-10-19,True
O02091,2025-11-21,W02,8,2025-11-29,False
O02092,2025-09-17,W04,4,2025-09-21,True
O02093,2025-11-12,W01,2,2025-11-14,True
O02094,2025-09-14,W04,5,2025-09-19,True
O02095,2026-02-04,W05,3,2026-02-07,True
O02096,2026-04-11,W01,4,2026-04-15,True
O02097,2026-01-10,W02,3,2026-01-13,True
O02098,2026-08-04,W02,7,2026-08-11,False
O02099,2025-10-17,W05,6,2025-10-23,False
O02100,2025-12-16,W01,2,2025-12-18,True
O02101,2025-12-17,W02,8,2025-12-25,False
O02102,2026-05-23,W01,5,2026-05-28,True
O02103,2026-03-24,W04,6,2026-03-30,False
O02104,2025-11-18,W03,8,2025-11-26,False
O02105,2026-02-02,W03,7,2026-02-09,False
O02106,2026-05-29,W03,3,2026-06-01,True
O02107,2026-05-05,W02,2,2026-05-07,True
O02108,2025-09-19,W05,3,2025-09-22,True
O02109,2026-08-12,W03,8,2026-08-20,False
O02110,2025-09-26,W05,4,2025-09-30,True
O02111,2026-04-05,W03,8,2026-04-13,False
O02112,2026-02-01,W04,4,2026-02-05,True
O02113,2026-02-01,W03,7,2026-02-08,False
O02114,2026-02-21,W05,6,2026-02-27,False
O02115,2025-12-01,W02,10,2025-12-11,False
O02116,2026-08-04,W04,1,2026-08-05,True
O02117,2026-02-28,W05,8,2026-03-08,False
O02118,2026-01-09,W01,6,2026-01-15,False
O02119,2026-06-25,W03,2,2026-06-27,True
O02120,2026-06-02,W04,5,2026-06-07,True
O02121,2026-05-31,W02,2,2026-06-02,True
O02122,2025-11-15,W01,10,2025-11-25,False
O02123,2026-02-24,W03,7,2026-03-03,False
O02124,2026-03-03,W04,10,2026-03-13,False
O02125,2026-07-16,W05,6,2026-07-22,False
O02126,2026-01-09,W03,7,2026-01-16,False
O02127,2026-08-29,W04,6,2026-09-04,False
O02128,2025-10-19,W03,10,2025-10-29,False
O02129,2025-10-25,W04,1,2025-10-26,True
O02130,2026-02-01,W05,3,2026-02-04,True
O02131,2026-08-21,W03,10,2026-08-31,False
O02132,2026-03-19,W04,2,2026-03-21,True
O02133,2026-07-05,W01,1,2026-07-06,True
O02134,2026-08-22,W02,1,2026-08-23,True
O02135,2025-12-27,W04,4,2025-12-31,True
O02136,2026-05-21,W04,1,2026-05-22,True
O02137,2025-10-16,W04,2,2025-10-18,True
O02138,2026-06-29,W03,1,2026-06-30,True
O02139,2026-08-22,W02,6,2026-08-28,False
O02140,2026-03-08,W03,4,2026-03-12,True
O02141,2026-07-07,W04,8,2026-07-15,False
O02142,2026-07-15,W04,5,2026-07-20,True
O02143,2026-01-07,W02,10,2026-01-17,False
O02144,2025-10-19,W01,5,2025-10-24,True
O02145,2025-09-25,W03,8,2025-10-03,False
O02146,2026-05-24,W01,10,2026-06-03,False
O02147,2025-12-27,W04,6,2026-01-02,False
O02148,2026-01-22,W04,6,2026-01-28,False
O02149,2026-03-19,W05,3,2026-03-22,True
O02150,2026-02-04,W05,6,2026-02-10,False
O02151,2026-08-14,W01,10,2026-08-24,False
O02152,2026-01-12,W05,7,2026-01-19,False
O02153,2026-01-26,W02,2,2026-01-28,True
O02154,2026-08-02,W01,3,2026-08-05,True
O02155,2025-11-10,W05,6,2025-11-16,False
O02156,2026-04-21,W05,10,2026-05-01,False
O02157,2026-07-31,W02,9,2026-08-09,False
O02158,2026-06-26,W02,9,2026-07-05,False
O02159,2026-02-01,W01,8,2026-02-09,False
O02160,2025-11-29,W03,8,2025-12-07,False
O02161,2026-07-31,W02,9,2026-08-09,False
O02162,2026-03-18,W05,9,2026-03-27,False
O02163,2026-02-08,W01,10,2026-02-18,False
O02164,2025-09-26,W03,9,2025-10-05,False
O02165,2025-12-30,W01,5,2026-01-04,True
O02166,2026-06-28,W05,6,2026-07-04,False
O02167,2026-03-31,W03,5,2026-04-05,True
O02168,2025-11-02,W03,1,2025-11-03,True
O02169,2025-11-07,W02,4,2025-11-11,True
O02170,2026-05-11,W04,1,2026-05-12,True
O02171,2025-09-02,W05,1,2025-09-03,True
O02172,2025-12-17,W04,3,2025-12-20,True
O02173,2026-06-13,W05,7,2026-06-20,False
O02174,2025-10-19,W01,1,2025-10-20,True
O02175,2026-01-18,W04,7,2026-01-25,False
O02176,2026-04-06,W03,10,2026-04-16,False
O02177,2025-10-14,W02,10,2025-10-24,False
O02178,2026-05-27,W05,1,2026-05-28,True
O02179,2025-11-17,W02,9,2025-11-26,False
O02180,2026-04-04,W05,5,2026-04-09,True
O02181,2025-12-07,W03,6,2025-12-13,False
O02182,2026-04-24,W03,9,2026-05-03,False
O02183,2026-06-09,W03,3,2026-06-12,True
O02184,2026-01-27,W03,3,2026-01-30,True
O02185,2026-07-01,W03,5,2026-07-06,True
O02186,2025-11-05,W02,7,2025-11-12,False
O02187,2026-04-22,W01,3,2026-04-25,True
O02188,2025-11-26,W04,4,2025-11-30,True
O02189,2025-11-18,W02,2,2025-11-20,True
O02190,2026-03-24,W04,9,2026-04-02,False
O02191,2026-06-06,W01,10,2026-06-16,False
O02192,2026-08-03,W05,9,2026-08-12,False
O02193,2026-05-12,W01,2,2026-05-14,True
O02194,2026-07-01,W01,5,2026-07-06,True
O02195,2026-01-08,W05,1,2026-01-09,True
O02196,2025-11-23,W04,8,2025-12-01,False
O02197,2026-06-03,W03,6,2026-06-09,False
O02198,2026-03-06,W05,10,2026-03-16,False
O02199,2025-10-16,W05,10,2025-10-26,False
O02200,2026-03-02,W01,2,2026-03-04,True
O02201,2026-05-26,W05,2,2026-05-28,True
O02202,2026-06-23,W02,10,2026-07-03,False
O02203,2026-07-19,W03,5,2026-07-24,True
O02204,2025-12-09,W01,7,2025-12-16,False
O02205,2025-11-17,W04,9,2025-11-26,False
O02206,2026-05-30,W04,9,2026-06-08,False
O02207,2026-08-05,W04,6,2026-08-11,False
O02208,2026-02-09,W04,2,2026-02-11,True
O02209,2025-10-14,W04,6,2025-10-20,False
O02210,2026-04-26,W01,1,2026-04-27,True
O02211,2026-01-12,W02,2,2026-01-14,True
O02212,2026-03-11,W02,3,2026-03-14,True
O02213,2026-08-22,W04,5,2026-08-27,True
O02214,2026-06-05,W02,10,2026-06-15,False
O02215,2025-09-18,W03,1,2025-09-19,True
O02216,2025-09-12,W02,10,2025-09-22,False
O02217,2026-02-27,W05,5,2026-03-04,True
O02218,2026-01-01,W04,5,2026-01-06,True
O02219,2026-05-04,W05,4,2026-05-08,True
O02220,2026-04-10,W05,3,2026-04-13,True
O02221,2025-10-21,W04,7,2025-10-28,False
O02222,2025-11-10,W01,7,2025-11-17,False
O02223,2025-10-18,W02,1,2025-10-19,True
O02224,2025-09-19,W03,7,2025-09-26,False
O02225,2026-05-20,W01,3,2026-05-23,True
O02226,2025-11-23,W03,3,2025-11-26,True
O02227,2026-02-02,W04,6,2026-02-08,False
O02228,2025-10-23,W02,6,2025-10-29,False
O02229,2025-12-16,W01,4,2025-12-20,True
O02230,2026-08-23,W04,5,2026-08-28,True
O02231,2026-07-01,W01,3,2026-07-04,True
O02232,2026-01-13,W05,3,2026-01-16,True
O02233,2025-11-08,W02,9,2025-11-17,False
O02234,2025-09-11,W02,5,2025-09-16,True
O02235,2026-01-21,W04,1,2026-01-22,True
O02236,2026-03-11,W04,9,2026-03-20,False
O02237,2025-11-08,W04,10,2025-11-18,False
O02238,2025-09-23,W02,6,2025-09-29,False
O02239,2026-02-28,W05,9,2026-03-09,False
O02240,2026-06-20,W02,7,2026-06-27,False
O02241,2025-09-09,W04,10,2025-09-19,False
O02242,2026-05-29,W03,10,2026-06-08,False
O02243,2025-12-02,W05,7,2025-12-09,False
O02244,2025-09-17,W02,5,2025-09-22,True
O02245,2026-02-01,W03,7,2026-02-08,False
O02246,2026-07-25,W05,10,2026-08-04,False
O02247,2026-01-27,W02,4,2026-01-31,True
O02248,2026-05-25,W04,6,2026-05-31,False
O02249,2026-07-25,W02,2,2026-07-27,True
O02250,2025-12-15,W05,10,2025-12-25,False
O02251,2025-10-05,W04,3,2025-10-08,True
O02252,2025-12-28,W01,2,2025-12-30,True
O02253,2025-09-14,W03,10,2025-09-24,False
O02254,2025-09-14,W04,2,2025-09-16,True
O02255,2026-05-24,W04,7,2026-05-31,False
O02256,2026-01-18,W05,5,2026-01-23,True
O02257,2026-06-21,W05,6,2026-06-27,False
O02258,2026-08-30,W03,3,2026-09-02,True
O02259,2025-12-28,W05,10,2026-01-07,False
O02260,2026-04-26,W04,5,2026-05-01,True
O02261,2025-10-04,W03,5,2025-10-09,True
O02262,2026-02-16,W03,4,2026-02-20,True
O02263,2025-09-10,W02,10,2025-09-20,False
O02264,2025-12-31,W04,4,2026-01-04,True
O02265,2026-01-23,W04,8,2026-01-31,False
O02266,2026-04-11,W05,6,2026-04-17,False
O02267,2026-05-15,W04,2,2026-05-17,True
O02268,2026-05-26,W05,2,2026-05-28,True
O02269,2026-08-25,W04,2,2026-08-27,True
O02270,2025-09-04,W02,6,2025-09-10,False
O02271,2026-08-20,W04,1,2026-08-21,True
O02272,2025-12-15,W02,3,2025-12-18,True
O02273,2025-11-24,W04,1,2025-11-25,True
O02274,2026-04-02,W04,4,2026-04-06,True
O02275,2025-12-30,W01,1,2025-12-31,True
O02276,2026-01-10,W04,9,2026-01-19,False
O02277,2026-08-04,W02,6,2026-08-10,False
O02278,2026-03-16,W03,8,2026-03-24,False
O02279,2025-09-19,W02,2,2025-09-21,True
O02280,2026-01-08,W04,6,2026-01-14,False
O02281,2025-09-12,W05,4,2025-09-16,True
O02282,2025-11-20,W01,7,2025-11-27,False
O02283,2026-07-27,W05,8,2026-08-04,False
O02284,2026-08-20,W01,6,2026-08-26,False
O02285,2026-05-20,W01,1,2026-05-21,True
O02286,2026-01-03,W05,8,2026-01-11,False
O02287,2026-07-04,W04,1,2026-07-05,True
O02288,2026-05-25,W02,9,2026-06-03,False
O02289,2026-01-18,W05,2,2026-01-20,True
O02290,2026-07-26,W03,10,2026-08-05,False
O02291,2025-09-02,W01,6,2025-09-08,False
O02292,2025-09-08,W02,8,2025-09-16,False
O02293,2026-05-08,W03,5,2026-05-13,True
O02294,2026-01-17,W02,2,2026-01-19,True
O02295,2026-01-02,W04,5,2026-01-07,True
O02296,2026-07-06,W03,1,2026-07-07,True
O02297,2026-04-16,W05,8,2026-04-24,False
O02298,2025-09-10,W02,8,2025-09-18,False
O02299,2026-03-31,W05,2,2026-04-02,True
O02300,2025-12-21,W05,6,2025-12-27,False
O02301,2025-09-08,W02,8,2025-09-16,False
O02302,2026-06-19,W02,10,2026-06-29,False
O02303,2026-08-28,W01,8,2026-09-05,False
O02304,2026-05-11,W01,7,2026-05-18,False
O02305,2025-09-14,W03,3,2025-09-17,True
O02306,2026-04-28,W03,4,2026-05-02,True
O02307,2026-04-30,W03,1,2026-05-01,True
O02308,2026-08-08,W01,9,2026-08-17,False
O02309,2026-01-27,W05,10,2026-02-06,False
O02310,2026-04-24,W04,10,2026-05-04,False
O02311,2026-07-03,W04,2,2026-07-05,True
O02312,2026-02-14,W02,10,2026-02-24,False
O02313,2025-09-20,W01,7,2025-09-27,False
O02314,2026-04-04,W02,8,2026-04-12,False
O02315,2026-08-09,W04,4,2026-08-13,True
O02316,2026-01-13,W02,10,2026-01-23,False
O02317,2026-01-07,W01,1,2026-01-08,True
O02318,2026-06-21,W01,5,2026-06-26,True
O02319,2026-05-04,W01,10,2026-05-14,False
O02320,2026-03-08,W04,10,2026-03-18,False
O02321,2025-10-14,W01,6,2025-10-20,False
O02322,2025-11-25,W03,7,2025-12-02,False
O02323,2025-10-14,W03,1,2025-10-15,True
O02324,2026-07-27,W01,4,2026-07-31,True
O02325,2026-01-23,W03,5,2026-01-28,True
O02326,2025-10-21,W01,5,2025-10-26,True
O02327,2026-04-30,W04,7,2026-05-07,False
O02328,2026-06-21,W03,4,2026-06-25,True
O02329,2025-10-21,W04,10,2025-10-31,False
O02330,2026-05-24,W03,7,2026-05-31,False
O02331,2025-12-29,W05,8,2026-01-06,False
O02332,2026-03-19,W05,2,2026-03-21,True
O02333,2026-05-06,W04,1,2026-05-07,True
O02334,2025-11-09,W03,10,2025-11-19,False
O02335,2026-08-07,W05,10,2026-08-17,False
O02336,2025-10-27,W01,1,2025-10-28,True
O02337,2025-10-09,W02,1,2025-10-10,True
O02338,2026-06-16,W05,9,2026-06-25,False
O02339,2025-09-18,W05,4,2025-09-22,True
O02340,2026-04-08,W01,9,2026-04-17,False
O02341,2026-07-10,W05,7,2026-07-17,False
O02342,2026-05-02,W05,7,2026-05-09,False
O02343,2026-08-18,W05,2,2026-08-20,True
O02344,2026-07-01,W03,2,2026-07-03,True
O02345,2026-06-25,W05,5,2026-06-30,True
O02346,2026-06-10,W02,10,2026-06-20,False
O02347,2025-11-13,W03,1,2025-11-14,True
O02348,2025-12-19,W03,7,2025-12-26,False
O02349,2026-02-27,W04,7,2026-03-06,False
O02350,2025-10-02,W05,8,2025-10-10,False
O02351,2026-04-22,W02,7,2026-04-29,False
O02352,2026-06-09,W02,8,2026-06-17,False
O02353,2025-09-25,W04,3,2025-09-28,True
O02354,2026-07-28,W02,3,2026-07-31,True
O02355,2026-06-06,W03,8,2026-06-14,False
O02356,2026-04-14,W01,9,2026-04-23,False
O02357,2025-10-27,W03,10,2025-11-06,False
O02358,2026-02-27,W01,4,2026-03-03,True
O02359,2026-04-20,W02,8,2026-04-28,False
O02360,2026-08-09,W05,1,2026-08-10,True
O02361,2026-06-14,W01,2,2026-06-16,True
O02362,2025-11-03,W03,10,2025-11-13,False
O02363,2026-04-20,W03,10,2026-04-30,False
O02364,2026-06-16,W03,10,2026-06-26,False
O02365,2026-04-01,W03,9,2026-04-10,False
O02366,2026-05-16,W04,2,2026-05-18,True
O02367,2025-09-18,W02,2,2025-09-20,True
O02368,2026-02-22,W05,8,2026-03-02,False
O02369,2026-04-17,W04,5,2026-04-22,True
O02370,2026-04-14,W02,5,2026-04-19,True
O02371,2025-11-23,W01,6,2025-11-29,False
O02372,2026-06-18,W04,8,2026-06-26,False
O02373,2026-05-04,W04,8,2026-05-12,False
O02374,2025-12-19,W04,9,2025-12-28,False
O02375,2026-05-12,W04,10,2026-05-22,False
O02376,2025-11-27,W01,3,2025-11-30,True
O02377,2025-11-11,W03,9,2025-11-20,False
O02378,2025-09-30,W04,3,2025-10-03,True
O02379,2026-02-19,W02,1,2026-02-20,True
O02380,2026-07-06,W03,5,2026-07-11,True
O02381,2026-08-09,W01,7,2026-08-16,False
O02382,2026-02-24,W05,3,2026-02-27,True
O02383,2026-01-17,W01,9,2026-01-26,False
O02384,2026-03-13,W05,1,2026-03-14,True
O02385,2026-03-05,W02,6,2026-03-11,False
O02386,2026-04-06,W05,6,2026-04-12,False
O02387,2026-02-11,W04,8,2026-02-19,False
O02388,2026-02-08,W03,3,2026-02-11,True
O02389,2025-09-13,W03,5,2025-09-18,True
O02390,2026-06-23,W04,10,2026-07-03,False
O02391,2025-11-28,W03,5,2025-12-03,True
O02392,2026-07-21,W01,8,2026-07-29,False
O02393,2025-10-12,W04,7,2025-10-19,False
O02394,2026-03-29,W04,3,2026-04-01,True
O02395,2026-04-17,W03,7,2026-04-24,False
O02396,2026-08-16,W05,10,2026-08-26,False
O02397,2026-06-02,W02,8,2026-06-10,False
O02398,2026-06-06,W05,5,2026-06-11,True
O02399,2026-05-09,W01,5,2026-05-14,True
O02400,2026-07-07,W04,1,2026-07-08,True
O02401,2026-03-27,W04,8,2026-04-04,False
O02402,2026-07-18,W01,6,2026-07-24,False
O02403,2026-01-18,W02,6,2026-01-24,False
O02404,2026-06-07,W04,5,2026-06-12,True
O02405,2025-10-04,W05,5,2025-10-09,True
O02406,2026-07-06,W01,3,2026-07-09,True
O02407,2025-09-18,W04,3,2025-09-21,True
O02408,2025-10-27,W05,2,2025-10-29,True
O02409,2025-12-21,W01,9,2025-12-30,False
O02410,2025-09-05,W01,8,2025-09-13,False
O02411,2026-03-01,W01,3,2026-03-04,True
O02412,2025-09-13,W02,5,2025-09-18,True
O02413,2026-08-05,W01,10,2026-08-15,False
O02414,2026-06-12,W03,5,2026-06-17,True
O02415,2026-05-17,W03,8,2026-05-25,False
O02416,2025-11-29,W01,6,2025-12-05,False
O02417,2025-12-13,W04,7,2025-12-20,False
O02418,2026-03-05,W03,5,2026-03-10,True
O02419,2026-05-08,W05,1,2026-05-09,True
O02420,2026-05-13,W05,8,2026-05-21,False
O02421,2025-11-15,W04,4,2025-11-19,True
O02422,2025-12-17,W05,5,2025-12-22,True
O02423,2026-02-03,W04,1,2026-02-04,True
O02424,2025-11-21,W05,3,2025-11-24,True
O02425,2025-11-16,W01,2,2025-11-18,True
O02426,2026-05-16,W05,2,2026-05-18,True
O02427,2026-01-05,W01,1,2026-01-06,True
O02428,2026-06-09,W05,6,2026-06-15,False
O02429,2025-11-27,W05,8,2025-12-05,False
O02430,2026-03-23,W05,3,2026-03-26,True
O02431,2025-09-16,W01,1,2025-09-17,True
O02432,2026-01-29,W05,10,2026-02-08,False
O02433,2026-05-12,W05,2,2026-05-14,True
O02434,2026-03-07,W02,3,2026-03-10,True
O02435,2026-07-26,W01,6,2026-08-01,False
O02436,2025-10-02,W03,3,2025-10-05,True
O02437,2026-05-29,W04,9,2026-06-07,False
O02438,2025-09-05,W02,1,2025-09-06,True
O02439,2026-07-27,W05,7,2026-08-03,False
O02440,2026-07-05,W03,10,2026-07-15,False
O02441,2026-07-30,W03,8,2026-08-07,False
O02442,2026-02-16,W05,9,2026-02-25,False
O02443,2026-02-28,W05,8,2026-03-08,False
O02444,2026-02-25,W02,5,2026-03-02,True
O02445,2026-01-21,W01,1,2026-01-22,True
O02446,2026-08-28,W02,1,2026-08-29,True
O02447,2026-05-06,W01,8,2026-05-14,False
O02448,2026-01-05,W03,7,2026-01-12,False
O02449,2026-05-21,W04,5,2026-05-26,True
O02450,2025-10-10,W05,10,2025-10-20,False
O02451,2026-08-21,W02,3,2026-08-24,True
O02452,2026-05-13,W03,9,2026-05-22,False
O02453,2026-01-21,W02,4,2026-01-25,True
O02454,2026-04-28,W01,6,2026-05-04,False
O02455,2026-04-16,W05,4,2026-04-20,True
O02456,2026-08-07,W01,9,2026-08-16,False
O02457,2026-03-17,W01,4,2026-03-21,True
O02458,2025-11-04,W01,8,2025-11-12,False
O02459,2025-09-11,W03,3,2025-09-14,True
O02460,2025-12-17,W05,8,2025-12-25,False
O02461,2025-09-26,W04,3,2025-09-29,True
O02462,2026-01-29,W02,5,2026-02-03,True
O02463,2026-04-09,W01,1,2026-04-10,True
O02464,2026-08-07,W05,6,2026-08-13,False
O02465,2026-04-25,W02,2,2026-04-27,True
O02466,2026-04-25,W05,3,2026-04-28,True
O02467,2026-04-07,W02,1,2026-04-08,True
O02468,2026-01-29,W05,6,2026-02-04,False
O02469,2026-01-01,W04,5,2026-01-06,True
O02470,2026-01-22,W05,10,2026-02-01,False
O02471,2026-03-08,W05,2,2026-03-10,True
O02472,2026-05-13,W01,8,2026-05-21,False
O02473,2025-11-07,W01,9,2025-11-16,False
O02474,2025-12-13,W01,3,2025-12-16,True
O02475,2026-08-02,W05,6,2026-08-08,False
O02476,2026-02-06,W04,6,2026-02-12,False
O02477,2026-07-06,W02,10,2026-07-16,False
O02478,2026-08-28,W01,6,2026-09-03,False
O02479,2026-06-27,W03,8,2026-07-05,False
O02480,2025-11-29,W05,5,2025-12-04,True
O02481,2026-08-23,W04,10,2026-09-02,False
O02482,2026-05-14,W04,10,2026-05-24,False
O02483,2026-08-19,W01,8,2026-08-27,False
O02484,2026-04-08,W01,3,2026-04-11,True
O02485,2025-09-09,W03,7,2025-09-16,False
O02486,2025-09-12,W03,1,2025-09-13,True
O02487,2026-07-22,W01,4,2026-07-26,True
O02488,2026-05-02,W02,5,2026-05-07,True
O02489,2026-03-01,W01,7,2026-03-08,False
O02490,2026-06-11,W01,6,2026-06-17,False
O02491,2026-07-09,W04,6,2026-07-15,False
O02492,2025-12-08,W01,2,2025-12-10,True
O02493,2026-03-16,W01,2,2026-03-18,True
O02494,2026-04-14,W01,2,2026-04-16,True
O02495,2026-07-30,W02,10,2026-08-09,False
O02496,2025-12-12,W04,8,2025-12-20,False
O02497,2025-12-15,W05,7,2025-12-22,False
O02498,2026-08-31,W05,1,2026-09-01,True
O02499,2025-10-28,W05,9,2025-11-06,False
O02500,2025-11-17,W05,8,2025-11-25,False
O02501,2025-11-14,W04,9,2025-11-23,False
O02502,2025-10-12,W01,4,2025-10-16,True
O02503,2026-07-21,W05,5,2026-07-26,True
O02504,2026-02-28,W01,5,2026-03-05,True
O02505,2025-10-03,W05,9,2025-10-12,False
O02506,2025-11-10,W02,8,2025-11-18,False
O02507,2025-10-26,W01,10,2025-11-05,False
O02508,2025-12-14,W04,6,2025-12-20,False
O02509,2026-03-19,W02,10,2026-03-29,False
O02510,2025-12-10,W02,10,2025-12-20,False
O02511,2026-05-14,W04,1,2026-05-15,True
O02512,2026-07-04,W02,7,2026-07-11,False
O02513,2025-11-13,W01,9,2025-11-22,False
O02514,2026-02-18,W03,4,2026-02-22,True
O02515,2026-01-21,W03,4,2026-01-25,True
O02516,2026-02-13,W05,5,2026-02-18,True
O02517,2026-05-19,W05,8,2026-05-27,False
O02518,2026-04-09,W01,5,2026-04-14,True
O02519,2025-11-22,W04,4,2025-11-26,True
O02520,2026-03-01,W01,8,2026-03-09,False
O02521,2026-07-04,W05,5,2026-07-09,True
O02522,2025-09-10,W02,8,2025-09-18,False
O02523,2025-09-04,W01,1,2025-09-05,True
O02524,2026-08-17,W01,3,2026-08-20,True
O02525,2026-08-02,W04,7,2026-08-09,False
O02526,2026-06-19,W05,1,2026-06-20,True
O02527,2026-06-08,W01,5,2026-06-13,True
O02528,2026-04-03,W02,6,2026-04-09,False
O02529,2025-12-07,W02,1,2025-12-08,True
O02530,2025-12-10,W03,7,2025-12-17,False
O02531,2025-09-09,W05,9,2025-09-18,False
O02532,2025-10-31,W02,9,2025-11-09,False
O02533,2026-07-06,W04,3,2026-07-09,True
O02534,2026-01-24,W05,4,2026-01-28,True
O02535,2025-11-02,W02,1,2025-11-03,True
O02536,2025-12-30,W01,4,2026-01-03,True
O02537,2026-04-14,W05,5,2026-04-19,True
O02538,2025-12-14,W02,7,2025-12-21,False
O02539,2026-05-18,W01,5,2026-05-23,True
O02540,2026-08-15,W03,8,2026-08-23,False
O02541,2026-05-13,W05,7,2026-05-20,False
O02542,2026-03-26,W05,1,2026-03-27,True
O02543,2025-09-28,W02,2,2025-09-30,True
O02544,2026-02-17,W03,7,2026-02-24,False
O02545,2026-08-02,W04,3,2026-08-05,True
O02546,2025-11-15,W02,2,2025-11-17,True
O02547,2025-12-25,W02,9,2026-01-03,False
O02548,2025-11-08,W04,10,2025-11-18,False
O02549,2026-08-20,W04,8,2026-08-28,False
O02550,2026-04-22,W04,8,2026-04-30,False
O02551,2025-09-01,W04,3,2025-09-04,True
O02552,2026-02-14,W04,10,2026-02-24,False
O02553,2026-08-18,W01,9,2026-08-27,False
O02554,2026-04-06,W01,8,2026-04-14,False
O02555,2026-05-31,W04,2,2026-06-02,True
O02556,2026-05-09,W03,7,2026-05-16,False
O02557,2026-08-13,W03,8,2026-08-21,False
O02558,2026-08-10,W04,7,2026-08-17,False
O02559,2026-02-21,W01,9,2026-03-02,False
O02560,2026-02-17,W03,7,2026-02-24,False
O02561,2026-05-04,W01,7,2026-05-11,False
O02562,2025-11-29,W02,1,2025-11-30,True
O02563,2025-10-19,W01,2,2025-10-21,True
O02564,2026-06-21,W04,5,2026-06-26,True
O02565,2026-01-28,W05,1,2026-01-29,True
O02566,2026-01-10,W04,10,2026-01-20,False
O02567,2025-10-29,W02,7,2025-11-05,False
O02568,2026-07-21,W01,5,2026-07-26,True
O02569,2026-03-18,W03,5,2026-03-23,True
O02570,2026-04-03,W04,8,2026-04-11,False
O02571,2025-10-19,W03,9,2025-10-28,False
O02572,2026-04-20,W01,10,2026-04-30,False
O02573,2026-05-05,W02,1,2026-05-06,True
O02574,2026-04-27,W04,10,2026-05-07,False
O02575,2026-02-15,W03,4,2026-02-19,True
O02576,2025-10-18,W04,2,2025-10-20,True
O02577,2025-10-21,W04,9,2025-10-30,False
O02578,2026-06-26,W03,9,2026-07-05,False
O02579,2025-12-07,W02,1,2025-12-08,True
O02580,2026-04-04,W04,3,2026-04-07,True
O02581,2026-02-24,W02,10,2026-03-06,False
O02582,2025-11-19,W02,8,2025-11-27,False
O02583,2026-03-04,W01,2,2026-03-06,True
O02584,2025-09-27,W03,2,2025-09-29,True
O02585,2026-03-14,W01,2,2026-03-16,True
O02586,2026-04-02,W05,5,2026-04-07,True
O02587,2026-08-08,W01,9,2026-08-17,False
O02588,2025-12-23,W04,7,2025-12-30,False
O02589,2026-04-30,W04,7,2026-05-07,False
O02590,2026-01-02,W04,2,2026-01-04,True
O02591,2026-07-02,W05,2,2026-07-04,True
O02592,2025-11-15,W02,5,2025-11-20,True
O02593,2026-07-08,W04,7,2026-07-15,False
O02594,2026-07-09,W01,7,2026-07-16,False
O02595,2026-03-15,W02,9,2026-03-24,False
O02596,2026-08-17,W01,3,2026-08-20,True
O02597,2025-10-14,W01,1,2025-10-15,True
O02598,2026-03-05,W04,9,2026-03-14,False
O02599,2026-08-09,W01,1,2026-08-10,True
O02600,2026-05-04,W05,8,2026-05-12,False
O02601,2025-11-23,W02,5,2025-11-28,True
O02602,2026-03-26,W04,8,2026-04-03,False
O02603,2026-01-29,W04,7,2026-02-05,False
O02604,2026-02-03,W01,9,2026-02-12,False
O02605,2025-09-16,W01,2,2025-09-18,True
O02606,2026-02-12,W03,9,2026-02-21,False
O02607,2026-01-23,W03,10,2026-02-02,False
O02608,2025-10-07,W04,5,2025-10-12,True
O02609,2026-07-30,W04,5,2026-08-04,True
O02610,2025-10-15,W01,1,2025-10-16,True
O02611,2026-03-25,W05,6,2026-03-31,False
O02612,2025-11-01,W05,10,2025-11-11,False
O02613,2026-08-22,W01,10,2026-09-01,False
O02614,2026-07-05,W03,10,2026-07-15,False
O02615,2025-09-19,W03,10,2025-09-29,False
O02616,2026-08-31,W05,3,2026-09-03,True
O02617,2026-06-27,W04,10,2026-07-07,False
O02618,2025-09-07,W01,3,2025-09-10,True
O02619,2026-05-07,W04,3,2026-05-10,True
O02620,2025-12-26,W03,4,2025-12-30,True
O02621,2025-11-07,W05,9,2025-11-16,False
O02622,2025-10-04,W04,8,2025-10-12,False
O02623,2026-03-13,W03,6,2026-03-19,False
O02624,2026-07-22,W03,8,2026-07-30,False
O02625,2025-10-25,W03,8,2025-11-02,False
O02626,2026-05-24,W04,1,2026-05-25,True
O02627,2025-10-12,W02,9,2025-10-21,False
O02628,2026-06-24,W05,1,2026-06-25,True
O02629,2026-04-19,W03,2,2026-04-21,True
O02630,2025-09-10,W04,9,2025-09-19,False
O02631,2026-08-24,W01,7,2026-08-31,False
O02632,2026-01-06,W05,10,2026-01-16,False
O02633,2026-02-26,W01,1,2026-02-27,True
O02634,2026-03-12,W01,3,2026-03-15,True
O02635,2025-12-01,W04,1,2025-12-02,True
O02636,2026-04-19,W02,5,2026-04-24,True
O02637,2025-11-17,W04,4,2025-11-21,True
O02638,2025-11-24,W04,8,2025-12-02,False
O02639,2025-09-30,W05,9,2025-10-09,False
O02640,2026-04-01,W04,4,2026-04-05,True
O02641,2025-10-19,W05,3,2025-10-22,True
O02642,2026-05-23,W03,4,2026-05-27,True
O02643,2026-01-23,W05,3,2026-01-26,True
O02644,2025-11-08,W04,6,2025-11-14,False
O02645,2025-10-28,W03,1,2025-10-29,True
O02646,2026-03-04,W03,2,2026-03-06,True
O02647,2025-11-01,W02,8,2025-11-09,False
O02648,2026-07-05,W04,3,2026-07-08,True
O02649,2026-06-23,W01,4,2026-06-27,True
O02650,2026-02-13,W04,1,2026-02-14,True
O02651,2026-02-18,W01,3,2026-02-21,True
O02652,2025-11-02,W02,1,2025-11-03,True
O02653,2026-01-25,W04,10,2026-02-04,False
O02654,2026-07-03,W02,5,2026-07-08,True
O02655,2026-02-08,W01,1,2026-02-09,True
O02656,2026-01-19,W05,9,2026-01-28,False
O02657,2026-07-31,W04,7,2026-08-07,False
O02658,2025-12-06,W03,8,2025-12-14,False
O02659,2026-04-09,W03,9,2026-04-18,False
O02660,2025-10-13,W02,10,2025-10-23,False
O02661,2026-06-19,W05,8,2026-06-27,False
O02662,2025-12-17,W03,3,2025-12-20,True
O02663,2026-05-24,W03,7,2026-05-31,False
O02664,2025-12-04,W04,7,2025-12-11,False
O02665,2026-05-20,W03,7,2026-05-27,False
O02666,2026-07-10,W01,8,2026-07-18,False
O02667,2025-11-10,W02,4,2025-11-14,True
O02668,2026-04-07,W03,6,2026-04-13,False
O02669,2025-09-21,W04,2,2025-09-23,True
O02670,2025-12-01,W01,7,2025-12-08,False
O02671,2026-01-05,W03,9,2026-01-14,False
O02672,2025-11-19,W02,5,2025-11-24,True
O02673,2026-07-09,W02,4,2026-07-13,True
O02674,2026-04-26,W02,2,2026-04-28,True
O02675,2026-03-01,W03,7,2026-03-08,False
O02676,2025-09-25,W01,2,2025-09-27,True
O02677,2026-02-03,W05,2,2026-02-05,True
O02678,2025-09-05,W02,9,2025-09-14,False
O02679,2025-12-29,W01,2,2025-12-31,True
O02680,2026-06-04,W04,10,2026-06-14,False
O02681,2025-09-18,W04,3,2025-09-21,True
O02682,2026-03-17,W01,3,2026-03-20,True
O02683,2025-10-27,W04,2,2025-10-29,True
O02684,2025-12-02,W04,10,2025-12-12,False
O02685,2025-09-19,W02,3,2025-09-22,True
O02686,2026-08-19,W03,9,2026-08-28,False
O02687,2026-03-12,W03,3,2026-03-15,True
O02688,2026-04-25,W03,5,2026-04-30,True
O02689,2026-06-04,W03,7,2026-06-11,False
O02690,2026-04-15,W01,1,2026-04-16,True
O02691,2026-04-21,W02,1,2026-04-22,True
O02692,2025-10-10,W01,10,2025-10-20,False
O02693,2026-07-20,W04,2,2026-07-22,True
O02694,2026-01-31,W02,1,2026-02-01,True
O02695,2026-01-05,W05,1,2026-01-06,True
O02696,2026-04-25,W03,10,2026-05-05,False
O02697,2025-10-25,W04,4,2025-10-29,True
O02698,2026-02-19,W03,10,2026-03-01,False
O02699,2025-12-18,W03,3,2025-12-21,True
O02700,2026-08-20,W03,1,2026-08-21,True
O02701,2026-03-03,W05,3,2026-03-06,True
O02702,2026-03-17,W04,1,2026-03-18,True
O02703,2025-11-26,W03,3,2025-11-29,True
O02704,2026-03-20,W03,4,2026-03-24,True
O02705,2026-08-03,W02,8,2026-08-11,False
O02706,2026-07-19,W03,3,2026-07-22,True
O02707,2026-06-02,W02,3,2026-06-05,True
O02708,2026-03-30,W04,9,2026-04-08,False
O02709,2025-12-27,W04,9,2026-01-05,False
O02710,2026-03-10,W04,6,2026-03-16,False
O02711,2025-10-12,W02,10,2025-10-22,False
O02712,2025-10-12,W05,4,2025-10-16,True
O02713,2026-07-12,W05,10,2026-07-22,False
O02714,2026-06-03,W03,5,2026-06-08,True
O02715,2026-07-26,W04,9,2026-08-04,False
O02716,2025-09-17,W01,1,2025-09-18,True
O02717,2026-06-10,W03,7,2026-06-17,False
O02718,2026-05-16,W05,7,2026-05-23,False
O02719,2025-11-02,W05,10,2025-11-12,False
O02720,2025-11-01,W04,1,2025-11-02,True
O02721,2025-12-09,W02,1,2025-12-10,True
O02722,2025-09-19,W03,9,2025-09-28,False
O02723,2025-09-17,W02,7,2025-09-24,False
O02724,2026-07-22,W05,4,2026-07-26,True
O02725,2026-05-04,W04,9,2026-05-13,False
O02726,2026-05-09,W05,5,2026-05-14,True
O02727,2025-11-20,W04,3,2025-11-23,True
O02728,2025-10-09,W01,2,2025-10-11,True
O02729,2025-10-06,W02,9,2025-10-15,False
O02730,2026-03-16,W03,4,2026-03-20,True
O02731,2026-02-05,W04,7,2026-02-12,False
O02732,2026-03-23,W01,1,2026-03-24,True
O02733,2026-03-15,W01,9,2026-03-24,False
O02734,2026-04-04,W02,9,2026-04-13,False
O02735,2026-06-12,W04,10,2026-06-22,False
O02736,2026-03-15,W03,6,2026-03-21,False
O02737,2026-07-04,W03,6,2026-07-10,False
O02738,2026-01-30,W03,6,2026-02-05,False
O02739,2025-09-14,W05,5,2025-09-19,True
O02740,2026-07-22,W05,1,2026-07-23,True
O02741,2026-01-24,W04,4,2026-01-28,True
O02742,2025-10-27,W03,10,2025-11-06,False
O02743,2026-03-30,W01,1,2026-03-31,True
O02744,2026-05-26,W03,5,2026-05-31,True
O02745,2026-03-29,W04,4,2026-04-02,True
O02746,2025-09-17,W03,8,2025-09-25,False
O02747,2026-06-13,W02,1,2026-06-14,True
O02748,2026-08-10,W03,8,2026-08-18,False
O02749,2026-03-22,W01,8,2026-03-30,False
O02750,2025-12-08,W04,1,2025-12-09,True
O02751,2026-06-06,W04,9,2026-06-15,False
O02752,2026-03-28,W01,9,2026-04-06,False
O02753,2026-01-07,W04,6,2026-01-13,False
O02754,2026-08-01,W03,1,2026-08-02,True
O02755,2026-06-15,W04,7,2026-06-22,False
O02756,2026-05-10,W03,7,2026-05-17,False
O02757,2026-05-23,W04,9,2026-06-01,False
O02758,2026-05-29,W03,1,2026-05-30,True
O02759,2026-03-07,W03,8,2026-03-15,False
O02760,2026-04-02,W01,8,2026-04-10,False
O02761,2026-06-10,W01,7,2026-06-17,False
O02762,2026-03-30,W05,6,2026-04-05,False
O02763,2026-08-31,W01,1,2026-09-01,True
O02764,2025-11-15,W03,10,2025-11-25,False
O02765,2026-01-26,W03,8,2026-02-03,False
O02766,2026-07-18,W04,5,2026-07-23,True
O02767,2026-04-01,W04,4,2026-04-05,True
O02768,2025-12-18,W05,5,2025-12-23,True
O02769,2026-01-07,W03,5,2026-01-12,True
O02770,2025-09-10,W05,10,2025-09-20,False
O02771,2025-10-17,W03,3,2025-10-20,True
O02772,2026-07-12,W01,4,2026-07-16,True
O02773,2025-12-05,W04,4,2025-12-09,True
O02774,2025-12-12,W05,8,2025-12-20,False
O02775,2026-08-08,W02,5,2026-08-13,True
O02776,2026-01-24,W03,6,2026-01-30,False
O02777,2025-09-27,W01,10,2025-10-07,False
O02778,2026-04-08,W02,2,2026-04-10,True
O02779,2025-09-18,W01,9,2025-09-27,False
O02780,2026-02-14,W01,8,2026-02-22,False
O02781,2025-11-21,W03,8,2025-11-29,False
O02782,2025-11-11,W01,10,2025-11-21,False
O02783,2026-07-07,W05,5,2026-07-12,True
O02784,2026-05-12,W02,5,2026-05-17,True
O02785,2026-02-09,W01,3,2026-02-12,True
O02786,2026-07-24,W01,2,2026-07-26,True
O02787,2025-10-08,W04,9,2025-10-17,False
O02788,2026-03-20,W04,6,2026-03-26,False
O02789,2026-03-19,W05,8,2026-03-27,False
O02790,2026-05-13,W04,4,2026-05-17,True
O02791,2026-02-26,W01,5,2026-03-03,True
O02792,2025-10-05,W01,10,2025-10-15,False
O02793,2025-11-21,W02,5,2025-11-26,True
O02794,2026-04-08,W04,10,2026-04-18,False
O02795,2026-02-05,W03,4,2026-02-09,True
O02796,2025-09-04,W04,2,2025-09-06,True
O02797,2026-02-14,W01,6,2026-02-20,False
O02798,2026-03-23,W02,4,2026-03-27,True
O02799,2026-03-13,W04,4,2026-03-17,True
O02800,2026-04-23,W02,10,2026-05-03,False
O02801,2026-03-25,W04,3,2026-03-28,True
O02802,2026-01-28,W05,8,2026-02-05,False
O02803,2026-02-06,W01,6,2026-02-12,False
O02804,2026-06-06,W01,9,2026-06-15,False
O02805,2026-07-01,W03,5,2026-07-06,True
O02806,2026-02-13,W01,6,2026-02-19,False
O02807,2026-07-08,W03,9,2026-07-17,False
O02808,2025-11-07,W01,4,2025-11-11,True
O02809,2025-11-27,W04,10,2025-12-07,False
O02810,2026-04-05,W04,7,2026-04-12,False
O02811,2025-09-01,W05,10,2025-09-11,False
O02812,2026-01-13,W04,10,2026-01-23,False
O02813,2026-03-04,W02,6,2026-03-10,False
O02814,2026-08-17,W04,6,2026-08-23,False
O02815,2026-01-18,W03,6,2026-01-24,False
O02816,2025-12-15,W05,4,2025-12-19,True
O02817,2026-01-11,W02,10,2026-01-21,False
O02818,2025-12-17,W02,6,2025-12-23,False
O02819,2026-02-25,W01,7,2026-03-04,False
O02820,2026-06-25,W03,2,2026-06-27,True
O02821,2026-08-24,W04,9,2026-09-02,False
O02822,2026-08-25,W04,7,2026-09-01,False
O02823,2026-01-24,W01,3,2026-01-27,True
O02824,2025-11-13,W04,10,2025-11-23,False
O02825,2025-12-17,W02,10,2025-12-27,False
O02826,2025-12-31,W04,7,2026-01-07,False
O02827,2025-09-17,W04,10,2025-09-27,False
O02828,2026-03-15,W02,10,2026-03-25,False
O02829,2026-07-24,W03,5,2026-07-29,True
O02830,2026-07-15,W03,9,2026-07-24,False
O02831,2026-06-24,W02,6,2026-06-30,False
O02832,2026-05-10,W02,7,2026-05-17,False
O02833,2025-12-28,W05,4,2026-01-01,True
O02834,2026-02-09,W05,2,2026-02-11,True
O02835,2026-03-17,W04,4,2026-03-21,True
O02836,2025-10-15,W04,9,2025-10-24,False
O02837,2026-07-11,W05,3,2026-07-14,True
O02838,2026-02-26,W04,7,2026-03-05,False
O02839,2025-10-14,W03,4,2025-10-18,True
O02840,2026-05-29,W03,3,2026-06-01,True
O02841,2025-11-17,W01,5,2025-11-22,True
O02842,2026-07-23,W05,2,2026-07-25,True
O02843,2026-02-25,W03,10,2026-03-07,False
O02844,2026-08-23,W01,4,2026-08-27,True
O02845,2025-09-03,W02,7,2025-09-10,False
O02846,2026-04-02,W03,2,2026-04-04,True
O02847,2026-08-08,W01,10,2026-08-18,False
O02848,2025-11-13,W04,6,2025-11-19,False
O02849,2025-10-21,W01,5,2025-10-26,True
O02850,2025-11-06,W03,3,2025-11-09,True
O02851,2026-07-29,W04,5,2026-08-03,True
O02852,2025-12-02,W04,10,2025-12-12,False
O02853,2026-02-23,W01,7,2026-03-02,False
O02854,2026-01-23,W01,3,2026-01-26,True
O02855,2025-09-07,W03,8,2025-09-15,False
O02856,2026-05-27,W04,7,2026-06-03,False
O02857,2026-07-19,W05,4,2026-07-23,True
O02858,2025-09-04,W01,5,2025-09-09,True
O02859,2026-01-16,W05,10,2026-01-26,False
O02860,2026-04-19,W05,4,2026-04-23,True
O02861,2025-11-27,W04,2,2025-11-29,True
O02862,2025-09-17,W03,9,2025-09-26,False
O02863,2025-10-22,W05,1,2025-10-23,True
O02864,2026-01-12,W03,8,2026-01-20,False
O02865,2026-03-30,W01,4,2026-04-03,True
O02866,2026-07-22,W04,9,2026-07-31,False
O02867,2026-04-07,W02,3,2026-04-10,True
O02868,2026-03-24,W04,7,2026-03-31,False
O02869,2026-03-30,W02,3,2026-04-02,True
O02870,2026-06-04,W01,10,2026-06-14,False
O02871,2025-09-24,W03,7,2025-10-01,False
O02872,2025-09-04,W01,2,2025-09-06,True
O02873,2026-01-30,W04,3,2026-02-02,True
O02874,2026-05-17,W02,8,2026-05-25,False
O02875,2026-07-21,W02,7,2026-07-28,False
O02876,2026-08-23,W04,3,2026-08-26,True
O02877,2026-02-15,W04,8,2026-02-23,False
O02878,2026-02-23,W01,9,2026-03-04,False
O02879,2026-07-07,W05,2,2026-07-09,True
O02880,2026-06-18,W02,2,2026-06-20,True
O02881,2025-10-26,W04,7,2025-11-02,False
O02882,2025-12-17,W01,8,2025-12-25,False
O02883,2026-06-23,W05,5,2026-06-28,True
O02884,2026-07-21,W03,2,2026-07-23,True
O02885,2026-06-29,W04,10,2026-07-09,False
O02886,2026-07-31,W05,5,2026-08-05,True
O02887,2026-01-19,W03,3,2026-01-22,True
O02888,2026-02-02,W03,9,2026-02-11,False
O02889,2026-05-20,W01,2,2026-05-22,True
O02890,2026-05-31,W02,9,2026-06-09,False
O02891,2026-04-20,W04,2,2026-04-22,True
O02892,2026-04-29,W05,1,2026-04-30,True
O02893,2026-08-21,W03,10,2026-08-31,False
O02894,2026-08-03,W02,6,2026-08-09,False
O02895,2026-05-16,W03,6,2026-05-22,False
O02896,2026-05-07,W04,4,2026-05-11,True
O02897,2025-11-16,W04,2,2025-11-18,True
O02898,2026-02-27,W01,10,2026-03-09,False
O02899,2025-11-05,W04,3,2025-11-08,True
O02900,2026-07-05,W04,6,2026-07-11,False
O02901,2026-08-14,W04,4,2026-08-18,True
O02902,2026-02-18,W02,5,2026-02-23,True
O02903,2025-09-22,W05,9,2025-10-01,False
O02904,2025-12-16,W05,5,2025-12-21,True
O02905,2026-07-20,W04,10,2026-07-30,False
O02906,2026-04-15,W05,8,2026-04-23,False
O02907,2026-04-04,W04,2,2026-04-06,True
O02908,2025-11-08,W05,6,2025-11-14,False
O02909,2025-11-23,W05,6,2025-11-29,False
O02910,2025-12-12,W03,5,2025-12-17,True
O02911,2025-10-09,W02,6,2025-10-15,False
O02912,2025-09-13,W03,5,2025-09-18,True
O02913,2026-06-24,W03,2,2026-06-26,True
O02914,2026-07-10,W05,5,2026-07-15,True
O02915,2026-02-28,W01,1,2026-03-01,True
O02916,2026-05-26,W01,3,2026-05-29,True
O02917,2025-09-13,W02,7,2025-09-20,False
O02918,2025-12-29,W04,4,2026-01-02,True
O02919,2026-08-19,W05,8,2026-08-27,False
O02920,2025-10-27,W02,3,2025-10-30,True
O02921,2025-10-10,W03,7,2025-10-17,False
O02922,2026-08-02,W05,2,2026-08-04,True
O02923,2026-01-06,W03,8,2026-01-14,False
O02924,2026-02-20,W02,3,2026-02-23,True
O02925,2025-10-05,W01,6,2025-10-11,False
O02926,2026-05-17,W02,2,2026-05-19,True
O02927,2025-09-05,W05,7,2025-09-12,False
O02928,2026-04-06,W05,4,2026-04-10,True
O02929,2025-09-11,W04,6,2025-09-17,False
O02930,2026-07-24,W01,2,2026-07-26,True
O02931,2025-12-26,W05,3,2025-12-29,True
O02932,2026-03-03,W01,3,2026-03-06,True
O02933,2026-08-28,W05,4,2026-09-01,True
O02934,2025-12-25,W01,1,2025-12-26,True
O02935,2026-02-09,W02,6,2026-02-15,False
O02936,2025-11-06,W01,6,2025-11-12,False
O02937,2026-03-19,W03,4,2026-03-23,True
O02938,2025-10-01,W02,8,2025-10-09,False
O02939,2025-11-14,W05,5,2025-11-19,True
O02940,2026-04-25,W05,10,2026-05-05,False
O02941,2026-07-24,W04,4,2026-07-28,True
O02942,2025-11-05,W03,7,2025-11-12,False
O02943,2025-11-09,W04,10,2025-11-19,False
O02944,2026-06-24,W02,10,2026-07-04,False
O02945,2025-09-20,W04,8,2025-09-28,False
O02946,2026-04-14,W02,2,2026-04-16,True
O02947,2026-03-18,W04,1,2026-03-19,True
O02948,2025-10-09,W01,6,2025-10-15,False
O02949,2026-01-23,W02,2,2026-01-25,True
O02950,2025-10-15,W02,8,2025-10-23,False
O02951,2026-07-23,W01,5,2026-07-28,True
O02952,2025-11-30,W01,2,2025-12-02,True
O02953,2026-04-26,W03,5,2026-05-01,True
O02954,2025-11-09,W01,2,2025-11-11,True
O02955,2026-02-13,W04,6,2026-02-19,False
O02956,2026-01-08,W01,8,2026-01-16,False
O02957,2026-04-02,W01,2,2026-04-04,True
O02958,2026-08-06,W02,6,2026-08-12,False
O02959,2025-11-28,W02,6,2025-12-04,False
O02960,2026-08-01,W01,1,2026-08-02,True
O02961,2026-05-10,W03,9,2026-05-19,False
O02962,2026-08-15,W02,8,2026-08-23,False
O02963,2025-11-11,W04,4,2025-11-15,True
O02964,2026-02-12,W04,7,2026-02-19,False
O02965,2025-10-19,W01,4,2025-10-23,True
O02966,2025-10-22,W01,8,2025-10-30,False
O02967,2026-06-16,W03,10,2026-06-26,False
O02968,2026-06-05,W01,2,2026-06-07,True
O02969,2025-12-23,W05,2,2025-12-25,True
O02970,2026-04-27,W05,3,2026-04-30,True
O02971,2026-01-11,W01,4,2026-01-15,True
O02972,2026-06-01,W05,6,2026-06-07,False
O02973,2026-02-13,W04,5,2026-02-18,True
O02974,2026-06-20,W01,10,2026-06-30,False
O02975,2026-05-01,W04,10,2026-05-11,False
O02976,2026-07-17,W04,7,2026-07-24,False
O02977,2026-01-16,W05,6,2026-01-22,False
O02978,2025-11-18,W03,4,2025-11-22,True
O02979,2026-02-17,W04,10,2026-02-27,False
O02980,2026-01-01,W05,9,2026-01-10,False
O02981,2026-02-23,W03,7,2026-03-02,False
O02982,2026-06-27,W05,1,2026-06-28,True
O02983,2025-11-21,W05,8,2025-11-29,False
O02984,2025-11-26,W01,4,2025-11-30,True
O02985,2026-04-13,W02,7,2026-04-20,False
O02986,2025-09-16,W03,2,2025-09-18,True
O02987,2026-07-07,W05,3,2026-07-10,True
O02988,2026-08-24,W04,1,2026-08-25,True
O02989,2026-02-10,W04,2,2026-02-12,True
O02990,2025-12-07,W02,5,2025-12-12,True
O02991,2026-02-03,W03,2,2026-02-05,True
O02992,2025-09-02,W01,6,2025-09-08,False
O02993,2026-08-16,W03,6,2026-08-22,False
O02994,2026-02-16,W04,6,2026-02-22,False
O02995,2026-07-12,W04,3,2026-07-15,True
O02996,2026-07-22,W01,3,2026-07-25,True
O02997,2025-12-01,W01,10,2025-12-11,False
O02998,2026-02-28,W04,7,2026-03-07,False
O02999,2026-04-19,W05,4,2026-04-23,True
O03000,2026-06-28,W05,6,2026-07-04,False
O03001,2026-01-26,W01,8,2026-02-03,False
O03002,2026-06-07,W05,3,2026-06-10,True
O03003,2026-03-08,W01,9,2026-03-17,False
O03004,2026-08-13,W03,9,2026-08-22,False
O03005,2026-08-16,W03,3,2026-08-19,True
O03006,2026-07-11,W03,6,2026-07-17,False
O03007,2026-01-06,W01,5,2026-01-11,True
O03008,2025-09-07,W01,4,2025-09-11,True
O03009,2025-10-17,W05,8,2025-10-25,False
O03010,2025-10-23,W05,10,2025-11-02,False
O03011,2026-03-06,W05,9,2026-03-15,False
O03012,2025-10-08,W02,9,2025-10-17,False
O03013,2026-04-14,W01,5,2026-04-19,True
O03014,2025-10-23,W03,5,2025-10-28,True
O03015,2026-04-12,W03,3,2026-04-15,True
O03016,2026-02-01,W02,9,2026-02-10,False
O03017,2025-10-18,W02,1,2025-10-19,True
O03018,2026-08-17,W03,3,2026-08-20,True
O03019,2026-01-25,W01,7,2026-02-01,False
O03020,2025-11-03,W03,7,2025-11-10,False
O03021,2026-08-15,W03,5,2026-08-20,True
O03022,2026-03-01,W02,6,2026-03-07,False
O03023,2026-01-03,W02,4,2026-01-07,True
O03024,2026-02-26,W05,8,2026-03-06,False
O03025,2025-10-09,W02,4,2025-10-13,True
O03026,2026-05-18,W03,10,2026-05-28,False
O03027,2025-09-03,W05,6,2025-09-09,False
O03028,2025-11-03,W03,5,2025-11-08,True
O03029,2025-09-29,W01,10,2025-10-09,False
O03030,2025-09-11,W01,6,2025-09-17,False
O03031,2025-12-06,W02,3,2025-12-09,True
O03032,2026-08-24,W05,3,2026-08-27,True
O03033,2026-03-22,W04,10,2026-04-01,False
O03034,2025-09-21,W01,7,2025-09-28,False
O03035,2025-10-09,W01,1,2025-10-10,True
O03036,2026-04-11,W01,1,2026-04-12,True
O03037,2025-12-11,W01,1,2025-12-12,True
O03038,2025-10-16,W02,6,2025-10-22,False
O03039,2025-11-05,W05,4,2025-11-09,True
O03040,2025-11-30,W01,6,2025-12-06,False
O03041,2026-02-11,W02,1,2026-02-12,True
O03042,2025-12-20,W05,4,2025-12-24,True
O03043,2026-08-04,W05,4,2026-08-08,True
O03044,2026-01-01,W04,2,2026-01-03,True
O03045,2026-03-12,W03,1,2026-03-13,True
O03046,2025-12-08,W01,8,2025-12-16,False
O03047,2026-06-18,W02,6,2026-06-24,False
O03048,2026-02-06,W05,4,2026-02-10,True
O03049,2025-12-12,W04,2,2025-12-14,True
O03050,2026-06-08,W03,5,2026-06-13,True
O03051,2025-10-13,W05,9,2025-10-22,False
O03052,2025-11-23,W05,7,2025-11-30,False
O03053,2026-03-10,W01,4,2026-03-14,True
O03054,2025-10-21,W03,5,2025-10-26,True
O03055,2026-03-29,W03,8,2026-04-06,False
O03056,2026-01-04,W02,5,2026-01-09,True
O03057,2025-11-08,W04,6,2025-11-14,False
O03058,2026-05-23,W02,10,2026-06-02,False
O03059,2026-05-16,W04,6,2026-05-22,False
O03060,2026-03-07,W02,8,2026-03-15,False
O03061,2026-04-18,W04,5,2026-04-23,True
O03062,2026-03-08,W01,1,2026-03-09,True
O03063,2025-09-10,W04,4,2025-09-14,True
O03064,2025-12-23,W02,3,2025-12-26,True
O03065,2025-11-15,W03,2,2025-11-17,True
O03066,2026-02-11,W05,7,2026-02-18,False
O03067,2025-11-24,W04,7,2025-12-01,False
O03068,2025-10-19,W04,8,2025-10-27,False
O03069,2026-07-23,W03,10,2026-08-02,False
O03070,2026-02-24,W01,5,2026-03-01,True
O03071,2026-04-06,W02,1,2026-04-07,True
O03072,2026-03-08,W01,6,2026-03-14,False
O03073,2026-08-12,W04,6,2026-08-18,False
O03074,2026-04-18,W04,8,2026-04-26,False
O03075,2026-05-13,W01,10,2026-05-23,False
O03076,2026-04-24,W02,2,2026-04-26,True
O03077,2025-09-26,W04,9,2025-10-05,False
O03078,2025-11-11,W04,6,2025-11-17,False
O03079,2026-05-19,W01,1,2026-05-20,True
O03080,2026-05-12,W05,9,2026-05-21,False
O03081,2026-05-29,W03,8,2026-06-06,False
O03082,2026-01-01,W04,10,2026-01-11,False
O03083,2026-01-22,W02,1,2026-01-23,True
O03084,2026-05-15,W05,8,2026-05-23,False
O03085,2026-01-22,W01,7,2026-01-29,False
O03086,2026-05-17,W01,5,2026-05-22,True
O03087,2025-10-17,W02,6,2025-10-23,False
O03088,2026-08-17,W05,4,2026-08-21,True
O03089,2025-09-13,W02,9,2025-09-22,False
O03090,2026-03-27,W04,9,2026-04-05,False
O03091,2026-07-08,W05,10,2026-07-18,False
O03092,2026-04-23,W03,1,2026-04-24,True
O03093,2026-01-27,W03,9,2026-02-05,False
O03094,2026-07-19,W02,3,2026-07-22,True
O03095,2026-02-02,W03,2,2026-02-04,True
O03096,2026-02-13,W02,4,2026-02-17,True
O03097,2025-11-29,W04,4,2025-12-03,True
O03098,2026-03-05,W04,9,2026-03-14,False
O03099,2026-07-15,W02,4,2026-07-19,True
O03100,2026-08-24,W04,5,2026-08-29,True
O03101,2026-02-21,W03,6,2026-02-27,False
O03102,2026-04-05,W04,4,2026-04-09,True
O03103,2026-05-22,W03,1,2026-05-23,True
O03104,2025-12-06,W03,2,2025-12-08,True
O03105,2025-12-26,W01,3,2025-12-29,True
O03106,2026-03-18,W04,4,2026-03-22,True
O03107,2026-07-17,W04,5,2026-07-22,True
O03108,2025-09-21,W02,10,2025-10-01,False
O03109,2026-03-19,W02,10,2026-03-29,False
O03110,2026-08-07,W05,3,2026-08-10,True
O03111,2026-05-06,W03,1,2026-05-07,True
O03112,2026-06-03,W01,8,2026-06-11,False
O03113,2026-05-22,W03,8,2026-05-30,False
O03114,2025-10-28,W04,4,2025-11-01,True
O03115,2026-06-29,W05,7,2026-07-06,False
O03116,2025-10-01,W03,4,2025-10-05,True
O03117,2026-05-07,W05,3,2026-05-10,True
O03118,2025-12-02,W03,7,2025-12-09,False
O03119,2026-05-23,W04,6,2026-05-29,False
O03120,2026-05-29,W04,1,2026-05-30,True
O03121,2025-12-03,W03,9,2025-12-12,False
O03122,2026-02-01,W01,2,2026-02-03,True
O03123,2026-06-12,W04,3,2026-06-15,True
O03124,2025-11-19,W02,5,2025-11-24,True
O03125,2026-06-19,W01,3,2026-06-22,True
O03126,2025-11-23,W03,3,2025-11-26,True
O03127,2026-08-31,W01,8,2026-09-08,False
O03128,2025-10-07,W02,4,2025-10-11,True
O03129,2026-08-08,W04,10,2026-08-18,False
O03130,2026-07-24,W04,2,2026-07-26,True
O03131,2026-04-20,W04,5,2026-04-25,True
O03132,2025-12-02,W02,2,2025-12-04,True
O03133,2026-08-02,W01,10,2026-08-12,False
O03134,2025-12-11,W03,8,2025-12-19,False
O03135,2026-02-13,W03,3,2026-02-16,True
O03136,2026-02-06,W01,2,2026-02-08,True
O03137,2025-09-14,W04,3,2025-09-17,True
O03138,2026-04-13,W03,3,2026-04-16,True
O03139,2025-11-12,W04,1,2025-11-13,True
O03140,2026-05-07,W05,3,2026-05-10,True
O03141,2025-11-30,W05,3,2025-12-03,True
O03142,2026-04-04,W03,4,2026-04-08,True
O03143,2025-11-29,W01,8,2025-12-07,False
O03144,2025-09-29,W01,9,2025-10-08,False
O03145,2026-07-02,W01,1,2026-07-03,True
O03146,2026-04-08,W04,1,2026-04-09,True
O03147,2026-07-25,W05,6,2026-07-31,False
O03148,2026-04-03,W04,1,2026-04-04,True
O03149,2026-04-09,W02,5,2026-04-14,True
O03150,2025-10-12,W02,1,2025-10-13,True
O03151,2026-01-13,W03,8,2026-01-21,False
O03152,2025-10-12,W02,5,2025-10-17,True
O03153,2026-02-11,W01,6,2026-02-17,False
O03154,2026-08-27,W03,4,2026-08-31,True
O03155,2026-06-10,W05,8,2026-06-18,False
O03156,2025-10-28,W05,9,2025-11-06,False
O03157,2026-06-29,W02,9,2026-07-08,False
O03158,2026-07-19,W02,1,2026-07-20,True
O03159,2025-09-25,W05,7,2025-10-02,False
O03160,2025-11-12,W02,4,2025-11-16,True
O03161,2026-01-07,W02,10,2026-01-17,False
O03162,2025-11-26,W04,8,2025-12-04,False
O03163,2026-07-27,W05,7,2026-08-03,False
O03164,2026-01-31,W05,1,2026-02-01,True
O03165,2026-03-01,W02,1,2026-03-02,True
O03166,2026-01-03,W01,1,2026-01-04,True
O03167,2025-11-06,W04,2,2025-11-08,True
O03168,2025-09-06,W01,10,2025-09-16,False
O03169,2026-01-03,W02,2,2026-01-05,True
O03170,2026-07-11,W05,9,2026-07-20,False
O03171,2026-07-23,W01,5,2026-07-28,True
O03172,2025-10-23,W03,1,2025-10-24,True
O03173,2025-11-05,W01,7,2025-11-12,False
O03174,2026-07-11,W05,10,2026-07-21,False
O03175,2025-11-21,W02,2,2025-11-23,True
O03176,2025-11-26,W01,3,2025-11-29,True
O03177,2025-09-02,W02,4,2025-09-06,True
O03178,2026-03-23,W04,3,2026-03-26,True
O03179,2026-01-28,W03,3,2026-01-31,True
O03180,2026-06-20,W05,9,2026-06-29,False
O03181,2025-12-12,W05,4,2025-12-16,True
O03182,2025-09-24,W02,8,2025-10-02,False
O03183,2026-03-31,W03,1,2026-04-01,True
O03184,2025-11-04,W05,6,2025-11-10,False
O03185,2026-03-28,W01,1,2026-03-29,True
O03186,2026-05-09,W05,5,2026-05-14,True
O03187,2025-12-26,W01,7,2026-01-02,False
O03188,2025-12-25,W05,1,2025-12-26,True
O03189,2026-04-25,W01,9,2026-05-04,False
O03190,2025-12-14,W04,9,2025-12-23,False
O03191,2026-05-17,W02,6,2026-05-23,False
O03192,2025-10-16,W04,2,2025-10-18,True
O03193,2026-07-08,W01,2,2026-07-10,True
O03194,2026-07-28,W02,9,2026-08-06,False
O03195,2026-04-04,W03,4,2026-04-08,True
O03196,2026-06-28,W01,6,2026-07-04,False
O03197,2026-07-30,W05,10,2026-08-09,False
O03198,2025-09-24,W05,2,2025-09-26,True
O03199,2025-10-05,W03,4,2025-10-09,True
O03200,2025-09-24,W04,2,2025-09-26,True
O03201,2025-09-28,W01,3,2025-10-01,True
O03202,2025-09-16,W05,2,2025-09-18,True
O03203,2025-10-29,W02,8,2025-11-06,False
O03204,2026-05-01,W03,5,2026-05-06,True
O03205,2026-03-26,W04,5,2026-03-31,True
O03206,2026-05-29,W04,8,2026-06-06,False
O03207,2026-05-07,W02,8,2026-05-15,False
O03208,2026-05-25,W02,7,2026-06-01,False
O03209,2026-03-12,W03,5,2026-03-17,True
O03210,2026-08-01,W02,7,2026-08-08,False
O03211,2026-04-06,W05,1,2026-04-07,True
O03212,2025-12-24,W04,3,2025-12-27,True
O03213,2025-11-07,W02,3,2025-11-10,True
O03214,2026-06-26,W01,2,2026-06-28,True
O03215,2026-07-22,W02,6,2026-07-28,False
O03216,2025-11-14,W04,3,2025-11-17,True
O03217,2025-12-12,W05,4,2025-12-16,True
O03218,2026-06-24,W02,3,2026-06-27,True
O03219,2026-02-25,W05,7,2026-03-04,False
O03220,2026-04-03,W01,4,2026-04-07,True
O03221,2026-07-12,W04,5,2026-07-17,True
O03222,2025-10-09,W03,7,2025-10-16,False
O03223,2026-05-17,W04,4,2026-05-21,True
O03224,2026-03-23,W03,6,2026-03-29,False
O03225,2025-09-07,W03,9,2025-09-16,False
O03226,2025-10-19,W04,6,2025-10-25,False
O03227,2025-09-26,W03,5,2025-10-01,True
O03228,2026-02-08,W05,1,2026-02-09,True
O03229,2026-08-23,W01,8,2026-08-31,False
O03230,2026-02-23,W02,5,2026-02-28,True
O03231,2025-11-18,W03,5,2025-11-23,True
O03232,2025-09-02,W03,3,2025-09-05,True
O03233,2026-01-10,W04,10,2026-01-20,False
O03234,2026-06-03,W05,2,2026-06-05,True
O03235,2025-12-26,W02,1,2025-12-27,True
O03236,2026-02-11,W03,9,2026-02-20,False
O03237,2026-06-15,W05,5,2026-06-20,True
O03238,2025-09-28,W02,10,2025-10-08,False
O03239,2026-07-30,W04,4,2026-08-03,True
O03240,2025-09-01,W03,7,2025-09-08,False
O03241,2026-03-07,W04,4,2026-03-11,True
O03242,2025-10-26,W04,2,2025-10-28,True
O03243,2025-10-05,W03,9,2025-10-14,False
O03244,2025-12-21,W05,8,2025-12-29,False
O03245,2026-06-13,W05,4,2026-06-17,True
O03246,2026-07-07,W04,8,2026-07-15,False
O03247,2025-10-06,W04,9,2025-10-15,False
O03248,2026-04-05,W01,2,2026-04-07,True
O03249,2025-11-19,W02,4,2025-11-23,True
O03250,2026-07-11,W04,6,2026-07-17,False
O03251,2025-11-22,W04,7,2025-11-29,False
O03252,2025-11-04,W02,5,2025-11-09,True
O03253,2026-07-22,W03,10,2026-08-01,False
O03254,2026-01-06,W05,10,2026-01-16,False
O03255,2026-07-04,W03,7,2026-07-11,False
O03256,2025-09-22,W02,4,2025-09-26,True
O03257,2026-04-04,W02,8,2026-04-12,False
O03258,2025-12-16,W01,3,2025-12-19,True
O03259,2025-12-18,W01,3,2025-12-21,True
O03260,2026-08-23,W05,5,2026-08-28,True
O03261,2026-02-28,W04,6,2026-03-06,False
O03262,2026-08-22,W02,3,2026-08-25,True
O03263,2026-02-11,W01,10,2026-02-21,False
O03264,2025-11-07,W03,2,2025-11-09,True
O03265,2026-06-19,W01,5,2026-06-24,True
O03266,2026-02-27,W03,10,2026-03-09,False
O03267,2026-02-28,W01,6,2026-03-06,False
O03268,2026-02-16,W03,3,2026-02-19,True
O03269,2025-09-22,W01,7,2025-09-29,False
O03270,2025-11-05,W01,3,2025-11-08,True
O03271,2025-09-21,W05,2,2025-09-23,True
O03272,2025-12-09,W04,10,2025-12-19,False
O03273,2026-06-27,W02,4,2026-07-01,True
O03274,2025-12-12,W04,3,2025-12-15,True
O03275,2025-10-17,W05,7,2025-10-24,False
O03276,2025-10-09,W03,8,2025-10-17,False
O03277,2026-06-12,W04,3,2026-06-15,True
O03278,2026-07-07,W02,6,2026-07-13,False
O03279,2025-11-29,W02,1,2025-11-30,True
O03280,2025-11-24,W03,5,2025-11-29,True
O03281,2026-05-31,W02,2,2026-06-02,True
O03282,2026-08-02,W05,1,2026-08-03,True
O03283,2026-03-07,W04,7,2026-03-14,False
O03284,2026-02-06,W02,10,2026-02-16,False
O03285,2026-05-01,W04,4,2026-05-05,True
O03286,2025-11-12,W01,5,2025-11-17,True
O03287,2025-10-19,W04,2,2025-10-21,True
O03288,2025-12-10,W03,8,2025-12-18,False
O03289,2025-09-02,W05,10,2025-09-12,False
O03290,2026-05-02,W02,3,2026-05-05,True
O03291,2026-02-23,W05,7,2026-03-02,False
O03292,2026-04-26,W04,1,2026-04-27,True
O03293,2025-10-29,W02,10,2025-11-08,False
O03294,2026-08-19,W05,1,2026-08-20,True
O03295,2025-12-08,W03,7,2025-12-15,False
O03296,2026-08-25,W01,1,2026-08-26,True
O03297,2025-09-02,W01,9,2025-09-11,False
O03298,2026-05-01,W03,9,2026-05-10,False
O03299,2026-06-24,W01,8,2026-07-02,False
O03300,2026-03-30,W03,8,2026-04-07,False
O03301,2026-01-01,W04,4,2026-01-05,True
O03302,2026-04-17,W03,4,2026-04-21,True
O03303,2025-11-21,W01,5,2025-11-26,True
O03304,2026-01-22,W04,9,2026-01-31,False
O03305,2026-01-18,W03,3,2026-01-21,True
O03306,2025-09-29,W03,4,2025-10-03,True
O03307,2026-05-28,W04,10,2026-06-07,False
O03308,2026-05-05,W02,5,2026-05-10,True
O03309,2025-09-12,W01,7,2025-09-19,False
O03310,2026-08-21,W02,5,2026-08-26,True
O03311,2026-08-03,W04,9,2026-08-12,False
O03312,2025-12-15,W04,6,2025-12-21,False
O03313,2025-10-02,W05,3,2025-10-05,True
O03314,2025-11-13,W05,6,2025-11-19,False
O03315,2026-02-18,W04,6,2026-02-24,False
O03316,2026-08-03,W05,10,2026-08-13,False
O03317,2025-11-08,W03,1,2025-11-09,True
O03318,2026-06-28,W02,7,2026-07-05,False
O03319,2026-08-28,W04,3,2026-08-31,True
O03320,2026-01-15,W03,1,2026-01-16,True
O03321,2025-12-09,W01,1,2025-12-10,True
O03322,2026-01-24,W01,5,2026-01-29,True
O03323,2025-09-09,W05,10,2025-09-19,False
O03324,2025-11-01,W05,10,2025-11-11,False
O03325,2026-03-04,W03,2,2026-03-06,True
O03326,2025-09-29,W01,2,2025-10-01,True
O03327,2025-12-23,W04,4,2025-12-27,True
O03328,2026-01-21,W02,10,2026-01-31,False
O03329,2025-12-29,W05,7,2026-01-05,False
O03330,2026-02-17,W03,8,2026-02-25,False
O03331,2026-02-04,W05,10,2026-02-14,False
O03332,2026-08-01,W03,7,2026-08-08,False
O03333,2026-08-15,W01,9,2026-08-24,False
O03334,2026-05-18,W05,7,2026-05-25,False
O03335,2025-11-21,W03,4,2025-11-25,True
O03336,2026-04-30,W03,9,2026-05-09,False
O03337,2026-02-19,W05,9,2026-02-28,False
O03338,2026-04-19,W02,3,2026-04-22,True
O03339,2026-03-27,W04,10,2026-04-06,False
O03340,2025-11-14,W01,8,2025-11-22,False
O03341,2026-05-28,W05,1,2026-05-29,True
O03342,2025-12-23,W05,2,2025-12-25,True
O03343,2025-11-01,W02,8,2025-11-09,False
O03344,2026-08-28,W01,8,2026-09-05,False
O03345,2026-07-17,W05,6,2026-07-23,False
O03346,2025-12-11,W02,8,2025-12-19,False
O03347,2026-08-28,W04,8,2026-09-05,False
O03348,2026-03-29,W03,2,2026-03-31,True
O03349,2026-05-13,W04,3,2026-05-16,True
O03350,2025-09-20,W04,7,2025-09-27,False
O03351,2025-10-28,W04,3,2025-10-31,True
O03352,2025-12-21,W04,2,2025-12-23,True
O03353,2026-07-10,W03,6,2026-07-16,False
O03354,2026-03-15,W01,2,2026-03-17,True
O03355,2026-08-19,W01,2,2026-08-21,True
O03356,2025-12-01,W02,2,2025-12-03,True
O03357,2025-10-22,W02,4,2025-10-26,True
O03358,2026-06-20,W05,7,2026-06-27,False
O03359,2025-09-08,W04,6,2025-09-14,False
O03360,2026-06-27,W04,5,2026-07-02,True
O03361,2025-12-07,W03,4,2025-12-11,True
O03362,2026-04-24,W04,2,2026-04-26,True
O03363,2025-11-08,W03,8,2025-11-16,False
O03364,2025-10-15,W05,2,2025-10-17,True
O03365,2026-01-15,W02,8,2026-01-23,False
O03366,2026-04-22,W02,10,2026-05-02,False
O03367,2025-10-02,W05,4,2025-10-06,True
O03368,2026-06-16,W05,5,2026-06-21,True
O03369,2026-01-04,W04,1,2026-01-05,True
O03370,2025-11-06,W02,2,2025-11-08,True
O03371,2025-09-30,W01,8,2025-10-08,False
O03372,2025-12-23,W05,1,2025-12-24,True
O03373,2026-03-23,W02,3,2026-03-26,True
O03374,2025-09-29,W02,2,2025-10-01,True
O03375,2026-01-09,W03,10,2026-01-19,False
O03376,2026-03-04,W02,5,2026-03-09,True
O03377,2026-05-11,W05,4,2026-05-15,True
O03378,2026-06-13,W04,4,2026-06-17,True
O03379,2025-11-01,W02,4,2025-11-05,True
O03380,2025-09-03,W01,4,2025-09-07,True
O03381,2025-11-07,W05,4,2025-11-11,True
O03382,2025-09-25,W04,6,2025-10-01,False
O03383,2026-02-26,W04,2,2026-02-28,True
O03384,2026-01-19,W05,4,2026-01-23,True
O03385,2026-04-19,W04,7,2026-04-26,False
O03386,2026-06-27,W01,7,2026-07-04,False
O03387,2026-02-10,W02,1,2026-02-11,True
O03388,2026-07-08,W05,10,2026-07-18,False
O03389,2026-01-08,W02,9,2026-01-17,False
O03390,2026-05-04,W02,7,2026-05-11,False
O03391,2026-06-24,W04,6,2026-06-30,False
O03392,2026-02-19,W05,2,2026-02-21,True
O03393,2025-11-03,W02,6,2025-11-09,False
O03394,2025-10-01,W03,5,2025-10-06,True
O03395,2025-10-17,W01,9,2025-10-26,False
O03396,2026-01-08,W04,1,2026-01-09,True
O03397,2026-08-18,W05,5,2026-08-23,True
O03398,2026-07-30,W05,3,2026-08-02,True
O03399,2025-12-19,W04,9,2025-12-28,False
O03400,2025-11-08,W02,1,2025-11-09,True
O03401,2025-10-28,W04,6,2025-11-03,False
O03402,2025-12-15,W05,3,2025-12-18,True
O03403,2026-06-27,W03,1,2026-06-28,True
O03404,2026-07-27,W02,3,2026-07-30,True
O03405,2026-05-14,W04,2,2026-05-16,True
O03406,2026-07-09,W05,10,2026-07-19,False
O03407,2026-02-18,W05,8,2026-02-26,False
O03408,2026-02-09,W05,3,2026-02-12,True
O03409,2026-06-13,W03,7,2026-06-20,False
O03410,2025-11-10,W02,10,2025-11-20,False
O03411,2026-05-13,W04,6,2026-05-19,False
O03412,2025-10-25,W02,7,2025-11-01,False
O03413,2026-07-20,W05,7,2026-07-27,False
O03414,2025-09-03,W03,10,2025-09-13,False
O03415,2025-09-26,W03,1,2025-09-27,True
O03416,2026-07-10,W05,4,2026-07-14,True
O03417,2026-01-04,W02,4,2026-01-08,True
O03418,2025-10-23,W02,5,2025-10-28,True
O03419,2026-03-17,W03,10,2026-03-27,False
O03420,2026-06-26,W01,5,2026-07-01,True
O03421,2026-03-07,W03,8,2026-03-15,False
O03422,2026-03-05,W03,4,2026-03-09,True
O03423,2026-07-02,W04,1,2026-07-03,True
O03424,2026-06-25,W03,5,2026-06-30,True
O03425,2026-03-23,W01,1,2026-03-24,True
O03426,2025-09-11,W03,3,2025-09-14,True
O03427,2026-08-25,W02,8,2026-09-02,False
O03428,2026-08-20,W04,10,2026-08-30,False
O03429,2026-01-24,W04,5,2026-01-29,True
O03430,2025-11-24,W03,7,2025-12-01,False
O03431,2025-12-09,W04,1,2025-12-10,True
O03432,2025-12-13,W04,6,2025-12-19,False
O03433,2025-10-16,W03,8,2025-10-24,False
O03434,2025-10-14,W01,6,2025-10-20,False
O03435,2026-06-05,W03,4,2026-06-09,True
O03436,2026-02-28,W02,8,2026-03-08,False
O03437,2026-03-06,W05,8,2026-03-14,False
O03438,2025-12-23,W01,6,2025-12-29,False
O03439,2026-05-13,W03,8,2026-05-21,False
O03440,2025-09-30,W01,6,2025-10-06,False
O03441,2026-05-22,W05,4,2026-05-26,True
O03442,2025-12-07,W04,6,2025-12-13,False
O03443,2026-07-10,W04,9,2026-07-19,False
O03444,2026-07-26,W05,8,2026-08-03,False
O03445,2025-12-24,W04,7,2025-12-31,False
O03446,2026-06-03,W01,5,2026-06-08,True
O03447,2026-06-08,W04,7,2026-06-15,False
O03448,2026-06-02,W05,1,2026-06-03,True
O03449,2026-05-19,W05,8,2026-05-27,False
O03450,2026-07-28,W05,5,2026-08-02,True
O03451,2026-03-26,W02,7,2026-04-02,False
O03452,2026-07-25,W01,7,2026-08-01,False
O03453,2026-03-30,W05,8,2026-04-07,False
O03454,2026-04-03,W01,7,2026-04-10,False
O03455,2025-10-10,W02,6,2025-10-16,False
O03456,2025-09-26,W01,6,2025-10-02,False
O03457,2025-09-27,W03,5,2025-10-02,True
O03458,2026-03-09,W02,5,2026-03-14,True
O03459,2025-11-22,W02,4,2025-11-26,True
O03460,2026-02-17,W04,7,2026-02-24,False
O03461,2026-02-14,W05,3,2026-02-17,True
O03462,2026-03-07,W02,5,2026-03-12,True
O03463,2026-02-16,W01,3,2026-02-19,True
O03464,2026-06-16,W03,8,2026-06-24,False
O03465,2026-04-17,W01,5,2026-04-22,True
O03466,2025-12-06,W01,10,2025-12-16,False
O03467,2025-09-16,W03,6,2025-09-22,False
O03468,2026-06-06,W04,1,2026-06-07,True
O03469,2026-01-13,W05,4,2026-01-17,True
O03470,2025-09-26,W02,9,2025-10-05,False
O03471,2026-08-18,W05,5,2026-08-23,True
O03472,2025-09-12,W04,1,2025-09-13,True
O03473,2025-11-11,W03,4,2025-11-15,True
O03474,2026-01-11,W05,6,2026-01-17,False
O03475,2025-12-15,W01,7,2025-12-22,False
O03476,2026-04-08,W02,7,2026-04-15,False
O03477,2026-02-24,W02,8,2026-03-04,False
O03478,2026-06-09,W04,5,2026-06-14,True
O03479,2026-01-11,W04,6,2026-01-17,False
O03480,2025-09-22,W03,2,2025-09-24,True
O03481,2026-05-27,W04,10,2026-06-06,False
O03482,2026-02-08,W05,2,2026-02-10,True
O03483,2025-12-16,W02,3,2025-12-19,True
O03484,2026-06-06,W03,4,2026-06-10,True
O03485,2026-08-19,W04,6,2026-08-25,False
O03486,2026-04-23,W01,6,2026-04-29,False
O03487,2025-09-18,W02,3,2025-09-21,True
O03488,2026-04-30,W03,1,2026-05-01,True
O03489,2025-12-26,W02,3,2025-12-29,True
O03490,2026-06-13,W05,4,2026-06-17,True
O03491,2026-06-09,W04,9,2026-06-18,False
O03492,2026-01-22,W04,10,2026-02-01,False
O03493,2026-03-24,W04,8,2026-04-01,False
O03494,2025-10-09,W01,4,2025-10-13,True
O03495,2026-02-01,W05,7,2026-02-08,False
O03496,2026-02-23,W01,9,2026-03-04,False
O03497,2026-04-29,W05,2,2026-05-01,True
O03498,2026-01-12,W05,3,2026-01-15,True
O03499,2025-10-16,W05,1,2025-10-17,True
O03500,2025-10-20,W04,8,2025-10-28,False
O03501,2026-02-13,W04,2,2026-02-15,True
O03502,2025-12-15,W04,7,2025-12-22,False
O03503,2026-04-04,W01,7,2026-04-11,False
O03504,2026-01-24,W03,3,2026-01-27,True
O03505,2025-11-11,W05,2,2025-11-13,True
O03506,2026-07-27,W01,3,2026-07-30,True
O03507,2026-05-31,W04,8,2026-06-08,False
O03508,2026-05-05,W04,9,2026-05-14,False
O03509,2026-03-05,W03,8,2026-03-13,False
O03510,2025-11-09,W04,2,2025-11-11,True
O03511,2026-01-28,W05,9,2026-02-06,False
O03512,2026-05-04,W02,6,2026-05-10,False
O03513,2026-05-20,W04,2,2026-05-22,True
O03514,2025-09-26,W03,9,2025-10-05,False
O03515,2026-01-18,W02,5,2026-01-23,True
O03516,2025-12-08,W05,6,2025-12-14,False
O03517,2026-06-05,W05,1,2026-06-06,True
O03518,2025-10-21,W05,2,2025-10-23,True
O03519,2026-01-29,W03,1,2026-01-30,True
O03520,2025-12-13,W02,4,2025-12-17,True
O03521,2025-11-28,W05,2,2025-11-30,True
O03522,2026-01-19,W04,1,2026-01-20,True
O03523,2026-04-01,W02,3,2026-04-04,True
O03524,2026-04-21,W05,4,2026-04-25,True
O03525,2026-03-02,W02,4,2026-03-06,True
O03526,2026-05-09,W04,3,2026-05-12,True
O03527,2025-09-09,W01,2,2025-09-11,True
O03528,2025-11-18,W05,8,2025-11-26,False
O03529,2025-10-22,W04,10,2025-11-01,False
O03530,2026-05-27,W03,2,2026-05-29,True
O03531,2026-04-14,W05,5,2026-04-19,True
O03532,2025-10-21,W01,7,2025-10-28,False
O03533,2026-03-05,W04,9,2026-03-14,False
O03534,2025-10-04,W04,3,2025-10-07,True
O03535,2026-06-18,W02,1,2026-06-19,True
O03536,2026-04-18,W05,9,2026-04-27,False
O03537,2026-01-09,W01,1,2026-01-10,True
O03538,2025-12-29,W03,8,2026-01-06,False
O03539,2026-07-23,W02,2,2026-07-25,True
O03540,2026-05-05,W05,7,2026-05-12,False
O03541,2026-03-11,W01,3,2026-03-14,True
O03542,2026-07-20,W02,6,2026-07-26,False
O03543,2026-03-29,W01,6,2026-04-04,False
O03544,2025-12-12,W01,4,2025-12-16,True
O03545,2026-07-26,W02,8,2026-08-03,False
O03546,2026-01-11,W02,5,2026-01-16,True
O03547,2026-07-20,W05,7,2026-07-27,False
O03548,2026-01-17,W02,5,2026-01-22,True
O03549,2025-12-30,W05,4,2026-01-03,True
O03550,2025-12-03,W01,6,2025-12-09,False
O03551,2026-01-07,W02,3,2026-01-10,True
O03552,2025-11-30,W05,6,2025-12-06,False
O03553,2025-12-01,W05,6,2025-12-07,False
O03554,2025-11-02,W03,6,2025-11-08,False
O03555,2025-09-29,W05,3,2025-10-02,True
O03556,2026-03-29,W05,8,2026-04-06,False
O03557,2025-09-12,W03,4,2025-09-16,True
O03558,2026-07-30,W04,2,2026-08-01,True
O03559,2026-06-24,W02,7,2026-07-01,False
O03560,2026-01-08,W03,8,2026-01-16,False
O03561,2026-06-20,W05,4,2026-06-24,True
O03562,2026-02-20,W05,6,2026-02-26,False
O03563,2026-03-27,W02,8,2026-04-04,False
O03564,2025-09-24,W01,5,2025-09-29,True
O03565,2025-12-08,W03,9,2025-12-17,False
O03566,2026-08-22,W04,6,2026-08-28,False
O03567,2026-01-17,W02,6,2026-01-23,False
O03568,2026-07-11,W02,2,2026-07-13,True
O03569,2026-02-21,W03,7,2026-02-28,False
O03570,2025-09-29,W05,9,2025-10-08,False
O03571,2026-01-21,W05,5,2026-01-26,True
O03572,2026-07-13,W04,5,2026-07-18,True
O03573,2026-08-17,W03,5,2026-08-22,True
O03574,2025-10-12,W02,1,2025-10-13,True
O03575,2026-06-26,W03,5,2026-07-01,True
O03576,2026-03-27,W01,10,2026-04-06,False
O03577,2026-07-27,W02,8,2026-08-04,False
O03578,2026-03-11,W04,3,2026-03-14,True
O03579,2026-02-07,W04,9,2026-02-16,False
O03580,2025-11-03,W02,9,2025-11-12,False
O03581,2026-05-01,W05,6,2026-05-07,False
O03582,2026-05-16,W02,4,2026-05-20,True
O03583,2026-01-30,W02,4,2026-02-03,True
O03584,2026-04-03,W01,1,2026-04-04,True
O03585,2026-07-19,W02,10,2026-07-29,False
O03586,2026-02-13,W03,5,2026-02-18,True
O03587,2025-10-01,W03,5,2025-10-06,True
O03588,2026-04-20,W04,5,2026-04-25,True
O03589,2026-06-09,W05,1,2026-06-10,True
O03590,2025-09-29,W04,1,2025-09-30,True
O03591,2026-03-14,W01,10,2026-03-24,False
O03592,2026-07-31,W02,2,2026-08-02,True
O03593,2026-05-14,W04,1,2026-05-15,True
O03594,2026-06-08,W02,8,2026-06-16,False
O03595,2026-07-01,W04,4,2026-07-05,True
O03596,2026-07-18,W02,6,2026-07-24,False
O03597,2026-07-20,W04,8,2026-07-28,False
O03598,2026-08-12,W03,5,2026-08-17,True
O03599,2026-06-21,W01,6,2026-06-27,False
O03600,2025-11-26,W04,4,2025-11-30,True
O03601,2026-01-27,W03,6,2026-02-02,False
O03602,2026-05-07,W05,6,2026-05-13,False
O03603,2026-07-18,W04,3,2026-07-21,True
O03604,2026-06-10,W02,4,2026-06-14,True
O03605,2026-08-28,W01,6,2026-09-03,False
O03606,2026-03-17,W03,8,2026-03-25,False
O03607,2025-10-14,W03,7,2025-10-21,False
O03608,2026-08-22,W01,4,2026-08-26,True
O03609,2025-09-28,W04,3,2025-10-01,True
O03610,2025-09-17,W02,8,2025-09-25,False
O03611,2026-01-05,W05,6,2026-01-11,False
O03612,2026-02-15,W04,8,2026-02-23,False
O03613,2026-05-02,W01,9,2026-05-11,False
O03614,2025-11-15,W04,9,2025-11-24,False
O03615,2026-04-19,W04,10,2026-04-29,False
O03616,2026-03-23,W01,9,2026-04-01,False
O03617,2026-05-06,W01,10,2026-05-16,False
O03618,2026-06-29,W05,1,2026-06-30,True
O03619,2026-04-02,W01,3,2026-04-05,True
O03620,2026-04-03,W01,9,2026-04-12,False
O03621,2026-02-05,W01,4,2026-02-09,True
O03622,2025-11-08,W03,10,2025-11-18,False
O03623,2025-11-24,W01,2,2025-11-26,True
O03624,2026-05-25,W01,1,2026-05-26,True
O03625,2025-11-08,W01,5,2025-11-13,True
O03626,2025-12-08,W05,4,2025-12-12,True
O03627,2026-08-13,W04,5,2026-08-18,True
O03628,2026-04-04,W01,5,2026-04-09,True
O03629,2026-02-08,W01,8,2026-02-16,False
O03630,2025-12-03,W05,6,2025-12-09,False
O03631,2026-02-21,W04,3,2026-02-24,True
O03632,2026-02-12,W05,9,2026-02-21,False
O03633,2025-12-24,W02,8,2026-01-01,False
O03634,2026-04-08,W02,9,2026-04-17,False
O03635,2025-10-01,W02,4,2025-10-05,True
O03636,2025-09-11,W01,8,2025-09-19,False
O03637,2026-08-09,W05,3,2026-08-12,True
O03638,2026-01-08,W01,5,2026-01-13,True
O03639,2025-12-14,W02,7,2025-12-21,False
O03640,2025-09-27,W04,1,2025-09-28,True
O03641,2026-04-15,W04,1,2026-04-16,True
O03642,2025-09-02,W05,3,2025-09-05,True
O03643,2026-08-25,W04,4,2026-08-29,True
O03644,2025-12-10,W02,1,2025-12-11,True
O03645,2025-09-21,W05,8,2025-09-29,False
O03646,2025-10-28,W05,2,2025-10-30,True
O03647,2026-02-27,W02,5,2026-03-04,True
O03648,2026-08-07,W02,6,2026-08-13,False
O03649,2026-08-15,W02,6,2026-08-21,False
O03650,2025-09-20,W02,6,2025-09-26,False
O03651,2026-05-13,W05,1,2026-05-14,True
O03652,2026-07-14,W04,3,2026-07-17,True
O03653,2025-10-08,W02,3,2025-10-11,True
O03654,2026-01-26,W03,8,2026-02-03,False
O03655,2025-09-25,W05,6,2025-10-01,False
O03656,2025-12-30,W01,2,2026-01-01,True
O03657,2025-09-26,W04,1,2025-09-27,True
O03658,2026-02-16,W05,4,2026-02-20,True
O03659,2026-07-20,W02,1,2026-07-21,True
O03660,2026-04-13,W03,5,2026-04-18,True
O03661,2025-09-01,W01,8,2025-09-09,False
O03662,2026-07-04,W04,10,2026-07-14,False
O03663,2026-05-19,W02,2,2026-05-21,True
O03664,2025-09-13,W05,8,2025-09-21,False
O03665,2025-10-18,W05,8,2025-10-26,False
O03666,2026-07-10,W04,6,2026-07-16,False
O03667,2026-06-18,W03,8,2026-06-26,False
O03668,2026-07-29,W02,2,2026-07-31,True
O03669,2025-12-03,W04,7,2025-12-10,False
O03670,2026-05-19,W04,8,2026-05-27,False
O03671,2026-06-05,W05,4,2026-06-09,True
O03672,2026-08-25,W04,9,2026-09-03,False
O03673,2026-03-24,W01,6,2026-03-30,False
O03674,2026-03-04,W01,3,2026-03-07,True
O03675,2026-02-22,W02,4,2026-02-26,True
O03676,2026-07-06,W04,4,2026-07-10,True
O03677,2025-11-08,W05,1,2025-11-09,True
O03678,2025-12-13,W02,10,2025-12-23,False
O03679,2026-05-04,W03,1,2026-05-05,True
O03680,2026-02-08,W05,1,2026-02-09,True
O03681,2026-03-19,W03,4,2026-03-23,True
O03682,2026-04-04,W02,1,2026-04-05,True
O03683,2026-03-31,W01,6,2026-04-06,False
O03684,2025-09-16,W05,2,2025-09-18,True
O03685,2026-07-29,W05,1,2026-07-30,True
O03686,2026-03-24,W02,7,2026-03-31,False
O03687,2026-08-31,W05,6,2026-09-06,False
O03688,2025-10-09,W05,1,2025-10-10,True
O03689,2025-11-28,W02,10,2025-12-08,False
O03690,2026-05-14,W04,9,2026-05-23,False
O03691,2026-05-12,W02,6,2026-05-18,False
O03692,2026-04-04,W05,2,2026-04-06,True
O03693,2026-06-30,W02,7,2026-07-07,False
O03694,2026-02-19,W05,3,2026-02-22,True
O03695,2026-01-15,W03,7,2026-01-22,False
O03696,2026-02-25,W03,9,2026-03-06,False
O03697,2025-11-16,W01,5,2025-11-21,True
O03698,2026-03-07,W02,1,2026-03-08,True
O03699,2025-09-15,W02,5,2025-09-20,True
O03700,2026-06-19,W03,8,2026-06-27,False
O03701,2026-07-16,W03,8,2026-07-24,False
O03702,2026-07-22,W03,3,2026-07-25,True
O03703,2026-04-02,W01,4,2026-04-06,True
O03704,2026-03-27,W01,8,2026-04-04,False
O03705,2026-02-16,W04,8,2026-02-24,False
O03706,2026-07-27,W02,7,2026-08-03,False
O03707,2026-06-07,W01,6,2026-06-13,False
O03708,2026-07-02,W05,4,2026-07-06,True
O03709,2026-01-24,W02,10,2026-02-03,False
O03710,2026-05-21,W04,9,2026-05-30,False
O03711,2025-09-04,W03,2,2025-09-06,True
O03712,2025-11-29,W04,2,2025-12-01,True
O03713,2025-10-30,W02,1,2025-10-31,True
O03714,2026-07-08,W03,3,2026-07-11,True
O03715,2025-09-16,W04,3,2025-09-19,True
O03716,2026-04-15,W04,4,2026-04-19,True
O03717,2025-09-29,W02,3,2025-10-02,True
O03718,2026-01-29,W01,10,2026-02-08,False
O03719,2026-05-03,W05,6,2026-05-09,False
O03720,2026-05-28,W04,9,2026-06-06,False
O03721,2025-11-18,W05,8,2025-11-26,False
O03722,2026-06-16,W02,6,2026-06-22,False
O03723,2026-01-31,W02,8,2026-02-08,False
O03724,2026-06-04,W01,8,2026-06-12,False
O03725,2026-06-06,W03,10,2026-06-16,False
O03726,2025-10-27,W05,6,2025-11-02,False
O03727,2026-03-05,W04,2,2026-03-07,True
O03728,2025-12-02,W03,5,2025-12-07,True
O03729,2026-06-03,W05,4,2026-06-07,True
O03730,2026-02-05,W05,6,2026-02-11,False
O03731,2026-06-02,W03,2,2026-06-04,True
O03732,2026-02-28,W03,4,2026-03-04,True
O03733,2026-08-25,W01,8,2026-09-02,False
O03734,2025-11-16,W04,1,2025-11-17,True
O03735,2026-01-29,W04,3,2026-02-01,True
O03736,2026-04-26,W04,4,2026-04-30,True
O03737,2026-06-16,W03,2,2026-06-18,True
O03738,2026-04-19,W01,2,2026-04-21,True
O03739,2025-09-18,W02,6,2025-09-24,False
O03740,2025-11-12,W01,6,2025-11-18,False
O03741,2026-03-08,W03,3,2026-03-11,True
O03742,2025-09-17,W01,8,2025-09-25,False
O03743,2025-09-19,W03,3,2025-09-22,True
O03744,2026-04-07,W05,2,2026-04-09,True
O03745,2026-07-23,W05,5,2026-07-28,True
O03746,2025-12-29,W02,7,2026-01-05,False
O03747,2025-12-10,W05,1,2025-12-11,True
O03748,2025-10-04,W02,2,2025-10-06,True
O03749,2025-11-23,W04,2,2025-11-25,True
O03750,2026-03-15,W03,8,2026-03-23,False
O03751,2026-07-27,W04,10,2026-08-06,False
O03752,2026-03-21,W04,6,2026-03-27,False
O03753,2026-08-10,W02,4,2026-08-14,True
O03754,2026-08-07,W03,4,2026-08-11,True
O03755,2025-09-11,W02,5,2025-09-16,True
O03756,2026-08-13,W01,3,2026-08-16,True
O03757,2026-04-06,W04,4,2026-04-10,True
O03758,2026-05-11,W03,4,2026-05-15,True
O03759,2026-04-10,W04,7,2026-04-17,False
O03760,2025-11-19,W01,7,2025-11-26,False
O03761,2025-09-07,W01,1,2025-09-08,True
O03762,2026-05-30,W03,3,2026-06-02,True
O03763,2026-04-15,W03,9,2026-04-24,False
O03764,2025-09-16,W01,6,2025-09-22,False
O03765,2025-09-12,W04,6,2025-09-18,False
O03766,2026-06-18,W05,4,2026-06-22,True
O03767,2026-04-29,W04,10,2026-05-09,False
O03768,2025-09-21,W05,9,2025-09-30,False
O03769,2026-02-25,W02,3,2026-02-28,True
O03770,2026-04-16,W03,8,2026-04-24,False
O03771,2026-05-31,W01,6,2026-06-06,False
O03772,2026-06-15,W02,2,2026-06-17,True
O03773,2026-06-24,W04,3,2026-06-27,True
O03774,2026-01-12,W05,1,2026-01-13,True
O03775,2026-06-10,W03,3,2026-06-13,True
O03776,2026-01-31,W05,4,2026-02-04,True
O03777,2025-11-05,W04,6,2025-11-11,False
O03778,2026-01-15,W04,10,2026-01-25,False
O03779,2025-12-01,W01,7,2025-12-08,False
O03780,2026-07-14,W02,3,2026-07-17,True
O03781,2026-05-17,W03,7,2026-05-24,False
O03782,2025-12-12,W01,4,2025-12-16,True
O03783,2025-10-25,W05,1,2025-10-26,True
O03784,2026-05-15,W02,1,2026-05-16,True
O03785,2025-12-10,W03,8,2025-12-18,False
O03786,2026-03-17,W05,10,2026-03-27,False
O03787,2026-06-28,W03,7,2026-07-05,False
O03788,2026-04-14,W03,4,2026-04-18,True
O03789,2026-04-25,W02,1,2026-04-26,True
O03790,2025-09-26,W05,6,2025-10-02,False
O03791,2025-12-30,W01,10,2026-01-09,False
O03792,2026-03-01,W01,7,2026-03-08,False
O03793,2026-03-18,W01,6,2026-03-24,False
O03794,2026-06-29,W03,6,2026-07-05,False
O03795,2026-05-13,W04,8,2026-05-21,False
O03796,2025-12-31,W02,6,2026-01-06,False
O03797,2025-10-01,W01,2,2025-10-03,True
O03798,2026-07-12,W02,7,2026-07-19,False
O03799,2026-06-12,W03,10,2026-06-22,False
O03800,2025-12-15,W02,4,2025-12-19,True
O03801,2026-04-12,W01,3,2026-04-15,True
O03802,2026-05-31,W01,8,2026-06-08,False
O03803,2026-04-20,W03,10,2026-04-30,False
O03804,2026-05-14,W03,5,2026-05-19,True
O03805,2025-09-24,W05,4,2025-09-28,True
O03806,2025-12-18,W03,4,2025-12-22,True
O03807,2026-03-10,W04,5,2026-03-15,True
O03808,2026-08-13,W04,4,2026-08-17,True
O03809,2025-09-25,W01,3,2025-09-28,True
O03810,2026-03-06,W03,4,2026-03-10,True
O03811,2026-06-15,W04,10,2026-06-25,False
O03812,2025-12-25,W04,5,2025-12-30,True
O03813,2026-08-04,W05,2,2026-08-06,True
O03814,2025-10-07,W03,7,2025-10-14,False
O03815,2026-06-09,W05,5,2026-06-14,True
O03816,2026-01-15,W02,9,2026-01-24,False
O03817,2026-04-15,W05,6,2026-04-21,False
O03818,2026-07-17,W02,1,2026-07-18,True
O03819,2026-07-25,W02,9,2026-08-03,False
O03820,2026-03-01,W03,5,2026-03-06,True
O03821,2026-08-28,W02,9,2026-09-06,False
O03822,2025-11-25,W02,1,2025-11-26,True
O03823,2025-10-23,W05,2,2025-10-25,True
O03824,2026-08-14,W03,3,2026-08-17,True
O03825,2026-08-21,W03,5,2026-08-26,True
O03826,2026-04-23,W02,6,2026-04-29,False
O03827,2026-05-25,W05,5,2026-05-30,True
O03828,2026-06-14,W05,1,2026-06-15,True
O03829,2025-12-09,W05,4,2025-12-13,True
O03830,2025-11-26,W05,6,2025-12-02,False
O03831,2025-09-15,W01,4,2025-09-19,True
O03832,2025-12-10,W02,4,2025-12-14,True
O03833,2026-02-12,W02,5,2026-02-17,True
O03834,2025-09-29,W02,8,2025-10-07,False
O03835,2025-12-23,W03,5,2025-12-28,True
O03836,2025-12-16,W03,7,2025-12-23,False
O03837,2026-08-30,W05,8,2026-09-07,False
O03838,2026-01-08,W03,6,2026-01-14,False
O03839,2025-11-23,W04,6,2025-11-29,False
O03840,2026-05-29,W02,2,2026-05-31,True
O03841,2026-05-02,W02,10,2026-05-12,False
O03842,2026-04-02,W01,5,2026-04-07,True
O03843,2026-07-03,W01,1,2026-07-04,True
O03844,2026-02-13,W04,9,2026-02-22,False
O03845,2026-06-06,W01,7,2026-06-13,False
O03846,2025-10-29,W05,2,2025-10-31,True
O03847,2025-11-29,W05,6,2025-12-05,False
O03848,2026-07-28,W02,10,2026-08-07,False
O03849,2026-03-13,W05,9,2026-03-22,False
O03850,2026-01-01,W01,5,2026-01-06,True
O03851,2026-01-14,W04,3,2026-01-17,True
O03852,2026-01-17,W05,10,2026-01-27,False
O03853,2026-04-17,W02,4,2026-04-21,True
O03854,2026-06-01,W02,3,2026-06-04,True
O03855,2025-10-20,W01,1,2025-10-21,True
O03856,2025-12-27,W05,10,2026-01-06,False
O03857,2026-03-21,W01,7,2026-03-28,False
O03858,2026-03-10,W02,8,2026-03-18,False
O03859,2026-08-30,W04,2,2026-09-01,True
O03860,2026-07-20,W05,8,2026-07-28,False
O03861,2026-02-28,W04,9,2026-03-09,False
O03862,2025-11-17,W05,7,2025-11-24,False
O03863,2025-11-14,W02,1,2025-11-15,True
O03864,2026-06-22,W05,4,2026-06-26,True
O03865,2026-06-08,W02,7,2026-06-15,False
O03866,2025-09-21,W03,6,2025-09-27,False
O03867,2026-02-18,W02,8,2026-02-26,False
O03868,2025-09-15,W02,6,2025-09-21,False
O03869,2026-03-30,W05,10,2026-04-09,False
O03870,2025-10-18,W04,6,2025-10-24,False
O03871,2025-11-25,W02,10,2025-12-05,False
O03872,2026-01-27,W05,6,2026-02-02,False
O03873,2026-03-07,W02,7,2026-03-14,False
O03874,2026-07-03,W01,5,2026-07-08,True
O03875,2026-01-29,W01,9,2026-02-07,False
O03876,2026-01-19,W01,7,2026-01-26,False
O03877,2025-11-08,W01,1,2025-11-09,True
O03878,2026-05-18,W04,9,2026-05-27,False
O03879,2026-07-31,W02,6,2026-08-06,False
O03880,2025-09-09,W01,8,2025-09-17,False
O03881,2025-12-30,W05,9,2026-01-08,False
O03882,2025-12-10,W01,2,2025-12-12,True
O03883,2026-01-27,W03,2,2026-01-29,True
O03884,2026-01-24,W03,5,2026-01-29,True
O03885,2026-08-19,W04,5,2026-08-24,True
O03886,2026-05-01,W03,10,2026-05-11,False
O03887,2026-04-29,W05,10,2026-05-09,False
O03888,2026-08-03,W01,2,2026-08-05,True
O03889,2025-10-13,W03,10,2025-10-23,False
O03890,2025-12-04,W03,4,2025-12-08,True
O03891,2026-04-14,W04,9,2026-04-23,False
O03892,2025-09-06,W03,4,2025-09-10,True
O03893,2026-04-02,W01,1,2026-04-03,True
O03894,2026-03-25,W02,5,2026-03-30,True
O03895,2025-11-06,W01,2,2025-11-08,True
O03896,2025-12-09,W03,6,2025-12-15,False
O03897,2025-09-12,W03,1,2025-09-13,True
O03898,2026-04-25,W03,7,2026-05-02,False
O03899,2026-07-19,W04,7,2026-07-26,False
O03900,2026-05-16,W05,4,2026-05-20,True
O03901,2026-08-03,W01,9,2026-08-12,False
O03902,2026-01-13,W03,3,2026-01-16,True
O03903,2026-04-10,W02,5,2026-04-15,True
O03904,2026-02-03,W04,5,2026-02-08,True
O03905,2026-01-20,W05,8,2026-01-28,False
O03906,2026-02-05,W03,10,2026-02-15,False
O03907,2026-07-23,W01,10,2026-08-02,False
O03908,2026-08-10,W02,4,2026-08-14,True
O03909,2026-05-20,W04,1,2026-05-21,True
O03910,2026-06-10,W01,5,2026-06-15,True
O03911,2026-08-04,W01,1,2026-08-05,True
O03912,2026-08-10,W04,3,2026-08-13,True
O03913,2026-04-17,W01,6,2026-04-23,False
O03914,2026-06-07,W02,1,2026-06-08,True
O03915,2026-08-24,W02,10,2026-09-03,False
O03916,2026-06-17,W01,3,2026-06-20,True
O03917,2026-02-15,W03,7,2026-02-22,False
O03918,2025-10-17,W01,2,2025-10-19,True
O03919,2026-03-22,W03,6,2026-03-28,False
O03920,2026-04-02,W01,7,2026-04-09,False
O03921,2026-05-04,W05,2,2026-05-06,True
O03922,2025-09-24,W02,5,2025-09-29,True
O03923,2026-07-18,W01,10,2026-07-28,False
O03924,2026-06-01,W02,10,2026-06-11,False
O03925,2025-10-14,W04,1,2025-10-15,True
O03926,2026-07-29,W05,3,2026-08-01,True
O03927,2026-07-10,W03,1,2026-07-11,True
O03928,2026-08-29,W04,3,2026-09-01,True
O03929,2026-02-03,W05,4,2026-02-07,True
O03930,2026-03-18,W04,5,2026-03-23,True
O03931,2026-02-09,W02,4,2026-02-13,True
O03932,2026-04-22,W05,4,2026-04-26,True
O03933,2026-02-10,W04,9,2026-02-19,False
O03934,2025-12-25,W03,9,2026-01-03,False
O03935,2025-12-02,W05,9,2025-12-11,False
O03936,2025-10-12,W05,5,2025-10-17,True
O03937,2026-06-11,W04,5,2026-06-16,True
O03938,2026-03-29,W01,2,2026-03-31,True
O03939,2026-03-25,W03,6,2026-03-31,False
O03940,2026-04-08,W03,2,2026-04-10,True
O03941,2026-06-07,W04,10,2026-06-17,False
O03942,2026-01-14,W02,5,2026-01-19,True
O03943,2025-12-15,W02,5,2025-12-20,True
O03944,2025-12-27,W01,4,2025-12-31,True
O03945,2026-04-25,W01,5,2026-04-30,True
O03946,2026-07-06,W04,7,2026-07-13,False
O03947,2025-12-09,W02,10,2025-12-19,False
O03948,2026-05-19,W03,2,2026-05-21,True
O03949,2026-07-02,W02,1,2026-07-03,True
O03950,2026-08-20,W04,4,2026-08-24,True
O03951,2026-06-13,W02,7,2026-06-20,False
O03952,2026-07-25,W05,1,2026-07-26,True
O03953,2025-12-12,W04,4,2025-12-16,True
O03954,2025-11-02,W05,6,2025-11-08,False
O03955,2026-02-22,W04,6,2026-02-28,False
O03956,2026-06-09,W03,1,2026-06-10,True
O03957,2026-06-20,W04,7,2026-06-27,False
O03958,2026-04-14,W04,5,2026-04-19,True
O03959,2025-09-07,W04,6,2025-09-13,False
O03960,2026-01-05,W04,1,2026-01-06,True
O03961,2025-12-01,W01,7,2025-12-08,False
O03962,2026-03-09,W05,4,2026-03-13,True
O03963,2026-08-25,W04,3,2026-08-28,True
O03964,2025-10-23,W04,4,2025-10-27,True
O03965,2026-04-30,W01,9,2026-05-09,False
O03966,2026-01-10,W02,5,2026-01-15,True
O03967,2026-08-30,W01,5,2026-09-04,True
O03968,2025-12-21,W01,8,2025-12-29,False
O03969,2025-09-07,W01,7,2025-09-14,False
O03970,2026-04-18,W04,3,2026-04-21,True
O03971,2026-02-03,W01,1,2026-02-04,True
O03972,2026-03-16,W01,2,2026-03-18,True
O03973,2026-07-20,W01,3,2026-07-23,True
O03974,2026-08-30,W04,1,2026-08-31,True
O03975,2026-04-11,W03,1,2026-04-12,True
O03976,2026-05-08,W03,8,2026-05-16,False
O03977,2025-11-22,W02,8,2025-11-30,False
O03978,2026-04-28,W04,2,2026-04-30,True
O03979,2026-08-26,W01,8,2026-09-03,False
O03980,2026-07-20,W01,2,2026-07-22,True
O03981,2026-05-21,W01,5,2026-05-26,True
O03982,2026-03-08,W03,1,2026-03-09,True
O03983,2026-06-17,W01,9,2026-06-26,False
O03984,2026-08-28,W01,4,2026-09-01,True
O03985,2025-10-28,W03,10,2025-11-07,False
O03986,2025-09-09,W01,2,2025-09-11,True
O03987,2026-07-01,W02,1,2026-07-02,True
O03988,2025-12-24,W05,6,2025-12-30,False
O03989,2026-03-29,W02,8,2026-04-06,False
O03990,2025-10-11,W04,4,2025-10-15,True
O03991,2026-07-01,W02,1,2026-07-02,True
O03992,2026-02-20,W02,1,2026-02-21,True
O03993,2026-04-22,W03,6,2026-04-28,False
O03994,2026-06-08,W04,2,2026-06-10,True
O03995,2025-11-17,W02,5,2025-11-22,True
O03996,2025-12-17,W05,2,2025-12-19,True
O03997,2026-06-08,W02,9,2026-06-17,False
O03998,2025-10-09,W01,2,2025-10-11,True
O03999,2025-12-28,W03,5,2026-01-02,True
O04000,2026-08-01,W01,4,2026-08-05,True
O04001,2026-08-02,W04,1,2026-08-03,True
O04002,2025-09-27,W04,10,2025-10-07,False
O04003,2025-12-13,W03,9,2025-12-22,False
O04004,2025-11-13,W02,3,2025-11-16,True
O04005,2026-03-10,W04,10,2026-03-20,False
O04006,2026-07-21,W05,8,2026-07-29,False
O04007,2026-01-25,W03,4,2026-01-29,True
O04008,2026-05-13,W01,9,2026-05-22,False
O04009,2026-06-11,W05,5,2026-06-16,True
O04010,2026-04-01,W03,2,2026-04-03,True
O04011,2026-01-01,W05,8,2026-01-09,False
O04012,2026-03-25,W03,4,2026-03-29,True
O04013,2026-04-28,W01,2,2026-04-30,True
O04014,2026-08-05,W02,6,2026-08-11,False
O04015,2026-06-13,W03,1,2026-06-14,True
O04016,2025-09-22,W04,8,2025-09-30,False
O04017,2026-05-17,W01,9,2026-05-26,False
O04018,2026-08-23,W01,7,2026-08-30,False
O04019,2025-12-14,W05,9,2025-12-23,False
O04020,2026-05-16,W04,2,2026-05-18,True
O04021,2026-03-23,W05,1,2026-03-24,True
O04022,2026-07-07,W01,7,2026-07-14,False
O04023,2026-05-20,W03,4,2026-05-24,True
O04024,2025-12-16,W04,10,2025-12-26,False
O04025,2026-05-09,W01,8,2026-05-17,False
O04026,2026-04-09,W04,3,2026-04-12,True
O04027,2026-04-10,W03,7,2026-04-17,False
O04028,2026-05-16,W02,7,2026-05-23,False
O04029,2026-03-20,W05,10,2026-03-30,False
O04030,2026-05-16,W05,9,2026-05-25,False
O04031,2026-08-15,W01,4,2026-08-19,True
O04032,2026-04-13,W01,10,2026-04-23,False
O04033,2026-03-21,W03,1,2026-03-22,True
O04034,2026-04-14,W01,7,2026-04-21,False
O04035,2026-04-24,W01,10,2026-05-04,False
O04036,2026-03-02,W01,6,2026-03-08,False
O04037,2026-03-19,W04,1,2026-03-20,True
O04038,2026-08-23,W04,9,2026-09-01,False
O04039,2026-05-04,W02,10,2026-05-14,False
O04040,2026-08-19,W04,8,2026-08-27,False
O04041,2025-12-20,W05,10,2025-12-30,False
O04042,2025-09-06,W02,4,2025-09-10,True
O04043,2026-04-24,W01,5,2026-04-29,True
O04044,2026-01-05,W05,8,2026-01-13,False
O04045,2025-12-13,W02,2,2025-12-15,True
O04046,2026-04-25,W02,6,2026-05-01,False
O04047,2026-02-02,W05,10,2026-02-12,False
O04048,2026-05-15,W02,2,2026-05-17,True
O04049,2026-04-23,W05,8,2026-05-01,False
O04050,2026-06-16,W02,5,2026-06-21,True
O04051,2025-10-10,W02,10,2025-10-20,False
O04052,2026-06-15,W02,3,2026-06-18,True
O04053,2026-03-16,W05,2,2026-03-18,True
O04054,2026-05-31,W02,4,2026-06-04,True
O04055,2026-05-22,W04,8,2026-05-30,False
O04056,2025-10-27,W04,1,2025-10-28,True
O04057,2026-06-25,W04,10,2026-07-05,False
O04058,2025-12-07,W04,3,2025-12-10,True
O04059,2026-01-15,W04,1,2026-01-16,True
O04060,2025-11-26,W01,2,2025-11-28,True
O04061,2026-04-30,W02,10,2026-05-10,False
O04062,2026-03-18,W03,7,2026-03-25,False
O04063,2026-07-07,W01,1,2026-07-08,True
O04064,2025-11-23,W05,9,2025-12-02,False
O04065,2026-04-30,W01,8,2026-05-08,False
O04066,2026-06-08,W03,1,2026-06-09,True
O04067,2026-07-20,W01,10,2026-07-30,False
O04068,2026-05-10,W02,1,2026-05-11,True
O04069,2026-03-09,W04,2,2026-03-11,True
O04070,2026-01-30,W02,2,2026-02-01,True
O04071,2026-06-29,W01,6,2026-07-05,False
O04072,2026-06-05,W03,1,2026-06-06,True
O04073,2026-01-17,W05,4,2026-01-21,True
O04074,2026-02-23,W02,7,2026-03-02,False
O04075,2025-09-08,W03,9,2025-09-17,False
O04076,2026-06-22,W05,10,2026-07-02,False
O04077,2026-04-23,W04,3,2026-04-26,True
O04078,2026-02-10,W02,4,2026-02-14,True
O04079,2025-10-19,W02,5,2025-10-24,True
O04080,2026-06-29,W04,5,2026-07-04,True
O04081,2025-10-08,W04,2,2025-10-10,True
O04082,2026-01-14,W01,5,2026-01-19,True
O04083,2026-07-07,W05,10,2026-07-17,False
O04084,2026-04-07,W03,1,2026-04-08,True
O04085,2026-08-14,W04,7,2026-08-21,False
O04086,2026-06-23,W01,5,2026-06-28,True
O04087,2025-10-04,W05,6,2025-10-10,False
O04088,2026-08-18,W05,9,2026-08-27,False
O04089,2025-11-18,W02,3,2025-11-21,True
O04090,2026-04-24,W01,1,2026-04-25,True
O04091,2026-05-31,W01,8,2026-06-08,False
O04092,2026-02-08,W02,2,2026-02-10,True
O04093,2026-02-22,W03,2,2026-02-24,True
O04094,2026-07-05,W04,10,2026-07-15,False
O04095,2026-04-09,W02,4,2026-04-13,True
O04096,2025-09-09,W04,5,2025-09-14,True
O04097,2026-06-16,W01,1,2026-06-17,True
O04098,2025-12-22,W02,3,2025-12-25,True
O04099,2026-03-24,W03,8,2026-04-01,False
O04100,2026-03-05,W04,6,2026-03-11,False
O04101,2026-08-07,W04,3,2026-08-10,True
O04102,2026-03-16,W04,7,2026-03-23,False
O04103,2026-05-24,W01,6,2026-05-30,False
O04104,2026-05-20,W04,5,2026-05-25,True
O04105,2026-05-06,W05,8,2026-05-14,False
O04106,2025-12-24,W04,8,2026-01-01,False
O04107,2025-12-30,W01,3,2026-01-02,True
O04108,2026-01-19,W02,8,2026-01-27,False
O04109,2025-11-04,W04,10,2025-11-14,False
O04110,2026-06-03,W04,9,2026-06-12,False
O04111,2026-07-10,W02,10,2026-07-20,False
O04112,2026-04-27,W05,3,2026-04-30,True
O04113,2026-06-29,W01,8,2026-07-07,False
O04114,2025-09-10,W02,8,2025-09-18,False
O04115,2026-04-21,W01,7,2026-04-28,False
O04116,2026-03-14,W02,8,2026-03-22,False
O04117,2025-09-12,W03,1,2025-09-13,True
O04118,2026-02-24,W05,3,2026-02-27,True
O04119,2026-02-24,W03,6,2026-03-02,False
O04120,2026-04-05,W02,7,2026-04-12,False
O04121,2025-09-11,W02,7,2025-09-18,False
O04122,2025-12-27,W01,6,2026-01-02,False
O04123,2026-02-11,W02,4,2026-02-15,True
O04124,2025-10-09,W01,5,2025-10-14,True
O04125,2025-10-23,W01,9,2025-11-01,False
O04126,2026-04-06,W02,1,2026-04-07,True
O04127,2026-03-25,W01,2,2026-03-27,True
O04128,2026-07-09,W05,5,2026-07-14,True
O04129,2026-08-26,W03,5,2026-08-31,True
O04130,2025-10-26,W02,7,2025-11-02,False
O04131,2025-12-27,W01,8,2026-01-04,False
O04132,2026-05-11,W01,10,2026-05-21,False
O04133,2026-06-13,W01,6,2026-06-19,False
O04134,2026-05-26,W01,6,2026-06-01,False
O04135,2026-06-18,W05,5,2026-06-23,True
O04136,2026-07-30,W02,5,2026-08-04,True
O04137,2026-02-27,W02,8,2026-03-07,False
O04138,2026-08-24,W05,5,2026-08-29,True
O04139,2026-04-23,W05,6,2026-04-29,False
O04140,2026-08-09,W05,3,2026-08-12,True
O04141,2026-03-15,W02,5,2026-03-20,True
O04142,2026-07-05,W04,9,2026-07-14,False
O04143,2025-11-19,W03,3,2025-11-22,True
O04144,2026-01-13,W05,8,2026-01-21,False
O04145,2025-09-22,W05,7,2025-09-29,False
O04146,2026-07-28,W02,4,2026-08-01,True
O04147,2026-04-13,W02,5,2026-04-18,True
O04148,2025-10-28,W03,8,2025-11-05,False
O04149,2025-12-02,W01,10,2025-12-12,False
O04150,2026-03-11,W02,7,2026-03-18,False
O04151,2025-12-12,W03,10,2025-12-22,False
O04152,2025-09-07,W02,10,2025-09-17,False
O04153,2026-01-06,W02,2,2026-01-08,True
O04154,2025-10-25,W02,8,2025-11-02,False
O04155,2026-04-19,W04,8,2026-04-27,False
O04156,2026-08-28,W04,9,2026-09-06,False
O04157,2025-11-01,W05,2,2025-11-03,True
O04158,2026-04-28,W04,4,2026-05-02,True
O04159,2025-11-29,W03,2,2025-12-01,True
O04160,2026-04-20,W02,4,2026-04-24,True
O04161,2026-04-21,W04,3,2026-04-24,True
O04162,2026-08-20,W02,7,2026-08-27,False
O04163,2026-07-30,W01,5,2026-08-04,True
O04164,2026-06-19,W05,7,2026-06-26,False
O04165,2026-08-11,W04,2,2026-08-13,True
O04166,2026-01-30,W02,4,2026-02-03,True
O04167,2026-01-23,W01,6,2026-01-29,False
O04168,2026-01-08,W05,5,2026-01-13,True
O04169,2026-01-19,W05,2,2026-01-21,True
O04170,2025-12-02,W01,7,2025-12-09,False
O04171,2025-12-23,W04,2,2025-12-25,True
O04172,2026-06-11,W04,9,2026-06-20,False
O04173,2026-01-21,W02,7,2026-01-28,False
O04174,2026-04-11,W03,3,2026-04-14,True
O04175,2026-04-20,W02,6,2026-04-26,False
O04176,2025-10-03,W02,5,2025-10-08,True
O04177,2026-06-03,W02,9,2026-06-12,False
O04178,2026-02-17,W01,3,2026-02-20,True
O04179,2026-01-18,W05,2,2026-01-20,True
O04180,2026-08-23,W05,2,2026-08-25,True
O04181,2026-03-20,W03,4,2026-03-24,True
O04182,2025-09-23,W04,1,2025-09-24,True
O04183,2026-04-12,W02,9,2026-04-21,False
O04184,2026-05-28,W01,3,2026-05-31,True
O04185,2026-08-13,W01,5,2026-08-18,True
O04186,2026-01-31,W02,2,2026-02-02,True
O04187,2026-07-30,W01,8,2026-08-07,False
O04188,2025-11-24,W01,3,2025-11-27,True
O04189,2025-12-18,W02,5,2025-12-23,True
O04190,2025-10-01,W03,7,2025-10-08,False
O04191,2026-04-17,W01,2,2026-04-19,True
O04192,2026-04-28,W05,3,2026-05-01,True
O04193,2026-08-29,W05,8,2026-09-06,False
O04194,2026-07-07,W05,10,2026-07-17,False
O04195,2026-01-19,W02,8,2026-01-27,False
O04196,2026-02-03,W05,3,2026-02-06,True
O04197,2026-06-26,W04,10,2026-07-06,False
O04198,2026-08-11,W01,7,2026-08-18,False
O04199,2025-12-08,W03,2,2025-12-10,True
O04200,2025-10-17,W05,9,2025-10-26,False
O04201,2026-07-24,W02,8,2026-08-01,False
O04202,2025-11-06,W03,9,2025-11-15,False
O04203,2025-11-01,W02,9,2025-11-10,False
O04204,2025-12-18,W03,7,2025-12-25,False
O04205,2026-02-14,W03,4,2026-02-18,True
O04206,2025-10-07,W01,5,2025-10-12,True
O04207,2025-12-28,W03,7,2026-01-04,False
O04208,2025-11-25,W04,5,2025-11-30,True
O04209,2025-10-22,W04,10,2025-11-01,False
O04210,2025-11-30,W04,8,2025-12-08,False
O04211,2026-06-16,W02,5,2026-06-21,True
O04212,2026-08-03,W01,5,2026-08-08,True
O04213,2026-06-25,W02,5,2026-06-30,True
O04214,2026-03-23,W05,4,2026-03-27,True
O04215,2026-04-26,W04,7,2026-05-03,False
O04216,2026-02-02,W01,2,2026-02-04,True
O04217,2026-04-28,W04,10,2026-05-08,False
O04218,2026-01-14,W01,4,2026-01-18,True
O04219,2026-08-28,W02,3,2026-08-31,True
O04220,2025-11-03,W02,10,2025-11-13,False
O04221,2026-01-01,W04,8,2026-01-09,False
O04222,2026-05-12,W03,7,2026-05-19,False
O04223,2025-12-23,W01,3,2025-12-26,True
O04224,2025-09-20,W05,4,2025-09-24,True
O04225,2025-09-16,W03,4,2025-09-20,True
O04226,2026-01-23,W02,10,2026-02-02,False
O04227,2026-03-27,W01,7,2026-04-03,False
O04228,2025-09-19,W03,8,2025-09-27,False
O04229,2026-02-13,W05,4,2026-02-17,True
O04230,2025-10-08,W03,8,2025-10-16,False
O04231,2026-02-28,W05,1,2026-03-01,True
O04232,2026-08-15,W02,9,2026-08-24,False
O04233,2025-12-14,W01,7,2025-12-21,False
O04234,2025-12-09,W02,4,2025-12-13,True
O04235,2025-11-29,W01,8,2025-12-07,False
O04236,2026-06-27,W03,10,2026-07-07,False
O04237,2026-07-29,W02,2,2026-07-31,True
O04238,2025-11-18,W01,8,2025-11-26,False
O04239,2025-11-12,W05,10,2025-11-22,False
O04240,2026-02-23,W01,6,2026-03-01,False
O04241,2025-12-05,W02,7,2025-12-12,False
O04242,2026-08-11,W02,7,2026-08-18,False
O04243,2025-12-12,W03,2,2025-12-14,True
O04244,2026-04-12,W05,2,2026-04-14,True
O04245,2025-09-06,W01,4,2025-09-10,True
O04246,2025-12-31,W02,6,2026-01-06,False
O04247,2026-04-24,W01,4,2026-04-28,True
O04248,2025-12-25,W04,6,2025-12-31,False
O04249,2026-02-10,W05,5,2026-02-15,True
O04250,2026-04-14,W05,6,2026-04-20,False
O04251,2026-04-18,W04,9,2026-04-27,False
O04252,2026-03-01,W05,6,2026-03-07,False
O04253,2026-05-07,W04,6,2026-05-13,False
O04254,2026-07-15,W01,8,2026-07-23,False
O04255,2026-03-29,W04,5,2026-04-03,True
O04256,2026-01-22,W03,5,2026-01-27,True
O04257,2026-08-11,W04,10,2026-08-21,False
O04258,2025-12-05,W01,1,2025-12-06,True
O04259,2026-08-12,W05,6,2026-08-18,False
O04260,2026-05-02,W03,1,2026-05-03,True
O04261,2025-11-25,W04,8,2025-12-03,False
O04262,2026-03-03,W01,10,2026-03-13,False
O04263,2025-12-30,W03,9,2026-01-08,False
O04264,2026-07-29,W03,6,2026-08-04,False
O04265,2025-12-01,W03,9,2025-12-10,False
O04266,2025-11-09,W04,2,2025-11-11,True
O04267,2026-01-11,W01,9,2026-01-20,False
O04268,2026-06-06,W01,4,2026-06-10,True
O04269,2026-01-15,W01,3,2026-01-18,True
O04270,2026-07-11,W02,1,2026-07-12,True
O04271,2026-03-06,W05,1,2026-03-07,True
O04272,2026-04-09,W01,8,2026-04-17,False
O04273,2025-10-16,W02,2,2025-10-18,True
O04274,2026-06-05,W02,1,2026-06-06,True
O04275,2026-03-11,W03,2,2026-03-13,True
O04276,2025-09-08,W05,3,2025-09-11,True
O04277,2026-06-03,W03,4,2026-06-07,True
O04278,2026-02-26,W05,9,2026-03-07,False
O04279,2026-07-31,W03,7,2026-08-07,False
O04280,2025-10-09,W04,5,2025-10-14,True
O04281,2026-06-20,W05,5,2026-06-25,True
O04282,2026-02-25,W02,6,2026-03-03,False
O04283,2026-02-09,W02,1,2026-02-10,True
O04284,2026-07-28,W05,6,2026-08-03,False
O04285,2025-12-13,W03,6,2025-12-19,False
O04286,2026-02-08,W04,5,2026-02-13,True
O04287,2026-06-14,W04,10,2026-06-24,False
O04288,2026-01-01,W01,9,2026-01-10,False
O04289,2025-10-24,W05,10,2025-11-03,False
O04290,2025-10-04,W04,10,2025-10-14,False
O04291,2026-04-30,W03,5,2026-05-05,True
O04292,2025-12-22,W03,9,2025-12-31,False
O04293,2026-07-15,W02,10,2026-07-25,False
O04294,2025-09-23,W04,7,2025-09-30,False
O04295,2025-10-16,W04,3,2025-10-19,True
O04296,2026-07-09,W03,9,2026-07-18,False
O04297,2026-01-13,W02,10,2026-01-23,False
O04298,2025-12-27,W04,7,2026-01-03,False
O04299,2026-03-08,W03,4,2026-03-12,True
O04300,2026-01-09,W02,9,2026-01-18,False
O04301,2026-03-31,W02,6,2026-04-06,False
O04302,2025-12-22,W03,9,2025-12-31,False
O04303,2025-10-14,W02,4,2025-10-18,True
O04304,2026-01-06,W02,10,2026-01-16,False
O04305,2026-08-30,W01,2,2026-09-01,True
O04306,2026-02-05,W02,9,2026-02-14,False
O04307,2026-05-31,W04,10,2026-06-10,False
O04308,2026-07-12,W02,4,2026-07-16,True
O04309,2026-08-21,W04,2,2026-08-23,True
O04310,2026-08-06,W03,7,2026-08-13,False
O04311,2025-10-15,W02,7,2025-10-22,False
O04312,2025-12-17,W03,5,2025-12-22,True
O04313,2026-04-07,W05,5,2026-04-12,True
O04314,2026-07-15,W02,8,2026-07-23,False
O04315,2026-07-12,W03,6,2026-07-18,False
O04316,2026-02-24,W05,1,2026-02-25,True
O04317,2026-04-16,W04,4,2026-04-20,True
O04318,2026-03-10,W04,1,2026-03-11,True
O04319,2026-02-07,W04,5,2026-02-12,True
O04320,2026-05-25,W04,5,2026-05-30,True
O04321,2026-08-24,W04,4,2026-08-28,True
O04322,2026-07-23,W01,9,2026-08-01,False
O04323,2026-03-09,W03,8,2026-03-17,False
O04324,2026-02-22,W05,10,2026-03-04,False
O04325,2026-06-17,W05,3,2026-06-20,True
O04326,2026-08-23,W02,5,2026-08-28,True
O04327,2026-01-23,W03,6,2026-01-29,False
O04328,2026-04-20,W01,5,2026-04-25,True
O04329,2026-08-26,W01,8,2026-09-03,False
O04330,2026-03-23,W03,5,2026-03-28,True
O04331,2026-04-01,W04,8,2026-04-09,False
O04332,2025-10-10,W04,10,2025-10-20,False
O04333,2026-06-02,W03,10,2026-06-12,False
O04334,2026-07-20,W05,3,2026-07-23,True
O04335,2025-11-21,W04,5,2025-11-26,True
O04336,2026-02-28,W02,4,2026-03-04,True
O04337,2026-07-17,W01,6,2026-07-23,False
O04338,2025-11-22,W04,3,2025-11-25,True
O04339,2026-06-30,W05,10,2026-07-10,False
O04340,2026-05-20,W04,4,2026-05-24,True
O04341,2026-05-30,W04,4,2026-06-03,True
O04342,2026-03-19,W01,5,2026-03-24,True
O04343,2026-04-28,W02,6,2026-05-04,False
O04344,2026-02-27,W02,2,2026-03-01,True
O04345,2026-02-18,W05,10,2026-02-28,False
O04346,2026-06-22,W03,8,2026-06-30,False
O04347,2026-02-24,W03,4,2026-02-28,True
O04348,2026-04-25,W03,7,2026-05-02,False
O04349,2026-01-16,W05,7,2026-01-23,False
O04350,2026-07-24,W04,10,2026-08-03,False
O04351,2026-07-08,W02,2,2026-07-10,True
O04352,2026-01-07,W02,7,2026-01-14,False
O04353,2025-10-19,W04,1,2025-10-20,True
O04354,2026-02-11,W02,2,2026-02-13,True
O04355,2026-06-04,W02,5,2026-06-09,True
O04356,2026-06-20,W03,8,2026-06-28,False
O04357,2025-12-25,W03,7,2026-01-01,False
O04358,2025-09-24,W01,3,2025-09-27,True
O04359,2026-07-08,W01,10,2026-07-18,False
O04360,2025-09-25,W02,9,2025-10-04,False
O04361,2026-01-05,W03,5,2026-01-10,True
O04362,2026-04-22,W01,3,2026-04-25,True
O04363,2026-03-28,W01,7,2026-04-04,False
O04364,2025-12-02,W03,4,2025-12-06,True
O04365,2025-12-03,W01,1,2025-12-04,True
O04366,2026-07-24,W04,5,2026-07-29,True
O04367,2026-04-13,W04,8,2026-04-21,False
O04368,2026-06-07,W03,4,2026-06-11,True
O04369,2025-09-11,W03,7,2025-09-18,False
O04370,2026-07-26,W01,8,2026-08-03,False
O04371,2025-09-12,W02,9,2025-09-21,False
O04372,2025-10-05,W05,9,2025-10-14,False
O04373,2026-04-16,W04,5,2026-04-21,True
O04374,2026-04-08,W04,6,2026-04-14,False
O04375,2026-01-19,W03,7,2026-01-26,False
O04376,2025-09-23,W02,10,2025-10-03,False
O04377,2025-11-22,W03,2,2025-11-24,True
O04378,2026-04-17,W01,9,2026-04-26,False
O04379,2026-08-10,W02,1,2026-08-11,True
O04380,2025-11-19,W01,6,2025-11-25,False
O04381,2026-08-19,W04,6,2026-08-25,False
O04382,2026-06-17,W03,7,2026-06-24,False
O04383,2026-07-28,W03,2,2026-07-30,True
O04384,2026-02-06,W05,6,2026-02-12,False
O04385,2026-01-06,W02,6,2026-01-12,False
O04386,2026-03-09,W04,9,2026-03-18,False
O04387,2025-10-01,W05,8,2025-10-09,False
O04388,2026-08-25,W05,5,2026-08-30,True
O04389,2025-09-15,W03,7,2025-09-22,False
O04390,2026-07-10,W02,7,2026-07-17,False
O04391,2025-11-14,W03,5,2025-11-19,True
O04392,2025-10-04,W02,7,2025-10-11,False
O04393,2026-08-25,W05,3,2026-08-28,True
O04394,2026-03-15,W01,7,2026-03-22,False
O04395,2026-07-28,W04,6,2026-08-03,False
O04396,2025-09-29,W05,6,2025-10-05,False
O04397,2026-03-13,W03,2,2026-03-15,True
O04398,2025-09-16,W04,2,2025-09-18,True
O04399,2025-11-16,W05,7,2025-11-23,False
O04400,2026-06-20,W02,1,2026-06-21,True
O04401,2025-11-20,W03,9,2025-11-29,False
O04402,2026-01-02,W05,3,2026-01-05,True
O04403,2025-09-19,W02,6,2025-09-25,False
O04404,2025-12-11,W02,3,2025-12-14,True
O04405,2025-11-16,W02,9,2025-11-25,False
O04406,2026-04-17,W04,10,2026-04-27,False
O04407,2026-06-24,W03,7,2026-07-01,False
O04408,2026-03-22,W02,1,2026-03-23,True
O04409,2025-10-31,W05,4,2025-11-04,True
O04410,2025-09-26,W02,5,2025-10-01,True
O04411,2025-11-10,W03,7,2025-11-17,False
O04412,2025-12-12,W04,7,2025-12-19,False
O04413,2026-07-23,W02,5,2026-07-28,True
O04414,2026-08-29,W05,1,2026-08-30,True
O04415,2026-02-04,W03,5,2026-02-09,True
O04416,2026-08-29,W02,5,2026-09-03,True
O04417,2026-08-25,W04,4,2026-08-29,True
O04418,2026-03-13,W01,6,2026-03-19,False
O04419,2026-06-02,W05,8,2026-06-10,False
O04420,2026-07-21,W02,10,2026-07-31,False
O04421,2026-03-05,W02,5,2026-03-10,True
O04422,2026-07-23,W01,8,2026-07-31,False
O04423,2025-12-22,W03,5,2025-12-27,True
O04424,2026-07-10,W01,3,2026-07-13,True
O04425,2026-02-12,W03,8,2026-02-20,False
O04426,2025-10-31,W02,4,2025-11-04,True
O04427,2025-12-01,W01,3,2025-12-04,True
O04428,2026-06-13,W02,3,2026-06-16,True
O04429,2026-01-31,W01,6,2026-02-06,False
O04430,2026-04-13,W02,8,2026-04-21,False
O04431,2026-01-05,W02,10,2026-01-15,False
O04432,2026-03-12,W02,5,2026-03-17,True
O04433,2025-12-24,W04,1,2025-12-25,True
O04434,2026-05-20,W01,1,2026-05-21,True
O04435,2025-09-18,W04,3,2025-09-21,True
O04436,2025-09-10,W02,6,2025-09-16,False
O04437,2025-12-01,W05,2,2025-12-03,True
O04438,2026-01-17,W03,1,2026-01-18,True
O04439,2026-07-30,W01,7,2026-08-06,False
O04440,2026-08-23,W01,2,2026-08-25,True
O04441,2026-08-06,W03,8,2026-08-14,False
O04442,2025-10-22,W04,2,2025-10-24,True
O04443,2026-03-14,W03,1,2026-03-15,True
O04444,2026-03-25,W05,10,2026-04-04,False
O04445,2026-06-14,W02,2,2026-06-16,True
O04446,2025-12-02,W03,2,2025-12-04,True
O04447,2026-07-06,W03,7,2026-07-13,False
O04448,2026-01-23,W02,1,2026-01-24,True
O04449,2025-11-25,W01,3,2025-11-28,True
O04450,2026-01-31,W05,5,2026-02-05,True
O04451,2025-09-02,W03,7,2025-09-09,False
O04452,2026-08-08,W03,6,2026-08-14,False
O04453,2026-05-18,W01,8,2026-05-26,False
O04454,2026-02-11,W05,1,2026-02-12,True
O04455,2025-09-06,W02,7,2025-09-13,False
O04456,2026-01-27,W02,9,2026-02-05,False
O04457,2026-03-24,W04,7,2026-03-31,False
O04458,2025-12-27,W05,6,2026-01-02,False
O04459,2025-11-28,W05,9,2025-12-07,False
O04460,2026-02-01,W03,4,2026-02-05,True
O04461,2026-02-14,W04,10,2026-02-24,False
O04462,2026-02-08,W02,6,2026-02-14,False
O04463,2026-05-28,W05,6,2026-06-03,False
O04464,2025-10-26,W05,10,2025-11-05,False
O04465,2026-04-16,W01,3,2026-04-19,True
O04466,2026-08-03,W02,7,2026-08-10,False
O04467,2026-01-27,W01,1,2026-01-28,True
O04468,2025-10-16,W04,8,2025-10-24,False
O04469,2026-01-22,W05,8,2026-01-30,False
O04470,2026-04-26,W04,8,2026-05-04,False
O04471,2026-05-30,W01,9,2026-06-08,False
O04472,2025-12-29,W02,4,2026-01-02,True
O04473,2026-08-06,W05,6,2026-08-12,False
O04474,2026-04-08,W02,7,2026-04-15,False
O04475,2025-09-08,W04,2,2025-09-10,True
O04476,2026-08-10,W03,6,2026-08-16,False
O04477,2026-06-02,W02,8,2026-06-10,False
O04478,2026-08-19,W02,4,2026-08-23,True
O04479,2025-11-05,W02,5,2025-11-10,True
O04480,2025-11-18,W05,8,2025-11-26,False
O04481,2025-11-25,W04,3,2025-11-28,True
O04482,2026-01-02,W04,6,2026-01-08,False
O04483,2026-03-21,W05,1,2026-03-22,True
O04484,2026-01-28,W02,4,2026-02-01,True
O04485,2025-10-16,W02,6,2025-10-22,False
O04486,2025-12-22,W03,3,2025-12-25,True
O04487,2025-11-30,W02,1,2025-12-01,True
O04488,2026-01-19,W01,6,2026-01-25,False
O04489,2026-06-16,W02,3,2026-06-19,True
O04490,2026-04-06,W03,8,2026-04-14,False
O04491,2025-11-16,W01,7,2025-11-23,False
O04492,2026-07-31,W03,7,2026-08-07,False
O04493,2026-01-30,W03,8,2026-02-07,False
O04494,2026-07-20,W04,7,2026-07-27,False
O04495,2026-04-27,W05,5,2026-05-02,True
O04496,2025-12-24,W03,10,2026-01-03,False
O04497,2026-07-16,W02,8,2026-07-24,False
O04498,2025-12-03,W04,8,2025-12-11,False
O04499,2025-10-18,W01,8,2025-10-26,False
O04500,2026-03-10,W05,10,2026-03-20,False
O04501,2025-09-12,W04,6,2025-09-18,False
O04502,2026-02-03,W03,2,2026-02-05,True
O04503,2026-02-19,W04,8,2026-02-27,False
O04504,2026-06-23,W02,10,2026-07-03,False
O04505,2026-02-24,W02,1,2026-02-25,True
O04506,2026-08-07,W02,9,2026-08-16,False
O04507,2025-10-27,W05,9,2025-11-05,False
O04508,2026-08-09,W04,6,2026-08-15,False
O04509,2026-08-06,W04,10,2026-08-16,False
O04510,2026-03-22,W03,6,2026-03-28,False
O04511,2026-03-04,W01,6,2026-03-10,False
O04512,2025-12-30,W02,4,2026-01-03,True
O04513,2026-04-14,W01,1,2026-04-15,True
O04514,2026-03-21,W01,1,2026-03-22,True
O04515,2026-07-27,W02,1,2026-07-28,True
O04516,2026-08-29,W02,5,2026-09-03,True
O04517,2026-08-22,W03,7,2026-08-29,False
O04518,2026-04-04,W05,1,2026-04-05,True
O04519,2025-10-13,W02,1,2025-10-14,True
O04520,2025-09-23,W01,6,2025-09-29,False
O04521,2026-02-02,W03,2,2026-02-04,True
O04522,2026-03-05,W04,2,2026-03-07,True
O04523,2026-05-07,W03,7,2026-05-14,False
O04524,2026-04-25,W02,9,2026-05-04,False
O04525,2026-06-20,W02,8,2026-06-28,False
O04526,2026-01-12,W05,2,2026-01-14,True
O04527,2026-07-18,W03,7,2026-07-25,False
O04528,2025-09-22,W02,5,2025-09-27,True
O04529,2026-08-27,W01,10,2026-09-06,False
O04530,2025-11-27,W01,4,2025-12-01,True
O04531,2026-01-31,W03,10,2026-02-10,False
O04532,2026-01-03,W05,4,2026-01-07,True
O04533,2025-11-18,W03,4,2025-11-22,True
O04534,2026-08-12,W05,9,2026-08-21,False
O04535,2025-10-21,W01,7,2025-10-28,False
O04536,2026-04-04,W02,7,2026-04-11,False
O04537,2026-02-23,W04,4,2026-02-27,True
O04538,2026-08-24,W02,9,2026-09-02,False
O04539,2026-05-11,W01,8,2026-05-19,False
O04540,2026-05-04,W01,10,2026-05-14,False
O04541,2026-04-15,W02,4,2026-04-19,True
O04542,2025-12-15,W02,6,2025-12-21,False
O04543,2026-03-12,W01,4,2026-03-16,True
O04544,2026-07-13,W02,1,2026-07-14,True
O04545,2026-06-29,W04,5,2026-07-04,True
O04546,2025-10-06,W04,10,2025-10-16,False
O04547,2026-03-23,W03,3,2026-03-26,True
O04548,2026-05-25,W04,1,2026-05-26,True
O04549,2026-05-26,W01,2,2026-05-28,True
O04550,2026-02-17,W01,2,2026-02-19,True
O04551,2025-10-09,W03,8,2025-10-17,False
O04552,2026-01-17,W05,4,2026-01-21,True
O04553,2026-06-19,W03,3,2026-06-22,True
O04554,2025-10-22,W05,4,2025-10-26,True
O04555,2026-06-14,W05,10,2026-06-24,False
O04556,2026-06-16,W02,1,2026-06-17,True
O04557,2026-01-19,W04,1,2026-01-20,True
O04558,2026-01-24,W05,5,2026-01-29,True
O04559,2026-07-11,W02,7,2026-07-18,False
O04560,2026-03-03,W03,9,2026-03-12,False
O04561,2026-01-30,W03,7,2026-02-06,False
O04562,2026-03-20,W05,5,2026-03-25,True
O04563,2026-01-06,W02,3,2026-01-09,True
O04564,2026-06-14,W01,8,2026-06-22,False
O04565,2026-07-08,W04,7,2026-07-15,False
O04566,2026-05-11,W05,4,2026-05-15,True
O04567,2026-05-24,W01,1,2026-05-25,True
O04568,2026-03-07,W04,3,2026-03-10,True
O04569,2026-04-18,W01,8,2026-04-26,False
O04570,2026-05-29,W02,2,2026-05-31,True
O04571,2026-05-17,W05,9,2026-05-26,False
O04572,2026-06-26,W01,4,2026-06-30,True
O04573,2026-03-17,W01,7,2026-03-24,False
O04574,2026-07-20,W01,10,2026-07-30,False
O04575,2025-10-26,W05,7,2025-11-02,False
O04576,2026-07-16,W02,8,2026-07-24,False
O04577,2026-03-22,W02,7,2026-03-29,False
O04578,2026-05-29,W01,4,2026-06-02,True
O04579,2025-12-18,W02,7,2025-12-25,False
O04580,2025-12-25,W04,5,2025-12-30,True
O04581,2025-12-01,W02,10,2025-12-11,False
O04582,2026-01-16,W01,7,2026-01-23,False
O04583,2026-06-30,W04,3,2026-07-03,True
O04584,2025-10-27,W05,10,2025-11-06,False
O04585,2025-10-20,W03,7,2025-10-27,False
O04586,2025-11-10,W02,7,2025-11-17,False
O04587,2025-11-21,W04,2,2025-11-23,True
O04588,2025-12-14,W03,8,2025-12-22,False
O04589,2025-11-27,W05,7,2025-12-04,False
O04590,2025-09-02,W03,9,2025-09-11,False
O04591,2026-08-26,W05,4,2026-08-30,True
O04592,2025-11-23,W01,9,2025-12-02,False
O04593,2025-10-13,W01,1,2025-10-14,True
O04594,2026-02-01,W05,5,2026-02-06,True
O04595,2026-07-24,W03,10,2026-08-03,False
O04596,2025-12-03,W02,7,2025-12-10,False
O04597,2026-06-25,W03,4,2026-06-29,True
O04598,2026-01-11,W03,7,2026-01-18,False
O04599,2025-11-04,W02,9,2025-11-13,False
O04600,2026-06-17,W03,5,2026-06-22,True
O04601,2026-05-15,W03,5,2026-05-20,True
O04602,2026-04-01,W04,2,2026-04-03,True
O04603,2026-01-26,W05,5,2026-01-31,True
O04604,2025-10-31,W01,8,2025-11-08,False
O04605,2026-01-27,W05,4,2026-01-31,True
O04606,2025-11-27,W03,2,2025-11-29,True
O04607,2026-07-21,W02,8,2026-07-29,False
O04608,2026-06-05,W02,4,2026-06-09,True
O04609,2025-11-21,W01,5,2025-11-26,True
O04610,2026-01-07,W01,7,2026-01-14,False
O04611,2026-06-13,W01,5,2026-06-18,True
O04612,2026-08-19,W02,10,2026-08-29,False
O04613,2026-06-07,W03,4,2026-06-11,True
O04614,2026-05-28,W01,7,2026-06-04,False
O04615,2026-06-19,W01,4,2026-06-23,True
O04616,2026-03-22,W02,10,2026-04-01,False
O04617,2025-09-24,W03,4,2025-09-28,True
O04618,2026-08-17,W01,2,2026-08-19,True
O04619,2026-07-08,W03,5,2026-07-13,True
O04620,2026-03-27,W04,8,2026-04-04,False
O04621,2026-06-07,W01,4,2026-06-11,True
O04622,2026-03-24,W01,2,2026-03-26,True
O04623,2026-01-30,W02,9,2026-02-08,False
O04624,2025-09-26,W04,6,2025-10-02,False
O04625,2026-03-13,W04,3,2026-03-16,True
O04626,2026-08-02,W04,10,2026-08-12,False
O04627,2026-04-26,W05,5,2026-05-01,True
O04628,2026-07-18,W02,6,2026-07-24,False
O04629,2025-11-14,W02,9,2025-11-23,False
O04630,2026-02-10,W01,5,2026-02-15,True
O04631,2026-06-26,W02,9,2026-07-05,False
O04632,2025-09-29,W01,1,2025-09-30,True
O04633,2026-02-12,W01,10,2026-02-22,False
O04634,2026-08-03,W05,4,2026-08-07,True
O04635,2026-03-05,W02,1,2026-03-06,True
O04636,2025-10-24,W02,2,2025-10-26,True
O04637,2026-06-22,W05,2,2026-06-24,True
O04638,2025-10-12,W05,10,2025-10-22,False
O04639,2026-06-12,W02,5,2026-06-17,True
O04640,2026-01-16,W02,1,2026-01-17,True
O04641,2026-03-06,W01,10,2026-03-16,False
O04642,2026-03-23,W03,3,2026-03-26,True
O04643,2025-10-12,W01,6,2025-10-18,False
O04644,2026-08-16,W04,1,2026-08-17,True
O04645,2026-06-15,W04,1,2026-06-16,True
O04646,2025-09-26,W03,3,2025-09-29,True
O04647,2025-10-26,W05,9,2025-11-04,False
O04648,2026-05-11,W04,2,2026-05-13,True
O04649,2025-12-31,W05,6,2026-01-06,False
O04650,2025-12-15,W05,3,2025-12-18,True
O04651,2026-01-08,W01,6,2026-01-14,False
O04652,2026-08-03,W05,7,2026-08-10,False
O04653,2026-02-05,W03,7,2026-02-12,False
O04654,2026-04-19,W01,2,2026-04-21,True
O04655,2026-07-05,W03,3,2026-07-08,True
O04656,2025-11-30,W05,4,2025-12-04,True
O04657,2025-09-22,W04,8,2025-09-30,False
O04658,2026-06-17,W05,5,2026-06-22,True
O04659,2025-12-19,W03,1,2025-12-20,True
O04660,2025-10-19,W02,9,2025-10-28,False
O04661,2026-01-07,W02,1,2026-01-08,True
O04662,2025-11-12,W04,2,2025-11-14,True
O04663,2026-08-06,W03,7,2026-08-13,False
O04664,2025-10-23,W04,3,2025-10-26,True
O04665,2026-08-22,W01,6,2026-08-28,False
O04666,2026-02-15,W05,8,2026-02-23,False
O04667,2025-10-15,W01,5,2025-10-20,True
O04668,2025-12-14,W02,1,2025-12-15,True
O04669,2026-01-28,W05,10,2026-02-07,False
O04670,2026-01-24,W01,3,2026-01-27,True
O04671,2026-03-23,W02,2,2026-03-25,True
O04672,2026-08-28,W01,6,2026-09-03,False
O04673,2026-06-26,W05,5,2026-07-01,True
O04674,2026-02-14,W01,7,2026-02-21,False
O04675,2026-03-20,W05,2,2026-03-22,True
O04676,2026-01-12,W01,6,2026-01-18,False
O04677,2026-03-30,W04,5,2026-04-04,True
O04678,2025-10-18,W01,6,2025-10-24,False
O04679,2026-01-04,W01,5,2026-01-09,True
O04680,2026-04-27,W04,7,2026-05-04,False
O04681,2025-09-07,W02,5,2025-09-12,True
O04682,2026-05-30,W05,7,2026-06-06,False
O04683,2025-10-07,W03,1,2025-10-08,True
O04684,2026-03-30,W02,9,2026-04-08,False
O04685,2026-02-12,W05,6,2026-02-18,False
O04686,2026-01-03,W01,9,2026-01-12,False
O04687,2026-08-03,W02,1,2026-08-04,True
O04688,2026-03-11,W01,2,2026-03-13,True
O04689,2026-04-06,W02,7,2026-04-13,False
O04690,2026-04-02,W02,4,2026-04-06,True
O04691,2025-11-01,W03,10,2025-11-11,False
O04692,2026-07-25,W04,1,2026-07-26,True
O04693,2026-02-08,W02,5,2026-02-13,True
O04694,2025-11-05,W01,4,2025-11-09,True
O04695,2026-06-13,W03,6,2026-06-19,False
O04696,2026-04-27,W02,7,2026-05-04,False
O04697,2025-09-20,W04,3,2025-09-23,True
O04698,2026-03-07,W01,6,2026-03-13,False
O04699,2025-11-21,W03,2,2025-11-23,True
O04700,2026-08-29,W05,10,2026-09-08,False
O04701,2026-03-21,W04,4,2026-03-25,True
O04702,2026-01-10,W05,10,2026-01-20,False
O04703,2025-10-07,W05,9,2025-10-16,False
O04704,2026-01-10,W03,7,2026-01-17,False
O04705,2025-11-16,W03,2,2025-11-18,True
O04706,2025-11-28,W03,6,2025-12-04,False
O04707,2026-05-11,W05,4,2026-05-15,True
O04708,2026-08-10,W01,8,2026-08-18,False
O04709,2026-03-13,W03,8,2026-03-21,False
O04710,2026-02-23,W04,1,2026-02-24,True
O04711,2025-10-03,W03,8,2025-10-11,False
O04712,2025-10-28,W03,10,2025-11-07,False
O04713,2026-03-20,W03,7,2026-03-27,False
O04714,2025-09-28,W05,1,2025-09-29,True
O04715,2025-10-05,W01,3,2025-10-08,True
O04716,2026-01-03,W03,5,2026-01-08,True
O04717,2026-07-18,W05,3,2026-07-21,True
O04718,2025-10-12,W04,3,2025-10-15,True
O04719,2025-11-24,W01,1,2025-11-25,True
O04720,2026-03-07,W05,8,2026-03-15,False
O04721,2025-12-20,W02,9,2025-12-29,False
O04722,2026-05-29,W04,5,2026-06-03,True
O04723,2026-07-22,W04,1,2026-07-23,True
O04724,2025-12-14,W02,1,2025-12-15,True
O04725,2026-07-17,W05,9,2026-07-26,False
O04726,2025-10-11,W05,1,2025-10-12,True
O04727,2026-04-03,W04,9,2026-04-12,False
O04728,2025-11-10,W05,3,2025-11-13,True
O04729,2025-10-26,W02,3,2025-10-29,True
O04730,2026-04-24,W05,4,2026-04-28,True
O04731,2026-06-08,W04,5,2026-06-13,True
O04732,2025-12-14,W05,6,2025-12-20,False
O04733,2026-02-09,W01,6,2026-02-15,False
O04734,2026-03-10,W02,10,2026-03-20,False
O04735,2025-09-09,W02,9,2025-09-18,False
O04736,2025-10-30,W03,1,2025-10-31,True
O04737,2026-07-02,W05,9,2026-07-11,False
O04738,2026-04-13,W02,4,2026-04-17,True
O04739,2026-07-04,W05,7,2026-07-11,False
O04740,2026-03-07,W01,6,2026-03-13,False
O04741,2025-11-09,W04,9,2025-11-18,False
O04742,2026-06-20,W04,2,2026-06-22,True
O04743,2026-06-14,W03,2,2026-06-16,True
O04744,2026-02-16,W03,7,2026-02-23,False
O04745,2025-11-01,W02,9,2025-11-10,False
O04746,2026-08-15,W02,5,2026-08-20,True
O04747,2025-09-14,W02,7,2025-09-21,False
O04748,2026-02-11,W01,8,2026-02-19,False
O04749,2026-05-03,W03,8,2026-05-11,False
O04750,2026-08-01,W03,4,2026-08-05,True
O04751,2025-09-08,W04,10,2025-09-18,False
O04752,2026-02-01,W03,7,2026-02-08,False
O04753,2025-10-06,W03,1,2025-10-07,True
O04754,2025-10-18,W01,4,2025-10-22,True
O04755,2025-11-24,W02,5,2025-11-29,True
O04756,2025-09-28,W01,10,2025-10-08,False
O04757,2026-03-15,W05,7,2026-03-22,False
O04758,2026-03-27,W04,6,2026-04-02,False
O04759,2026-03-23,W04,4,2026-03-27,True
O04760,2026-07-04,W04,3,2026-07-07,True
O04761,2025-12-13,W02,6,2025-12-19,False
O04762,2026-04-18,W02,10,2026-04-28,False
O04763,2025-12-10,W02,5,2025-12-15,True
O04764,2025-09-29,W04,3,2025-10-02,True
O04765,2026-01-05,W04,4,2026-01-09,True
O04766,2026-08-04,W04,2,2026-08-06,True
O04767,2025-09-10,W05,9,2025-09-19,False
O04768,2025-12-15,W05,7,2025-12-22,False
O04769,2026-02-14,W04,10,2026-02-24,False
O04770,2026-05-15,W02,3,2026-05-18,True
O04771,2026-06-22,W02,8,2026-06-30,False
O04772,2026-06-04,W05,8,2026-06-12,False
O04773,2025-11-04,W05,1,2025-11-05,True
O04774,2026-05-29,W04,5,2026-06-03,True
O04775,2026-03-07,W04,5,2026-03-12,True
O04776,2026-07-14,W02,3,2026-07-17,True
O04777,2026-01-16,W03,2,2026-01-18,True
O04778,2026-08-09,W02,1,2026-08-10,True
O04779,2025-12-14,W02,4,2025-12-18,True
O04780,2025-10-04,W04,10,2025-10-14,False
O04781,2025-12-19,W03,2,2025-12-21,True
O04782,2025-10-03,W03,5,2025-10-08,True
O04783,2026-08-20,W04,10,2026-08-30,False
O04784,2026-04-19,W01,2,2026-04-21,True
O04785,2026-07-14,W04,1,2026-07-15,True
O04786,2026-05-24,W05,10,2026-06-03,False
O04787,2026-03-01,W03,10,2026-03-11,False
O04788,2026-08-06,W04,10,2026-08-16,False
O04789,2025-11-04,W02,10,2025-11-14,False
O04790,2026-07-30,W02,9,2026-08-08,False
O04791,2025-09-01,W02,2,2025-09-03,True
O04792,2026-01-11,W04,10,2026-01-21,False
O04793,2025-11-19,W01,4,2025-11-23,True
O04794,2026-05-29,W05,3,2026-06-01,True
O04795,2026-04-29,W02,1,2026-04-30,True
O04796,2025-09-28,W04,8,2025-10-06,False
O04797,2026-04-11,W01,2,2026-04-13,True
O04798,2025-09-23,W03,8,2025-10-01,False
O04799,2025-12-18,W03,1,2025-12-19,True
O04800,2025-12-16,W05,6,2025-12-22,False
O04801,2026-01-23,W04,4,2026-01-27,True
O04802,2026-08-20,W04,3,2026-08-23,True
O04803,2026-01-17,W02,1,2026-01-18,True
O04804,2026-06-11,W01,10,2026-06-21,False
O04805,2026-06-25,W05,1,2026-06-26,True
O04806,2025-12-08,W01,7,2025-12-15,False
O04807,2026-07-14,W05,6,2026-07-20,False
O04808,2026-01-01,W04,3,2026-01-04,True
O04809,2026-07-17,W04,2,2026-07-19,True
O04810,2026-06-14,W05,10,2026-06-24,False
O04811,2025-11-20,W01,3,2025-11-23,True
O04812,2025-09-10,W03,8,2025-09-18,False
O04813,2025-09-08,W03,7,2025-09-15,False
O04814,2026-03-24,W02,7,2026-03-31,False
O04815,2026-07-12,W02,5,2026-07-17,True
O04816,2026-03-16,W01,10,2026-03-26,False
O04817,2026-03-17,W04,3,2026-03-20,True
O04818,2025-09-30,W01,1,2025-10-01,True
O04819,2025-09-20,W05,1,2025-09-21,True
O04820,2025-10-18,W03,6,2025-10-24,False
O04821,2026-01-08,W02,4,2026-01-12,True
O04822,2026-06-20,W01,7,2026-06-27,False
O04823,2026-01-10,W01,10,2026-01-20,False
O04824,2026-08-22,W05,10,2026-09-01,False
O04825,2025-10-24,W04,10,2025-11-03,False
O04826,2026-06-08,W04,1,2026-06-09,True
O04827,2026-05-23,W03,6,2026-05-29,False
O04828,2026-04-03,W02,7,2026-04-10,False
O04829,2026-06-17,W04,1,2026-06-18,True
O04830,2025-10-13,W04,2,2025-10-15,True
O04831,2025-11-13,W04,9,2025-11-22,False
O04832,2026-08-16,W01,9,2026-08-25,False
O04833,2026-06-05,W04,6,2026-06-11,False
O04834,2026-07-23,W05,4,2026-07-27,True
O04835,2026-04-30,W03,7,2026-05-07,False
O04836,2026-01-08,W04,5,2026-01-13,True
O04837,2026-08-16,W02,3,2026-08-19,True
O04838,2026-03-13,W01,4,2026-03-17,True
O04839,2025-10-02,W05,2,2025-10-04,True
O04840,2025-12-15,W03,6,2025-12-21,False
O04841,2026-03-23,W01,3,2026-03-26,True
O04842,2025-09-01,W05,7,2025-09-08,False
O04843,2026-05-03,W01,4,2026-05-07,True
O04844,2025-11-11,W03,8,2025-11-19,False
O04845,2026-07-03,W03,1,2026-07-04,True
O04846,2025-09-15,W04,9,2025-09-24,False
O04847,2025-10-23,W02,3,2025-10-26,True
O04848,2025-09-08,W04,3,2025-09-11,True
O04849,2026-07-27,W01,5,2026-08-01,True
O04850,2025-10-16,W04,10,2025-10-26,False
O04851,2026-07-22,W03,1,2026-07-23,True
O04852,2025-12-23,W03,3,2025-12-26,True
O04853,2026-01-25,W03,4,2026-01-29,True
O04854,2026-02-13,W04,2,2026-02-15,True
O04855,2026-01-17,W05,6,2026-01-23,False
O04856,2025-12-26,W04,10,2026-01-05,False
O04857,2026-06-26,W04,4,2026-06-30,True
O04858,2026-06-03,W04,1,2026-06-04,True
O04859,2026-06-04,W04,3,2026-06-07,True
O04860,2026-08-04,W03,7,2026-08-11,False
O04861,2026-07-10,W02,3,2026-07-13,True
O04862,2026-02-25,W04,6,2026-03-03,False
O04863,2026-07-27,W04,6,2026-08-02,False
O04864,2026-08-20,W02,1,2026-08-21,True
O04865,2026-02-01,W04,2,2026-02-03,True
O04866,2026-03-20,W02,10,2026-03-30,False
O04867,2025-12-24,W03,6,2025-12-30,False
O04868,2026-02-06,W05,2,2026-02-08,True
O04869,2025-10-12,W04,2,2025-10-14,True
O04870,2026-05-05,W05,4,2026-05-09,True
O04871,2025-11-07,W04,8,2025-11-15,False
O04872,2026-07-23,W01,6,2026-07-29,False
O04873,2026-07-31,W01,8,2026-08-08,False
O04874,2026-03-15,W03,4,2026-03-19,True
O04875,2025-11-29,W05,3,2025-12-02,True
O04876,2025-12-20,W05,7,2025-12-27,False
O04877,2026-08-25,W02,7,2026-09-01,False
O04878,2026-01-23,W02,2,2026-01-25,True
O04879,2026-06-02,W04,1,2026-06-03,True
O04880,2026-02-26,W02,8,2026-03-06,False
O04881,2026-04-29,W02,3,2026-05-02,True
O04882,2026-07-23,W05,6,2026-07-29,False
O04883,2026-07-16,W01,7,2026-07-23,False
O04884,2026-07-28,W05,8,2026-08-05,False
O04885,2026-01-31,W02,6,2026-02-06,False
O04886,2025-12-13,W04,7,2025-12-20,False
O04887,2025-11-14,W01,5,2025-11-19,True
O04888,2026-01-06,W02,3,2026-01-09,True
O04889,2026-03-18,W02,2,2026-03-20,True
O04890,2026-02-01,W04,7,2026-02-08,False
O04891,2025-10-26,W04,8,2025-11-03,False
O04892,2026-06-05,W02,8,2026-06-13,False
O04893,2026-08-11,W02,3,2026-08-14,True
O04894,2025-09-19,W05,2,2025-09-21,True
O04895,2026-02-06,W03,9,2026-02-15,False
O04896,2025-09-26,W04,6,2025-10-02,False
O04897,2026-02-16,W04,10,2026-02-26,False
O04898,2025-09-23,W05,3,2025-09-26,True
O04899,2025-10-17,W01,5,2025-10-22,True
O04900,2025-09-13,W01,1,2025-09-14,True
O04901,2026-04-05,W01,2,2026-04-07,True
O04902,2026-07-19,W04,9,2026-07-28,False
O04903,2026-03-13,W03,10,2026-03-23,False
O04904,2026-01-22,W03,10,2026-02-01,False
O04905,2025-11-12,W05,3,2025-11-15,True
O04906,2026-02-03,W01,8,2026-02-11,False
O04907,2025-11-16,W01,10,2025-11-26,False
O04908,2026-02-16,W02,8,2026-02-24,False
O04909,2026-06-14,W05,5,2026-06-19,True
O04910,2025-11-24,W05,8,2025-12-02,False
O04911,2026-03-01,W04,2,2026-03-03,True
O04912,2026-07-12,W04,2,2026-07-14,True
O04913,2026-06-24,W05,4,2026-06-28,True
O04914,2025-12-21,W03,8,2025-12-29,False
O04915,2026-04-18,W05,2,2026-04-20,True
O04916,2025-12-05,W03,4,2025-12-09,True
O04917,2026-02-15,W04,8,2026-02-23,False
O04918,2026-02-03,W05,3,2026-02-06,True
O04919,2025-12-14,W03,8,2025-12-22,False
O04920,2026-03-12,W02,2,2026-03-14,True
O04921,2026-07-27,W02,1,2026-07-28,True
O04922,2026-01-10,W05,6,2026-01-16,False
O04923,2026-08-21,W01,8,2026-08-29,False
O04924,2026-01-16,W05,9,2026-01-25,False
O04925,2026-07-28,W04,10,2026-08-07,False
O04926,2026-05-28,W04,8,2026-06-05,False
O04927,2025-10-08,W02,2,2025-10-10,True
O04928,2025-10-15,W03,1,2025-10-16,True
O04929,2026-02-10,W02,7,2026-02-17,False
O04930,2026-07-28,W03,7,2026-08-04,False
O04931,2026-05-11,W05,3,2026-05-14,True
O04932,2026-02-16,W01,6,2026-02-22,False
O04933,2026-06-12,W04,7,2026-06-19,False
O04934,2026-06-01,W05,9,2026-06-10,False
O04935,2025-09-20,W02,1,2025-09-21,True
O04936,2026-04-27,W05,3,2026-04-30,True
O04937,2026-05-28,W01,5,2026-06-02,True
O04938,2026-07-07,W03,3,2026-07-10,True
O04939,2025-10-01,W01,8,2025-10-09,False
O04940,2026-07-11,W02,10,2026-07-21,False
O04941,2025-12-13,W01,6,2025-12-19,False
O04942,2026-02-17,W04,2,2026-02-19,True
O04943,2026-03-05,W01,1,2026-03-06,True
O04944,2026-01-06,W05,10,2026-01-16,False
O04945,2026-03-29,W03,5,2026-04-03,True
O04946,2026-06-08,W04,9,2026-06-17,False
O04947,2026-05-11,W04,10,2026-05-21,False
O04948,2025-09-19,W04,9,2025-09-28,False
O04949,2026-03-19,W02,1,2026-03-20,True
O04950,2026-04-08,W02,3,2026-04-11,True
O04951,2026-01-14,W05,6,2026-01-20,False
O04952,2026-04-11,W03,5,2026-04-16,True
O04953,2025-09-03,W01,4,2025-09-07,True
O04954,2026-04-24,W05,2,2026-04-26,True
O04955,2026-08-08,W02,4,2026-08-12,True
O04956,2026-04-16,W05,5,2026-04-21,True
O04957,2026-01-20,W03,2,2026-01-22,True
O04958,2025-09-09,W05,10,2025-09-19,False
O04959,2026-03-09,W04,1,2026-03-10,True
O04960,2026-08-16,W01,7,2026-08-23,False
O04961,2026-02-12,W02,7,2026-02-19,False
O04962,2026-01-17,W02,8,2026-01-25,False
O04963,2026-06-03,W03,10,2026-06-13,False
O04964,2026-06-18,W03,6,2026-06-24,False
O04965,2025-10-23,W03,1,2025-10-24,True
O04966,2026-02-22,W02,8,2026-03-02,False
O04967,2025-12-19,W04,2,2025-12-21,True
O04968,2026-03-22,W01,3,2026-03-25,True
O04969,2026-01-14,W03,8,2026-01-22,False
O04970,2025-09-04,W02,4,2025-09-08,True
O04971,2026-02-02,W04,5,2026-02-07,True
O04972,2026-02-19,W03,9,2026-02-28,False
O04973,2026-08-24,W03,7,2026-08-31,False
O04974,2025-10-17,W01,10,2025-10-27,False
O04975,2025-12-03,W01,7,2025-12-10,False
O04976,2025-10-18,W05,1,2025-10-19,True
O04977,2026-04-28,W03,1,2026-04-29,True
O04978,2026-08-13,W05,8,2026-08-21,False
O04979,2026-04-01,W02,10,2026-04-11,False
O04980,2026-08-06,W01,1,2026-08-07,True
O04981,2026-07-21,W04,10,2026-07-31,False
O04982,2026-01-17,W03,2,2026-01-19,True
O04983,2026-03-24,W03,4,2026-03-28,True
O04984,2025-11-12,W05,9,2025-11-21,False
O04985,2025-09-04,W01,7,2025-09-11,False
O04986,2025-11-15,W05,7,2025-11-22,False
O04987,2026-07-26,W03,10,2026-08-05,False
O04988,2025-11-16,W01,7,2025-11-23,False
O04989,2026-07-01,W03,5,2026-07-06,True
O04990,2026-05-14,W01,1,2026-05-15,True
O04991,2025-12-11,W03,5,2025-12-16,True
O04992,2025-12-15,W04,8,2025-12-23,False
O04993,2026-07-30,W05,7,2026-08-06,False
O04994,2025-10-09,W01,7,2025-10-16,False
O04995,2026-07-11,W05,2,2026-07-13,True
O04996,2026-06-02,W01,1,2026-06-03,True
O04997,2025-11-27,W01,4,2025-12-01,True
O04998,2026-03-30,W01,8,2026-04-07,False
O04999,2025-11-16,W03,1,2025-11-17,True
O05000,2025-11-16,W02,2,2025-11-18,True
